BRIDGE: topology cores=4 threads/core=2 total-threads=8
BRIDGE: active thread slots mask=11110000 (AJIT_ACTIVE_THREADS=4)
BRIDGE: using init_pc=0x00000000
Info: made icache number_of_lines=512, log_number_of_lines=9
Info: made dcache number_of_lines=512, log_number_of_lines=9
Info: made icache number_of_lines=512, log_number_of_lines=9
Info: made dcache number_of_lines=512, log_number_of_lines=9
Info: made icache number_of_lines=512, log_number_of_lines=9
Info: made dcache number_of_lines=512, log_number_of_lines=9
Info: made icache number_of_lines=512, log_number_of_lines=9
Info: made dcache number_of_lines=512, log_number_of_lines=9
BRIDGE[4]: inactive by active-slot mask
BRIDGE[5]: inactive by active-slot mask
BRIDGE[6]: inactive by active-slot mask
BRIDGE[7]: inactive by active-slot mask
Info: sitar L2 cache enabled lines=1024 associativity=8 sets=128 log_lines=10
SITAR-L2 read addr=0x00000000 bm=0xff data=0x0000000000000000 miss
SITAR-L2 read addr=0x00000000 bm=0xff data=0x0000000000000000 hit
SITAR-L2 read addr=0x00000008 bm=0xff data=0x0000000000000000 hit
SITAR-L2 read addr=0x00000008 bm=0xff data=0x0000000000000000 hit
SITAR-L2 read addr=0x00000010 bm=0xff data=0x0000000000000000 hit
SITAR-L2 read addr=0x00000010 bm=0xff data=0x0000000000000000 hit
SITAR-L2 read addr=0x00000018 bm=0xff data=0x0000000000000000 hit
SITAR-L2 read addr=0x00000018 bm=0xff data=0x0000000000000000 hit
SITAR-L2 read addr=0x00000020 bm=0xff data=0x0000000000000000 hit
SITAR-L2 read addr=0x00000020 bm=0xff data=0x0000000000000000 hit
SITAR-L2 read addr=0x00000028 bm=0xff data=0x0000000000000000 hit
SITAR-L2 read addr=0x00000028 bm=0xff data=0x0000000000000000 hit
SITAR-L2 read addr=0x00000030 bm=0xff data=0x0000000000000000 hit
SITAR-L2 read addr=0x00000030 bm=0xff data=0x0000000000000000 hit
SITAR-L2 read addr=0x00000038 bm=0xff data=0x0000000000000000 hit
BRIDGE[0]: real ajit_thread coroutine active
BRIDGE[1]: real ajit_thread coroutine active
SITAR-L2 read addr=0x00000038 bm=0xff data=0x0000000000000000 hit
BRIDGE[2]: real ajit_thread coroutine active
BRIDGE[3]: real ajit_thread coroutine active
SITAR-L2 read addr=0x00000040 bm=0xff data=0x0000000000000000 miss
SITAR-L2 read addr=0x00000040 bm=0xff data=0x0000000000000000 hit
SITAR-L2 read addr=0x00000048 bm=0xff data=0x0000000000000000 hit
SITAR-L2 read addr=0x00000048 bm=0xff data=0x0000000000000000 hit
SITAR-L2 read addr=0x00000050 bm=0xff data=0x0000000000000000 hit
SITAR-L2 read addr=0x00000050 bm=0xff data=0x0000000000000000 hit
SITAR-L2 read addr=0x00000058 bm=0xff data=0x0000000000000000 hit
SITAR-L2 read addr=0x00000058 bm=0xff data=0x0000000000000000 hit
SITAR-L2 read addr=0x00000060 bm=0xff data=0x0000000000000000 hit
SITAR-L2 read addr=0x00000060 bm=0xff data=0x0000000000000000 hit
SITAR-L2 read addr=0x00000068 bm=0xff data=0x0000000000000000 hit
SITAR-L2 read addr=0x00000068 bm=0xff data=0x0000000000000000 hit
SITAR-L2 read addr=0x00000070 bm=0xff data=0x0000000000000000 hit
SITAR-L2 read addr=0x00000070 bm=0xff data=0x0000000000000000 hit
SITAR-L2 read addr=0x00000078 bm=0xff data=0x0000000000000000 hit
SITAR-L2 read addr=0x00000078 bm=0xff data=0x0000000000000000 hit
SITAR-L2 read addr=0x00007400 bm=0xff data=0x0000000000000000 miss
SITAR-L2 read addr=0x00000080 bm=0xff data=0x0000000000000000 miss
SITAR-L2 read addr=0x00007408 bm=0xff data=0x0000000000000000 hit
SITAR-L2 read addr=0x00000088 bm=0xff data=0x0000000000000000 hit
SITAR-L2 read addr=0x00007410 bm=0xff data=0x0000000000000000 hit
SITAR-L2 read addr=0x00000090 bm=0xff data=0x0000000000000000 hit
SITAR-L2 read addr=0x00007418 bm=0xff data=0x0000000000000000 hit
SITAR-L2 read addr=0x00000098 bm=0xff data=0x0000000000000000 hit
SITAR-L2 read addr=0x00007420 bm=0xff data=0x0000000000000000 hit
SITAR-L2 read addr=0x000000a0 bm=0xff data=0x0000000000000000 hit
SITAR-L2 read addr=0x00007428 bm=0xff data=0x0000000000000000 hit
SITAR-L2 read addr=0x000000a8 bm=0xff data=0x0000000000000000 hit
SITAR-L2 read addr=0x00007430 bm=0xff data=0x0000000000000000 hit
SITAR-L2 read addr=0x000000b0 bm=0xff data=0x0000000000000000 hit
SITAR-L2 read addr=0x00007438 bm=0xff data=0x0000000000000000 hit
SITAR-L2 read addr=0x000000b8 bm=0xff data=0x0000000000000000 hit
SITAR-L2 read addr=0x00000080 bm=0xff data=0x0000000000000000 hit
SITAR-L2 read addr=0x000000c0 bm=0xff data=0x0000000000000000 miss
SITAR-L2 read addr=0x00000088 bm=0xff data=0x0000000000000000 hit
SITAR-L2 read addr=0x000000c8 bm=0xff data=0x0000000000000000 hit
SITAR-L2 read addr=0x00000090 bm=0xff data=0x0000000000000000 hit
SITAR-L2 read addr=0x000000d0 bm=0xff data=0x0000000000000000 hit
SITAR-L2 read addr=0x00000098 bm=0xff data=0x0000000000000000 hit
SITAR-L2 read addr=0x000000d8 bm=0xff data=0x0000000000000000 hit
SITAR-L2 read addr=0x000000a0 bm=0xff data=0x0000000000000000 hit
SITAR-L2 read addr=0x000000e0 bm=0xff data=0x0000000000000000 hit
SITAR-L2 read addr=0x000000a8 bm=0xff data=0x0000000000000000 hit
SITAR-L2 read addr=0x000000e8 bm=0xff data=0x0000000000000000 hit
SITAR-L2 read addr=0x000000b0 bm=0xff data=0x0000000000000000 hit
SITAR-L2 read addr=0x000000f0 bm=0xff data=0x0000000000000000 hit
SITAR-L2 read addr=0x000000b8 bm=0xff data=0x0000000000000000 hit
SITAR-L2 read addr=0x000000f8 bm=0xff data=0x0000000000000000 hit
SITAR-L2 write addr=0x00007800 bm=0xf0 data=0x0000008e00000000 miss
SITAR-L2 read addr=0x00000178 bm=0xff data=0x0000008e00000000 miss
SITAR-L2 read addr=0x000000c0 bm=0xff data=0x0000008e00000000 hit
SITAR-L2 read addr=0x00000178 bm=0xff data=0x0000008e00000000 hit
SITAR-L2 read addr=0x000000c8 bm=0xff data=0x0000008e00000000 hit
SITAR-L2 read addr=0x00000178 bm=0xff data=0x0000008e00000000 hit
SITAR-L2 read addr=0x000000d0 bm=0xff data=0x0000008e00000000 hit
SITAR-L2 read addr=0x00000178 bm=0xff data=0x0000008e00000000 hit
SITAR-L2 read addr=0x000000d8 bm=0xff data=0x0000008e00000000 hit
SITAR-L2 read addr=0x00000178 bm=0xff data=0x0000008e00000000 hit
SITAR-L2 read addr=0x000000e0 bm=0xff data=0x0000008e00000000 hit
SITAR-L2 read addr=0x00000178 bm=0xff data=0x0000008e00000000 hit
SITAR-L2 read addr=0x000000e8 bm=0xff data=0x0000008e00000000 hit
SITAR-L2 read addr=0x00000178 bm=0xff data=0x0000008e00000000 hit
SITAR-L2 read addr=0x000000f0 bm=0xff data=0x0000008e00000000 hit
SITAR-L2 read addr=0x00000178 bm=0xff data=0x0000008e00000000 hit
SITAR-L2 read addr=0x000000f8 bm=0xff data=0x0000008e00000000 hit
SITAR-L2 read addr=0x00000178 bm=0xff data=0x0000008e00000000 hit
SITAR-L2 read addr=0x00000178 bm=0xff data=0x0000008e00000000 hit
SITAR-L2 read addr=0x00000178 bm=0xff data=0x0000008e00000000 hit
SITAR-L2 write addr=0x00000178 bm=0xf0 data=0x0000000100000000 hit
SITAR-L2 read addr=0x00000178 bm=0xff data=0x0000000100000000 hit
SITAR-L2 read addr=0x00000178 bm=0xff data=0x0000000100000000 hit
SITAR-L2 read addr=0x00000178 bm=0xff data=0x0000000100000000 hit
SITAR-L2 read addr=0x00000178 bm=0xff data=0x0000000100000000 hit
SITAR-L2 read addr=0x00007400 bm=0xff data=0x0000000100000000 hit
SITAR-L2 read addr=0x00007440 bm=0xff data=0x0000000100000000 miss
SITAR-L2 read addr=0x00007408 bm=0xff data=0x0000000100000000 hit
SITAR-L2 read addr=0x00007448 bm=0xff data=0x0000000100000000 hit
SITAR-L2 read addr=0x00007410 bm=0xff data=0x0000000100000000 hit
SITAR-L2 read addr=0x00007450 bm=0xff data=0x0000000100000000 hit
SITAR-L2 read addr=0x00007418 bm=0xff data=0x0000000100000000 hit
SITAR-L2 read addr=0x00007458 bm=0xff data=0x0000000100000000 hit
SITAR-L2 read addr=0x00007420 bm=0xff data=0x0000000100000000 hit
SITAR-L2 read addr=0x00007460 bm=0xff data=0x0000000100000000 hit
SITAR-L2 read addr=0x00007428 bm=0xff data=0x0000000100000000 hit
SITAR-L2 read addr=0x00007468 bm=0xff data=0x0000000100000000 hit
SITAR-L2 read addr=0x00007430 bm=0xff data=0x0000000100000000 hit
SITAR-L2 read addr=0x00007470 bm=0xff data=0x0000000100000000 hit
SITAR-L2 read addr=0x00007438 bm=0xff data=0x0000000100000000 hit
SITAR-L2 read addr=0x00007478 bm=0xff data=0x0000000100000000 hit
SITAR-L2 read addr=0x00007440 bm=0xff data=0x0000000100000000 hit
SITAR-L2 read addr=0x00007800 bm=0xff data=0x0000000100000000 hit
SITAR-L2 read addr=0x00007448 bm=0xff data=0x0000000100000000 hit
SITAR-L2 read addr=0x00000100 bm=0xff data=0x0000000100000000 miss
SITAR-L2 read addr=0x00007450 bm=0xff data=0x0000000100000000 hit
SITAR-L2 read addr=0x00000108 bm=0xff data=0x0000000100000000 hit
SITAR-L2 read addr=0x00007458 bm=0xff data=0x0000000100000000 hit
SITAR-L2 read addr=0x00000110 bm=0xff data=0x0000000100000000 hit
SITAR-L2 read addr=0x00007460 bm=0xff data=0x0000000100000000 hit
SITAR-L2 read addr=0x00000118 bm=0xff data=0x0000000100000000 hit
SITAR-L2 read addr=0x00007468 bm=0xff data=0x0000000100000000 hit
SITAR-L2 read addr=0x00000120 bm=0xff data=0x0000000100000000 hit
SITAR-L2 read addr=0x00007470 bm=0xff data=0x0000000100000000 hit
SITAR-L2 read addr=0x00000128 bm=0xff data=0x0000000100000000 hit
SITAR-L2 read addr=0x00007478 bm=0xff data=0x0000000100000000 hit
SITAR-L2 read addr=0x00000130 bm=0xff data=0x0000000100000000 hit
SITAR-L2 read addr=0x00000138 bm=0xff data=0x0000000100000000 hit
SITAR-L2 read addr=0x00000100 bm=0xff data=0x0000000100000000 hit
SITAR-L2 read addr=0x00000108 bm=0xff data=0x0000000100000000 hit
SITAR-L2 read addr=0x00000140 bm=0xff data=0x0000000100000000 hit
SITAR-L2 read addr=0x00000110 bm=0xff data=0x0000000100000000 hit
SITAR-L2 read addr=0x00000148 bm=0xff data=0x0000000100000000 hit
SITAR-L2 read addr=0x00000118 bm=0xff data=0x0000000100000000 hit
SITAR-L2 read addr=0x00000150 bm=0xff data=0x0000000100000000 hit
SITAR-L2 read addr=0x00000120 bm=0xff data=0x0000000100000000 hit
SITAR-L2 read addr=0x00000158 bm=0xff data=0x0000000100000000 hit
SITAR-L2 read addr=0x00000128 bm=0xff data=0x0000000100000000 hit
SITAR-L2 read addr=0x00000160 bm=0xff data=0x0000000100000000 hit
SITAR-L2 read addr=0x00000130 bm=0xff data=0x0000000100000000 hit
SITAR-L2 read addr=0x00000168 bm=0xff data=0x0000000100000000 hit
SITAR-L2 read addr=0x00000138 bm=0xff data=0x0000000100000000 hit
SITAR-L2 read addr=0x00000170 bm=0xff data=0x0000000100000000 hit
SITAR-L2 read addr=0x00000178 bm=0xff data=0x0000000100000000 hit
SITAR-L2 read addr=0x000061c0 bm=0xff data=0x0000000100000000 miss
SITAR-L2 read addr=0x00006180 bm=0xff data=0x0000000100000000 miss
SITAR-L2 read addr=0x000061c8 bm=0xff data=0x0000000100000000 hit
SITAR-L2 read addr=0x00006188 bm=0xff data=0x0000000100000000 hit
SITAR-L2 read addr=0x000061d0 bm=0xff data=0x0000000100000000 hit
SITAR-L2 read addr=0x00006190 bm=0xff data=0x0000000100000000 hit
SITAR-L2 read addr=0x000061d8 bm=0xff data=0x0000000100000000 hit
SITAR-L2 read addr=0x00006198 bm=0xff data=0x0000000100000000 hit
SITAR-L2 read addr=0x000061e0 bm=0xff data=0x0000000100000000 hit
SITAR-L2 read addr=0x000061a0 bm=0xff data=0x0000000100000000 hit
SITAR-L2 read addr=0x000061e8 bm=0xff data=0x0000000100000000 hit
SITAR-L2 read addr=0x000061a8 bm=0xff data=0x0000000100000000 hit
SITAR-L2 read addr=0x000061f0 bm=0xff data=0x0000000100000000 hit
SITAR-L2 read addr=0x000061b0 bm=0xff data=0x0000000100000000 hit
SITAR-L2 read addr=0x000061f8 bm=0xff data=0x0000000100000000 hit
SITAR-L2 read addr=0x000061b8 bm=0xff data=0x0000000100000000 hit
BRIDGE-TA0 t1 c0 sim=2309 pc=0x0000017c npc=0x00000180
BRIDGE-REGS-TA0 t1 c0 cwp=0 psr=0x009010e0 wim=0x00000002 tbr=0x00008000 y=0x00000000 pc=0x0000017c npc=0x00000180 fpsr=0x00000000 trap=0x00800001 ticc=0x00 asi=0x20
BRIDGE-REGS-TA0 t1 g0=0x00000000 g1=0x00007800 g2=0x00000781 g3=0x00000100 g4=0x5e963896 g5=0x00000000 g6=0x1dd6d6f4 g7=0x769a091f
BRIDGE-REGS-TA0 t1 o0=0x00000001 o1=0x777a4eaa o2=0x3f48b982 o3=0x46ba8fca o4=0x7835626c o5=0x665aca49 o6=0x6835b2ae o7=0x000000dc
BRIDGE-REGS-TA0 t1 l0=0x00008000 l1=0x50520001 l2=0x50520300 l3=0x298a92ba l4=0x6fe95eac l5=0x4b697c7a l6=0x00000178 l7=0x00000001
BRIDGE-REGS-TA0 t1 i0=0x00000001 i1=0x65bf9da8 i2=0x21a2ecca i3=0x4d5c4899 i4=0x3c3b72b2 i5=0x155ec4c2 i6=0x65d2a137 i7=0x6ebb1f2a
BRIDGE-REGS-TA0 t1 asr0=0x00000000 asr1=0x00000000 asr2=0x00000000 asr3=0x00000000 asr4=0x00000000 asr5=0x00000000 asr6=0x00000000 asr7=0x00000000
BRIDGE-REGS-TA0 t1 asr8=0x00000000 asr9=0x00000000 asr10=0x00000000 asr11=0x00000000 asr12=0x00000000 asr13=0x00000000 asr14=0x00000000 asr15=0x00000000
BRIDGE-REGS-TA0 t1 asr16=0x00000000 asr17=0x00000000 asr18=0x00000000 asr19=0x00000000 asr20=0x00000000 asr21=0x00000000 asr22=0x00000000 asr23=0x00000000
BRIDGE-REGS-TA0 t1 asr24=0x00000000 asr25=0x00000000 asr26=0x00000000 asr27=0x00000000 asr28=0x00000005 asr29=0x50520001 asr30=0x00000000 asr31=0x00000000
BRIDGE-REGS-TA0 t1 f0=0x13e21002 f1=0x257d63f4 f2=0x70ec11b2 f3=0x2eda00ed f4=0x73209072 f5=0x5fb29816 f6=0x3ce732ec f7=0x22f13df3
BRIDGE-REGS-TA0 t1 f8=0x792b8401 f9=0x0fa85f4d f10=0x6ece91f0 f11=0x4fc4d600 f12=0x5bfd4210 f13=0x76574f8b f14=0x178f7b67 f15=0x2421dfcf
BRIDGE-REGS-TA0 t1 f16=0x1565ac99 f17=0x19fb2650 f18=0x5024de5b f19=0x168efe17 f20=0x1036b29f f21=0x1d206b8e f22=0x7934d3d4 f23=0x01c65e98
BRIDGE-REGS-TA0 t1 f24=0x1495e50a f25=0x0f5bcf61 f26=0x3b1dd403 f27=0x530386d1 f28=0x7525f2bc f29=0x0ce8e1a7 f30=0x4e9efb0d f31=0x090802be
SITAR-L2 read addr=0x00006400 bm=0xff data=0x0000000100000000 miss
SITAR-L2 read addr=0x00008800 bm=0xff data=0x0000000100000000 miss
SITAR-L2 read addr=0x00006408 bm=0xff data=0x0000000100000000 hit
SITAR-L2 read addr=0x00008808 bm=0xff data=0x0000000100000000 hit
SITAR-L2 read addr=0x00006410 bm=0xff data=0x0000000100000000 hit
SITAR-L2 read addr=0x00008810 bm=0xff data=0x0000000100000000 hit
SITAR-L2 read addr=0x00006418 bm=0xff data=0x0000000100000000 hit
SITAR-L2 read addr=0x00008818 bm=0xff data=0x0000000100000000 hit
SITAR-L2 read addr=0x00006420 bm=0xff data=0x0000000100000000 hit
SITAR-L2 read addr=0x00008820 bm=0xff data=0x0000000100000000 hit
SITAR-L2 read addr=0x00006428 bm=0xff data=0x0000000100000000 hit
SITAR-L2 read addr=0x00008828 bm=0xff data=0x0000000100000000 hit
SITAR-L2 read addr=0x00006430 bm=0xff data=0x0000000100000000 hit
SITAR-L2 read addr=0x00008830 bm=0xff data=0x0000000100000000 hit
SITAR-L2 read addr=0x00006438 bm=0xff data=0x0000000100000000 hit
SITAR-L2 read addr=0x00008838 bm=0xff data=0x0000000100000000 hit
SITAR-L2 read addr=0x00006440 bm=0xff data=0x0000000100000000 miss
SITAR-L2 read addr=0x00006400 bm=0xff data=0x0000000100000000 hit
SITAR-L2 read addr=0x00006448 bm=0xff data=0x0000000100000000 hit
SITAR-L2 read addr=0x00006408 bm=0xff data=0x0000000100000000 hit
SITAR-L2 read addr=0x00006450 bm=0xff data=0x0000000100000000 hit
SITAR-L2 read addr=0x00006410 bm=0xff data=0x0000000100000000 hit
SITAR-L2 read addr=0x00006458 bm=0xff data=0x0000000100000000 hit
SITAR-L2 read addr=0x00006418 bm=0xff data=0x0000000100000000 hit
SITAR-L2 read addr=0x00006460 bm=0xff data=0x0000000100000000 hit
SITAR-L2 read addr=0x00006420 bm=0xff data=0x0000000100000000 hit
SITAR-L2 read addr=0x00006468 bm=0xff data=0x0000000100000000 hit
SITAR-L2 read addr=0x00006428 bm=0xff data=0x0000000100000000 hit
SITAR-L2 read addr=0x00006470 bm=0xff data=0x0000000100000000 hit
SITAR-L2 read addr=0x00006430 bm=0xff data=0x0000000100000000 hit
SITAR-L2 read addr=0x00006478 bm=0xff data=0x0000000100000000 hit
SITAR-L2 read addr=0x00006438 bm=0xff data=0x0000000100000000 hit
SITAR-L2 write addr=0xffffefdc bm=0x0f data=0x0000000000000001 miss
SITAR-L2 read addr=0x00006440 bm=0xff data=0x0000000000000001 hit
SITAR-L2 read addr=0xffffefc0 bm=0xff data=0x0000000000000001 hit
SITAR-L2 read addr=0x00006448 bm=0xff data=0x0000000000000001 hit
SITAR-L2 read addr=0xffffefc8 bm=0xff data=0x0000000000000001 hit
SITAR-L2 read addr=0x00006450 bm=0xff data=0x0000000000000001 hit
SITAR-L2 read addr=0xffffefd0 bm=0xff data=0x0000000000000001 hit
SITAR-L2 read addr=0x00006458 bm=0xff data=0x0000000000000001 hit
SITAR-L2 read addr=0xffffefd8 bm=0xff data=0x0000000000000001 hit
SITAR-L2 read addr=0x00006460 bm=0xff data=0x0000000000000001 hit
SITAR-L2 read addr=0xffffefe0 bm=0xff data=0x0000000000000001 hit
SITAR-L2 read addr=0x00006468 bm=0xff data=0x0000000000000001 hit
SITAR-L2 read addr=0xffffefe8 bm=0xff data=0x0000000000000001 hit
SITAR-L2 read addr=0x00006470 bm=0xff data=0x0000000000000001 hit
SITAR-L2 read addr=0xffffeff0 bm=0xff data=0x0000000000000001 hit
SITAR-L2 read addr=0x00006478 bm=0xff data=0x0000000000000001 hit
SITAR-L2 read addr=0xffffeff8 bm=0xff data=0x0000000000000001 hit
SITAR-L2 write addr=0x5051ffd8 bm=0x0f data=0x0000000000000000 miss
SITAR-L2 read addr=0x00000140 bm=0xff data=0x0000000000000000 hit
SITAR-L2 read addr=0x5051ffc0 bm=0xff data=0x0000000000000000 hit
SITAR-L2 read addr=0x00000148 bm=0xff data=0x0000000000000000 hit
SITAR-L2 read addr=0x5051ffc8 bm=0xff data=0x0000000000000000 hit
SITAR-L2 read addr=0x00000150 bm=0xff data=0x0000000000000000 hit
SITAR-L2 read addr=0x5051ffd0 bm=0xff data=0x0000000000000000 hit
SITAR-L2 read addr=0x00000158 bm=0xff data=0x0000000000000000 hit
SITAR-L2 read addr=0x5051ffd8 bm=0xff data=0x0000000000000000 hit
SITAR-L2 read addr=0x00000160 bm=0xff data=0x0000000000000000 hit
SITAR-L2 read addr=0x5051ffe0 bm=0xff data=0x0000000000000000 hit
SITAR-L2 read addr=0x00000168 bm=0xff data=0x0000000000000000 hit
SITAR-L2 read addr=0x5051ffe8 bm=0xff data=0x0000000000000000 hit
SITAR-L2 read addr=0x00000170 bm=0xff data=0x0000000000000000 hit
SITAR-L2 read addr=0x5051fff0 bm=0xff data=0x0000000000000000 hit
SITAR-L2 read addr=0x00000178 bm=0xff data=0x0000000000000000 hit
SITAR-L2 read addr=0x5051fff8 bm=0xff data=0x0000000000000000 hit
BRIDGE-TA0 t3 c1 sim=3349 pc=0x0000017c npc=0x00000180
BRIDGE-REGS-TA0 t3 c1 cwp=0 psr=0x009010e0 wim=0x00000002 tbr=0x00008000 y=0x00000000 pc=0x0000017c npc=0x00000180 fpsr=0x00000000 trap=0x00800001 ticc=0x00 asi=0x20
BRIDGE-REGS-TA0 t3 g0=0x00000000 g1=0x00007800 g2=0x00000781 g3=0x00000100 g4=0x1cc11c37 g5=0x00000000 g6=0x72d2b579 g7=0x6c0be536
BRIDGE-REGS-TA0 t3 o0=0x00000001 o1=0x3565f1c8 o2=0x5ea6d896 o3=0x3d096bbf o4=0x0bd6d5b5 o5=0x3b52115c o6=0x787aa59c o7=0x000000dc
BRIDGE-REGS-TA0 t3 l0=0x00008000 l1=0x50520101 l2=0x50520300 l3=0x2395a7ff l4=0x3965eb66 l5=0x3aa88b3c l6=0x00000178 l7=0x00000001
BRIDGE-REGS-TA0 t3 i0=0x00000001 i1=0x41e690cf i2=0x7c6489b6 i3=0x53ae65de i4=0x527f603d i5=0x7e13d013 i6=0x663bfe95 i7=0x31e0986f
BRIDGE-REGS-TA0 t3 asr0=0x00000000 asr1=0x00000000 asr2=0x00000000 asr3=0x00000000 asr4=0x00000000 asr5=0x00000000 asr6=0x00000000 asr7=0x00000000
BRIDGE-REGS-TA0 t3 asr8=0x00000000 asr9=0x00000000 asr10=0x00000000 asr11=0x00000000 asr12=0x00000000 asr13=0x00000000 asr14=0x00000000 asr15=0x00000000
BRIDGE-REGS-TA0 t3 asr16=0x00000000 asr17=0x00000000 asr18=0x00000000 asr19=0x00000000 asr20=0x00000000 asr21=0x00000000 asr22=0x00000000 asr23=0x00000000
BRIDGE-REGS-TA0 t3 asr24=0x00000000 asr25=0x00000000 asr26=0x00000000 asr27=0x00000000 asr28=0x00000005 asr29=0x50520101 asr30=0x00000000 asr31=0x00000000
BRIDGE-REGS-TA0 t3 f0=0x5fa54049 f1=0x2cbe7670 f2=0x5d86cf11 f3=0x69ef4674 f4=0x68abefb0 f5=0x326c3c76 f6=0x58a36fca f7=0x129b95f2
BRIDGE-REGS-TA0 t3 f8=0x309fb9ab f9=0x782ff375 f10=0x2b8fa025 f11=0x40f9991c f12=0x052192ad f13=0x7670d608 f14=0x48b6b6eb f15=0x0fb37489
BRIDGE-REGS-TA0 t3 f16=0x08a75f95 f17=0x2b27bf4d f18=0x0e5cbeb4 f19=0x297bfd38 f20=0x0d9a50ed f21=0x20daabd1 f22=0x71b563e3 f23=0x741a191e
BRIDGE-REGS-TA0 t3 f24=0x55886153 f25=0x3e6af287 f26=0x2d7cb919 f27=0x4781ac2f f28=0x666aa3e1 f29=0x32089e8c f30=0x5bac6c9c f31=0x460fe42b
SITAR-L2 write addr=0xffffef90 bm=0xf0 data=0x0000000000000000 miss
SITAR-L2 write addr=0x5051ff90 bm=0xf0 data=0x0000000000000000 miss
SITAR-L2 read addr=0xffffef80 bm=0xff data=0x0000000000000000 hit
SITAR-L2 read addr=0x5051ff80 bm=0xff data=0x0000000000000000 hit
SITAR-L2 read addr=0xffffef88 bm=0xff data=0x0000000000000000 hit
SITAR-L2 read addr=0x5051ff88 bm=0xff data=0x0000000000000000 hit
SITAR-L2 read addr=0xffffef90 bm=0xff data=0x0000000000000000 hit
SITAR-L2 read addr=0x5051ff90 bm=0xff data=0x0000000000000000 hit
SITAR-L2 read addr=0xffffef98 bm=0xff data=0x0000000000000000 hit
SITAR-L2 read addr=0x5051ff98 bm=0xff data=0x0000000000000000 hit
SITAR-L2 read addr=0xffffefa0 bm=0xff data=0x0000000000000000 hit
SITAR-L2 read addr=0x5051ffa0 bm=0xff data=0x0000000000000000 hit
SITAR-L2 read addr=0xffffefa8 bm=0xff data=0x0000000000000000 hit
SITAR-L2 read addr=0x5051ffa8 bm=0xff data=0x0000000000000000 hit
SITAR-L2 read addr=0xffffefb0 bm=0xff data=0x0000000000000000 hit
SITAR-L2 read addr=0x5051ffb0 bm=0xff data=0x0000000000000000 hit
SITAR-L2 read addr=0xffffefb8 bm=0xff data=0x0000000000000000 hit
SITAR-L2 read addr=0x5051ffb8 bm=0xff data=0x0000000000000000 hit
SITAR-L2 read addr=0x00008800 bm=0xff data=0x0000000000000000 hit
SITAR-L2 write addr=0x5051ff90 bm=0x0f data=0x0000000000000000 hit
SITAR-L2 read addr=0x00008808 bm=0xff data=0x0000000000000000 hit
SITAR-L2 read addr=0x00008810 bm=0xff data=0x0000000000000000 hit
SITAR-L2 read addr=0x00006480 bm=0xff data=0x0000000000000000 miss
SITAR-L2 read addr=0x00008818 bm=0xff data=0x0000000000000000 hit
SITAR-L2 read addr=0x00006488 bm=0xff data=0x0000000000000000 hit
SITAR-L2 read addr=0x00008820 bm=0xff data=0x0000000000000000 hit
SITAR-L2 read addr=0x00006490 bm=0xff data=0x0000000000000000 hit
SITAR-L2 read addr=0x00008828 bm=0xff data=0x0000000000000000 hit
SITAR-L2 read addr=0x00006498 bm=0xff data=0x0000000000000000 hit
SITAR-L2 read addr=0x00008830 bm=0xff data=0x0000000000000000 hit
SITAR-L2 read addr=0x000064a0 bm=0xff data=0x0000000000000000 hit
SITAR-L2 read addr=0x00008838 bm=0xff data=0x0000000000000000 hit
SITAR-L2 read addr=0x000064a8 bm=0xff data=0x0000000000000000 hit
SITAR-L2 write addr=0xffffef94 bm=0x0f data=0x0000000000000001 hit
SITAR-L2 read addr=0x000064b0 bm=0xff data=0x0000000000000001 hit
SITAR-L2 read addr=0x000064b8 bm=0xff data=0x0000000000000001 hit
SITAR-L2 read addr=0x00006480 bm=0xff data=0x0000000000000001 hit
SITAR-L2 read addr=0x00006488 bm=0xff data=0x0000000000000001 hit
SITAR-L2 write addr=0x400000f8 bm=0x0f data=0x0000000000000000 miss
SITAR-L2 read addr=0x00006490 bm=0xff data=0x0000000000000000 hit
SITAR-L2 read addr=0x400000c0 bm=0xff data=0x0000000000000000 hit
SITAR-L2 read addr=0x00006498 bm=0xff data=0x0000000000000000 hit
SITAR-L2 read addr=0x400000c8 bm=0xff data=0x0000000000000000 hit
SITAR-L2 read addr=0x000064a0 bm=0xff data=0x0000000000000000 hit
SITAR-L2 read addr=0x400000d0 bm=0xff data=0x0000000000000000 hit
SITAR-L2 read addr=0x000064a8 bm=0xff data=0x0000000000000000 hit
SITAR-L2 read addr=0x400000d8 bm=0xff data=0x0000000000000000 hit
SITAR-L2 read addr=0x000064b0 bm=0xff data=0x0000000000000000 hit
SITAR-L2 read addr=0x400000e0 bm=0xff data=0x0000000000000000 hit
SITAR-L2 read addr=0x000064b8 bm=0xff data=0x0000000000000000 hit
SITAR-L2 read addr=0x400000e8 bm=0xff data=0x0000000000000000 hit
SITAR-L2 read addr=0x400000f0 bm=0xff data=0x0000000000000000 hit
SITAR-L2 write addr=0x40000100 bm=0xf0 data=0x0000000100000000 miss
SITAR-L2 read addr=0x400000f8 bm=0xff data=0x0000000100000000 hit
SITAR-L2 read addr=0x40000100 bm=0xff data=0x0000000100000000 hit
SITAR-L2 write addr=0x5051ff90 bm=0x0f data=0x0000000000000004 hit
SITAR-L2 read addr=0x40000108 bm=0xff data=0x0000000000000004 hit
SITAR-L2 read addr=0x40000110 bm=0xff data=0x0000000000000004 hit
SITAR-L2 write addr=0x40000108 bm=0x0f data=0x0000000000000004 hit
SITAR-L2 read addr=0x40000118 bm=0xff data=0x0000000000000004 hit
SITAR-L2 read addr=0x40000100 bm=0xff data=0x0000000000000004 hit
SITAR-L2 read addr=0x40000120 bm=0xff data=0x0000000000000004 hit
SITAR-L2 read addr=0x40000108 bm=0xff data=0x0000000000000004 hit
SITAR-L2 read addr=0x40000128 bm=0xff data=0x0000000000000004 hit
SITAR-L2 read addr=0x40000110 bm=0xff data=0x0000000000000004 hit
SITAR-L2 read addr=0x40000130 bm=0xff data=0x0000000000000004 hit
SITAR-L2 read addr=0x40000118 bm=0xff data=0x0000000000000004 hit
SITAR-L2 read addr=0x40000138 bm=0xff data=0x0000000000000004 hit
SITAR-L2 read addr=0x40000120 bm=0xff data=0x0000000000000004 hit
SITAR-L2 write addr=0xffffef94 bm=0x0f data=0x0000000000000005 hit
SITAR-L2 read addr=0x40000128 bm=0xff data=0x0000000000000005 hit
SITAR-L2 read addr=0x40000130 bm=0xff data=0x0000000000000005 hit
SITAR-L2 write addr=0x40000110 bm=0xf0 data=0x0000000500000000 hit
SITAR-L2 read addr=0x40000138 bm=0xff data=0x0000000500000000 hit
SITAR-L2 read addr=0x40000100 bm=0xff data=0x0000000500000000 hit
SITAR-L2 write addr=0x5051ff90 bm=0x0f data=0x0000000000000008 hit
SITAR-L2 read addr=0x40000108 bm=0xff data=0x0000000000000008 hit
SITAR-L2 read addr=0x40000110 bm=0xff data=0x0000000000000008 hit
SITAR-L2 write addr=0x40000118 bm=0x0f data=0x0000000000000008 hit
SITAR-L2 read addr=0x40000118 bm=0xff data=0x0000000000000008 hit
SITAR-L2 read addr=0x40000100 bm=0xff data=0x0000000000000008 hit
SITAR-L2 read addr=0x40000120 bm=0xff data=0x0000000000000008 hit
SITAR-L2 read addr=0x40000108 bm=0xff data=0x0000000000000008 hit
SITAR-L2 read addr=0x40000128 bm=0xff data=0x0000000000000008 hit
SITAR-L2 read addr=0x40000110 bm=0xff data=0x0000000000000008 hit
SITAR-L2 read addr=0x40000130 bm=0xff data=0x0000000000000008 hit
SITAR-L2 read addr=0x40000118 bm=0xff data=0x0000000000000008 hit
SITAR-L2 read addr=0x40000138 bm=0xff data=0x0000000000000008 hit
SITAR-L2 read addr=0x40000120 bm=0xff data=0x0000000000000008 hit
SITAR-L2 write addr=0xffffef94 bm=0x0f data=0x0000000000000009 hit
SITAR-L2 read addr=0x40000128 bm=0xff data=0x0000000000000009 hit
SITAR-L2 read addr=0x40000130 bm=0xff data=0x0000000000000009 hit
SITAR-L2 write addr=0x40000120 bm=0xf0 data=0x0000000900000000 hit
SITAR-L2 read addr=0x40000138 bm=0xff data=0x0000000900000000 hit
SITAR-L2 read addr=0x40000100 bm=0xff data=0x0000000900000000 hit
SITAR-L2 write addr=0x5051ff90 bm=0x0f data=0x000000000000000c hit
SITAR-L2 read addr=0x40000108 bm=0xff data=0x000000000000000c hit
SITAR-L2 read addr=0x40000110 bm=0xff data=0x000000000000000c hit
SITAR-L2 write addr=0x40000128 bm=0x0f data=0x000000000000000c hit
SITAR-L2 read addr=0x40000118 bm=0xff data=0x000000000000000c hit
SITAR-L2 read addr=0x40000100 bm=0xff data=0x000000000000000c hit
SITAR-L2 read addr=0x40000120 bm=0xff data=0x000000000000000c hit
SITAR-L2 read addr=0x40000108 bm=0xff data=0x000000000000000c hit
SITAR-L2 read addr=0x40000128 bm=0xff data=0x000000000000000c hit
SITAR-L2 read addr=0x40000110 bm=0xff data=0x000000000000000c hit
SITAR-L2 read addr=0x40000130 bm=0xff data=0x000000000000000c hit
SITAR-L2 read addr=0x40000118 bm=0xff data=0x000000000000000c hit
SITAR-L2 read addr=0x40000138 bm=0xff data=0x000000000000000c hit
SITAR-L2 read addr=0x40000120 bm=0xff data=0x000000000000000c hit
SITAR-L2 write addr=0xffffef94 bm=0x0f data=0x000000000000000d hit
SITAR-L2 read addr=0x40000128 bm=0xff data=0x000000000000000d hit
SITAR-L2 read addr=0x40000130 bm=0xff data=0x000000000000000d hit
SITAR-L2 write addr=0x40000130 bm=0xf0 data=0x0000000d00000000 hit
SITAR-L2 read addr=0x40000138 bm=0xff data=0x0000000d00000000 hit
SITAR-L2 read addr=0x40000100 bm=0xff data=0x0000000d00000000 hit
SITAR-L2 write addr=0x5051ff90 bm=0x0f data=0x0000000000000010 hit
SITAR-L2 read addr=0x40000108 bm=0xff data=0x0000000000000010 hit
SITAR-L2 read addr=0x40000110 bm=0xff data=0x0000000000000010 hit
SITAR-L2 write addr=0x40000138 bm=0x0f data=0x0000000000000010 hit
SITAR-L2 read addr=0x40000118 bm=0xff data=0x0000000000000010 hit
SITAR-L2 read addr=0x40000100 bm=0xff data=0x0000000000000010 hit
SITAR-L2 read addr=0x40000120 bm=0xff data=0x0000000000000010 hit
SITAR-L2 read addr=0x40000108 bm=0xff data=0x0000000000000010 hit
SITAR-L2 read addr=0x40000128 bm=0xff data=0x0000000000000010 hit
SITAR-L2 read addr=0x40000110 bm=0xff data=0x0000000000000010 hit
SITAR-L2 read addr=0x40000130 bm=0xff data=0x0000000000000010 hit
SITAR-L2 read addr=0x40000118 bm=0xff data=0x0000000000000010 hit
SITAR-L2 read addr=0x40000138 bm=0xff data=0x0000000000000010 hit
SITAR-L2 read addr=0x40000120 bm=0xff data=0x0000000000000010 hit
SITAR-L2 write addr=0xffffef94 bm=0x0f data=0x0000000000000011 hit
SITAR-L2 read addr=0x40000128 bm=0xff data=0x0000000000000011 hit
SITAR-L2 read addr=0x40000130 bm=0xff data=0x0000000000000011 hit
SITAR-L2 write addr=0x40000140 bm=0xf0 data=0x0000001100000000 miss
SITAR-L2 read addr=0x40000138 bm=0xff data=0x0000001100000000 hit
SITAR-L2 read addr=0x40000140 bm=0xff data=0x0000001100000000 hit
SITAR-L2 write addr=0x5051ff90 bm=0x0f data=0x0000000000000014 hit
SITAR-L2 read addr=0x40000148 bm=0xff data=0x0000000000000014 hit
SITAR-L2 read addr=0x40000150 bm=0xff data=0x0000000000000014 hit
SITAR-L2 write addr=0x40000148 bm=0x0f data=0x0000000000000014 hit
SITAR-L2 read addr=0x40000158 bm=0xff data=0x0000000000000014 hit
SITAR-L2 read addr=0x40000140 bm=0xff data=0x0000000000000014 hit
SITAR-L2 read addr=0x40000160 bm=0xff data=0x0000000000000014 hit
SITAR-L2 read addr=0x40000148 bm=0xff data=0x0000000000000014 hit
SITAR-L2 read addr=0x40000168 bm=0xff data=0x0000000000000014 hit
SITAR-L2 read addr=0x40000150 bm=0xff data=0x0000000000000014 hit
SITAR-L2 read addr=0x40000170 bm=0xff data=0x0000000000000014 hit
SITAR-L2 read addr=0x40000158 bm=0xff data=0x0000000000000014 hit
SITAR-L2 read addr=0x40000178 bm=0xff data=0x0000000000000014 hit
SITAR-L2 read addr=0x40000160 bm=0xff data=0x0000000000000014 hit
SITAR-L2 write addr=0xffffef94 bm=0x0f data=0x0000000000000015 hit
SITAR-L2 read addr=0x40000168 bm=0xff data=0x0000000000000015 hit
SITAR-L2 read addr=0x40000170 bm=0xff data=0x0000000000000015 hit
SITAR-L2 write addr=0x40000150 bm=0xf0 data=0x0000001500000000 hit
SITAR-L2 read addr=0x40000178 bm=0xff data=0x0000001500000000 hit
SITAR-L2 read addr=0x40000140 bm=0xff data=0x0000001500000000 hit
SITAR-L2 write addr=0x5051ff90 bm=0x0f data=0x0000000000000018 hit
SITAR-L2 read addr=0x40000148 bm=0xff data=0x0000000000000018 hit
SITAR-L2 read addr=0x40000150 bm=0xff data=0x0000000000000018 hit
SITAR-L2 write addr=0x40000158 bm=0x0f data=0x0000000000000018 hit
SITAR-L2 read addr=0x40000158 bm=0xff data=0x0000000000000018 hit
SITAR-L2 read addr=0x40000140 bm=0xff data=0x0000000000000018 hit
SITAR-L2 read addr=0x40000160 bm=0xff data=0x0000000000000018 hit
SITAR-L2 read addr=0x40000148 bm=0xff data=0x0000000000000018 hit
SITAR-L2 read addr=0x40000168 bm=0xff data=0x0000000000000018 hit
SITAR-L2 read addr=0x40000150 bm=0xff data=0x0000000000000018 hit
SITAR-L2 read addr=0x40000170 bm=0xff data=0x0000000000000018 hit
SITAR-L2 read addr=0x40000158 bm=0xff data=0x0000000000000018 hit
SITAR-L2 read addr=0x40000178 bm=0xff data=0x0000000000000018 hit
SITAR-L2 read addr=0x40000160 bm=0xff data=0x0000000000000018 hit
SITAR-L2 write addr=0xffffef94 bm=0x0f data=0x0000000000000019 hit
SITAR-L2 read addr=0x40000168 bm=0xff data=0x0000000000000019 hit
SITAR-L2 read addr=0x40000170 bm=0xff data=0x0000000000000019 hit
SITAR-L2 write addr=0x40000160 bm=0xf0 data=0x0000001900000000 hit
SITAR-L2 read addr=0x40000178 bm=0xff data=0x0000001900000000 hit
SITAR-L2 read addr=0x40000140 bm=0xff data=0x0000001900000000 hit
SITAR-L2 write addr=0x5051ff90 bm=0x0f data=0x000000000000001c hit
SITAR-L2 read addr=0x40000148 bm=0xff data=0x000000000000001c hit
SITAR-L2 read addr=0x40000150 bm=0xff data=0x000000000000001c hit
SITAR-L2 write addr=0x40000168 bm=0x0f data=0x000000000000001c hit
SITAR-L2 read addr=0x40000158 bm=0xff data=0x000000000000001c hit
SITAR-L2 read addr=0x40000140 bm=0xff data=0x000000000000001c hit
SITAR-L2 read addr=0x40000160 bm=0xff data=0x000000000000001c hit
SITAR-L2 read addr=0x40000148 bm=0xff data=0x000000000000001c hit
SITAR-L2 read addr=0x40000168 bm=0xff data=0x000000000000001c hit
SITAR-L2 read addr=0x40000150 bm=0xff data=0x000000000000001c hit
SITAR-L2 read addr=0x40000170 bm=0xff data=0x000000000000001c hit
SITAR-L2 read addr=0x40000158 bm=0xff data=0x000000000000001c hit
SITAR-L2 read addr=0x40000178 bm=0xff data=0x000000000000001c hit
SITAR-L2 read addr=0x40000160 bm=0xff data=0x000000000000001c hit
SITAR-L2 write addr=0xffffef94 bm=0x0f data=0x000000000000001d hit
SITAR-L2 read addr=0x40000168 bm=0xff data=0x000000000000001d hit
SITAR-L2 read addr=0x40000170 bm=0xff data=0x000000000000001d hit
SITAR-L2 write addr=0x40000170 bm=0xf0 data=0x0000001d00000000 hit
SITAR-L2 read addr=0x40000178 bm=0xff data=0x0000001d00000000 hit
SITAR-L2 read addr=0x40000140 bm=0xff data=0x0000001d00000000 hit
SITAR-L2 write addr=0x5051ff90 bm=0x0f data=0x0000000000000020 hit
SITAR-L2 read addr=0x40000148 bm=0xff data=0x0000000000000020 hit
SITAR-L2 read addr=0x40000150 bm=0xff data=0x0000000000000020 hit
SITAR-L2 write addr=0x40000178 bm=0x0f data=0x0000000000000020 hit
SITAR-L2 read addr=0x40000158 bm=0xff data=0x0000000000000020 hit
SITAR-L2 read addr=0x40000140 bm=0xff data=0x0000000000000020 hit
SITAR-L2 read addr=0x40000160 bm=0xff data=0x0000000000000020 hit
SITAR-L2 read addr=0x40000148 bm=0xff data=0x0000000000000020 hit
SITAR-L2 read addr=0x40000168 bm=0xff data=0x0000000000000020 hit
SITAR-L2 read addr=0x40000150 bm=0xff data=0x0000000000000020 hit
SITAR-L2 read addr=0x40000170 bm=0xff data=0x0000000000000020 hit
SITAR-L2 read addr=0x40000158 bm=0xff data=0x0000000000000020 hit
SITAR-L2 read addr=0x40000178 bm=0xff data=0x0000000000000020 hit
SITAR-L2 read addr=0x40000160 bm=0xff data=0x0000000000000020 hit
SITAR-L2 write addr=0xffffef94 bm=0x0f data=0x0000000000000021 hit
SITAR-L2 read addr=0x40000168 bm=0xff data=0x0000000000000021 hit
SITAR-L2 read addr=0x40000170 bm=0xff data=0x0000000000000021 hit
SITAR-L2 write addr=0x40000180 bm=0xf0 data=0x0000002100000000 miss
SITAR-L2 read addr=0x40000178 bm=0xff data=0x0000002100000000 hit
SITAR-L2 read addr=0x40000180 bm=0xff data=0x0000002100000000 hit
SITAR-L2 write addr=0x5051ff90 bm=0x0f data=0x0000000000000024 hit
SITAR-L2 read addr=0x40000188 bm=0xff data=0x0000000000000024 hit
SITAR-L2 read addr=0x40000190 bm=0xff data=0x0000000000000024 hit
SITAR-L2 write addr=0x40000188 bm=0x0f data=0x0000000000000024 hit
SITAR-L2 read addr=0x40000198 bm=0xff data=0x0000000000000024 hit
SITAR-L2 read addr=0x40000180 bm=0xff data=0x0000000000000024 hit
SITAR-L2 read addr=0x400001a0 bm=0xff data=0x0000000000000024 hit
SITAR-L2 read addr=0x40000188 bm=0xff data=0x0000000000000024 hit
SITAR-L2 read addr=0x400001a8 bm=0xff data=0x0000000000000024 hit
SITAR-L2 read addr=0x40000190 bm=0xff data=0x0000000000000024 hit
SITAR-L2 read addr=0x400001b0 bm=0xff data=0x0000000000000024 hit
SITAR-L2 read addr=0x40000198 bm=0xff data=0x0000000000000024 hit
SITAR-L2 read addr=0x400001b8 bm=0xff data=0x0000000000000024 hit
SITAR-L2 read addr=0x400001a0 bm=0xff data=0x0000000000000024 hit
SITAR-L2 write addr=0xffffef94 bm=0x0f data=0x0000000000000025 hit
SITAR-L2 read addr=0x400001a8 bm=0xff data=0x0000000000000025 hit
SITAR-L2 read addr=0x400001b0 bm=0xff data=0x0000000000000025 hit
SITAR-L2 write addr=0x40000190 bm=0xf0 data=0x0000002500000000 hit
SITAR-L2 read addr=0x400001b8 bm=0xff data=0x0000002500000000 hit
SITAR-L2 read addr=0x40000180 bm=0xff data=0x0000002500000000 hit
SITAR-L2 write addr=0x5051ff90 bm=0x0f data=0x0000000000000028 hit
SITAR-L2 read addr=0x40000188 bm=0xff data=0x0000000000000028 hit
SITAR-L2 read addr=0x40000190 bm=0xff data=0x0000000000000028 hit
SITAR-L2 write addr=0x40000198 bm=0x0f data=0x0000000000000028 hit
SITAR-L2 read addr=0x40000198 bm=0xff data=0x0000000000000028 hit
SITAR-L2 read addr=0x40000180 bm=0xff data=0x0000000000000028 hit
SITAR-L2 read addr=0x400001a0 bm=0xff data=0x0000000000000028 hit
SITAR-L2 read addr=0x40000188 bm=0xff data=0x0000000000000028 hit
SITAR-L2 read addr=0x400001a8 bm=0xff data=0x0000000000000028 hit
SITAR-L2 read addr=0x40000190 bm=0xff data=0x0000000000000028 hit
SITAR-L2 read addr=0x400001b0 bm=0xff data=0x0000000000000028 hit
SITAR-L2 read addr=0x40000198 bm=0xff data=0x0000000000000028 hit
SITAR-L2 read addr=0x400001b8 bm=0xff data=0x0000000000000028 hit
SITAR-L2 read addr=0x400001a0 bm=0xff data=0x0000000000000028 hit
SITAR-L2 write addr=0xffffef94 bm=0x0f data=0x0000000000000029 hit
SITAR-L2 read addr=0x400001a8 bm=0xff data=0x0000000000000029 hit
SITAR-L2 read addr=0x400001b0 bm=0xff data=0x0000000000000029 hit
SITAR-L2 write addr=0x400001a0 bm=0xf0 data=0x0000002900000000 hit
SITAR-L2 read addr=0x400001b8 bm=0xff data=0x0000002900000000 hit
SITAR-L2 read addr=0x40000180 bm=0xff data=0x0000002900000000 hit
SITAR-L2 write addr=0x5051ff90 bm=0x0f data=0x000000000000002c hit
SITAR-L2 read addr=0x40000188 bm=0xff data=0x000000000000002c hit
SITAR-L2 read addr=0x40000190 bm=0xff data=0x000000000000002c hit
SITAR-L2 write addr=0x400001a8 bm=0x0f data=0x000000000000002c hit
SITAR-L2 read addr=0x40000198 bm=0xff data=0x000000000000002c hit
SITAR-L2 read addr=0x40000180 bm=0xff data=0x000000000000002c hit
SITAR-L2 read addr=0x400001a0 bm=0xff data=0x000000000000002c hit
SITAR-L2 read addr=0x40000188 bm=0xff data=0x000000000000002c hit
SITAR-L2 read addr=0x400001a8 bm=0xff data=0x000000000000002c hit
SITAR-L2 read addr=0x40000190 bm=0xff data=0x000000000000002c hit
SITAR-L2 read addr=0x400001b0 bm=0xff data=0x000000000000002c hit
SITAR-L2 read addr=0x40000198 bm=0xff data=0x000000000000002c hit
SITAR-L2 read addr=0x400001b8 bm=0xff data=0x000000000000002c hit
SITAR-L2 read addr=0x400001a0 bm=0xff data=0x000000000000002c hit
SITAR-L2 write addr=0xffffef94 bm=0x0f data=0x000000000000002d hit
SITAR-L2 read addr=0x400001a8 bm=0xff data=0x000000000000002d hit
SITAR-L2 read addr=0x400001b0 bm=0xff data=0x000000000000002d hit
SITAR-L2 write addr=0x400001b0 bm=0xf0 data=0x0000002d00000000 hit
SITAR-L2 read addr=0x400001b8 bm=0xff data=0x0000002d00000000 hit
SITAR-L2 read addr=0x40000180 bm=0xff data=0x0000002d00000000 hit
SITAR-L2 write addr=0x5051ff90 bm=0x0f data=0x0000000000000030 hit
SITAR-L2 read addr=0x40000188 bm=0xff data=0x0000000000000030 hit
SITAR-L2 read addr=0x40000190 bm=0xff data=0x0000000000000030 hit
SITAR-L2 write addr=0x400001b8 bm=0x0f data=0x0000000000000030 hit
SITAR-L2 read addr=0x40000198 bm=0xff data=0x0000000000000030 hit
SITAR-L2 read addr=0x40000180 bm=0xff data=0x0000000000000030 hit
SITAR-L2 read addr=0x400001a0 bm=0xff data=0x0000000000000030 hit
SITAR-L2 read addr=0x40000188 bm=0xff data=0x0000000000000030 hit
SITAR-L2 read addr=0x400001a8 bm=0xff data=0x0000000000000030 hit
SITAR-L2 read addr=0x40000190 bm=0xff data=0x0000000000000030 hit
SITAR-L2 read addr=0x400001b0 bm=0xff data=0x0000000000000030 hit
SITAR-L2 read addr=0x40000198 bm=0xff data=0x0000000000000030 hit
SITAR-L2 read addr=0x400001b8 bm=0xff data=0x0000000000000030 hit
SITAR-L2 read addr=0x400001a0 bm=0xff data=0x0000000000000030 hit
SITAR-L2 write addr=0xffffef94 bm=0x0f data=0x0000000000000031 hit
SITAR-L2 read addr=0x400001a8 bm=0xff data=0x0000000000000031 hit
SITAR-L2 read addr=0x400001b0 bm=0xff data=0x0000000000000031 hit
SITAR-L2 write addr=0x400001c0 bm=0xf0 data=0x0000003100000000 miss
SITAR-L2 read addr=0x400001b8 bm=0xff data=0x0000003100000000 hit
SITAR-L2 read addr=0x400001c0 bm=0xff data=0x0000003100000000 hit
SITAR-L2 write addr=0x5051ff90 bm=0x0f data=0x0000000000000034 hit
SITAR-L2 read addr=0x400001c8 bm=0xff data=0x0000000000000034 hit
SITAR-L2 read addr=0x400001d0 bm=0xff data=0x0000000000000034 hit
SITAR-L2 write addr=0x400001c8 bm=0x0f data=0x0000000000000034 hit
SITAR-L2 read addr=0x400001d8 bm=0xff data=0x0000000000000034 hit
SITAR-L2 read addr=0x400001c0 bm=0xff data=0x0000000000000034 hit
SITAR-L2 read addr=0x400001e0 bm=0xff data=0x0000000000000034 hit
SITAR-L2 read addr=0x400001c8 bm=0xff data=0x0000000000000034 hit
SITAR-L2 read addr=0x400001e8 bm=0xff data=0x0000000000000034 hit
SITAR-L2 read addr=0x400001d0 bm=0xff data=0x0000000000000034 hit
SITAR-L2 read addr=0x400001f0 bm=0xff data=0x0000000000000034 hit
SITAR-L2 read addr=0x400001d8 bm=0xff data=0x0000000000000034 hit
SITAR-L2 read addr=0x400001f8 bm=0xff data=0x0000000000000034 hit
SITAR-L2 read addr=0x400001e0 bm=0xff data=0x0000000000000034 hit
SITAR-L2 write addr=0xffffef94 bm=0x0f data=0x0000000000000035 hit
SITAR-L2 read addr=0x400001e8 bm=0xff data=0x0000000000000035 hit
SITAR-L2 read addr=0x400001f0 bm=0xff data=0x0000000000000035 hit
SITAR-L2 write addr=0x400001d0 bm=0xf0 data=0x0000003500000000 hit
SITAR-L2 read addr=0x400001f8 bm=0xff data=0x0000003500000000 hit
SITAR-L2 read addr=0x400001c0 bm=0xff data=0x0000003500000000 hit
SITAR-L2 write addr=0x5051ff90 bm=0x0f data=0x0000000000000038 hit
SITAR-L2 read addr=0x400001c8 bm=0xff data=0x0000000000000038 hit
SITAR-L2 read addr=0x400001d0 bm=0xff data=0x0000000000000038 hit
SITAR-L2 write addr=0x400001d8 bm=0x0f data=0x0000000000000038 hit
SITAR-L2 read addr=0x400001d8 bm=0xff data=0x0000000000000038 hit
SITAR-L2 read addr=0x400001c0 bm=0xff data=0x0000000000000038 hit
SITAR-L2 read addr=0x400001e0 bm=0xff data=0x0000000000000038 hit
SITAR-L2 read addr=0x400001c8 bm=0xff data=0x0000000000000038 hit
SITAR-L2 read addr=0x400001e8 bm=0xff data=0x0000000000000038 hit
SITAR-L2 read addr=0x400001d0 bm=0xff data=0x0000000000000038 hit
SITAR-L2 read addr=0x400001f0 bm=0xff data=0x0000000000000038 hit
SITAR-L2 read addr=0x400001d8 bm=0xff data=0x0000000000000038 hit
SITAR-L2 read addr=0x400001f8 bm=0xff data=0x0000000000000038 hit
SITAR-L2 read addr=0x400001e0 bm=0xff data=0x0000000000000038 hit
SITAR-L2 write addr=0xffffef94 bm=0x0f data=0x0000000000000039 hit
SITAR-L2 read addr=0x400001e8 bm=0xff data=0x0000000000000039 hit
SITAR-L2 read addr=0x400001f0 bm=0xff data=0x0000000000000039 hit
SITAR-L2 write addr=0x400001e0 bm=0xf0 data=0x0000003900000000 hit
SITAR-L2 read addr=0x400001f8 bm=0xff data=0x0000003900000000 hit
SITAR-L2 read addr=0x400001c0 bm=0xff data=0x0000003900000000 hit
SITAR-L2 write addr=0x5051ff90 bm=0x0f data=0x000000000000003c hit
SITAR-L2 read addr=0x400001c8 bm=0xff data=0x000000000000003c hit
SITAR-L2 read addr=0x400001d0 bm=0xff data=0x000000000000003c hit
SITAR-L2 write addr=0x400001e8 bm=0x0f data=0x000000000000003c hit
SITAR-L2 read addr=0x400001d8 bm=0xff data=0x000000000000003c hit
SITAR-L2 read addr=0x400001c0 bm=0xff data=0x000000000000003c hit
SITAR-L2 read addr=0x400001e0 bm=0xff data=0x000000000000003c hit
SITAR-L2 read addr=0x400001c8 bm=0xff data=0x000000000000003c hit
SITAR-L2 read addr=0x400001e8 bm=0xff data=0x000000000000003c hit
SITAR-L2 read addr=0x400001d0 bm=0xff data=0x000000000000003c hit
SITAR-L2 read addr=0x400001f0 bm=0xff data=0x000000000000003c hit
SITAR-L2 read addr=0x400001d8 bm=0xff data=0x000000000000003c hit
SITAR-L2 read addr=0x400001f8 bm=0xff data=0x000000000000003c hit
SITAR-L2 read addr=0x400001e0 bm=0xff data=0x000000000000003c hit
SITAR-L2 write addr=0xffffef94 bm=0x0f data=0x000000000000003d hit
SITAR-L2 read addr=0x400001e8 bm=0xff data=0x000000000000003d hit
SITAR-L2 read addr=0x400001f0 bm=0xff data=0x000000000000003d hit
SITAR-L2 write addr=0x400001f0 bm=0xf0 data=0x0000003d00000000 hit
SITAR-L2 read addr=0x400001f8 bm=0xff data=0x0000003d00000000 hit
SITAR-L2 read addr=0x400001c0 bm=0xff data=0x0000003d00000000 hit
SITAR-L2 write addr=0x5051ff90 bm=0x0f data=0x0000000000000040 hit
SITAR-L2 read addr=0x400001c8 bm=0xff data=0x0000000000000040 hit
SITAR-L2 read addr=0x400001d0 bm=0xff data=0x0000000000000040 hit
SITAR-L2 write addr=0x400001f8 bm=0x0f data=0x0000000000000040 hit
SITAR-L2 read addr=0x400001d8 bm=0xff data=0x0000000000000040 hit
SITAR-L2 read addr=0x400001c0 bm=0xff data=0x0000000000000040 hit
SITAR-L2 read addr=0x400001e0 bm=0xff data=0x0000000000000040 hit
SITAR-L2 read addr=0x400001c8 bm=0xff data=0x0000000000000040 hit
SITAR-L2 read addr=0x400001e8 bm=0xff data=0x0000000000000040 hit
SITAR-L2 read addr=0x400001d0 bm=0xff data=0x0000000000000040 hit
SITAR-L2 read addr=0x400001f0 bm=0xff data=0x0000000000000040 hit
SITAR-L2 read addr=0x400001d8 bm=0xff data=0x0000000000000040 hit
SITAR-L2 read addr=0x400001f8 bm=0xff data=0x0000000000000040 hit
SITAR-L2 read addr=0x400001e0 bm=0xff data=0x0000000000000040 hit
SITAR-L2 write addr=0xffffef94 bm=0x0f data=0x0000000000000041 hit
SITAR-L2 read addr=0x400001e8 bm=0xff data=0x0000000000000041 hit
SITAR-L2 read addr=0x400001f0 bm=0xff data=0x0000000000000041 hit
SITAR-L2 write addr=0x40000200 bm=0xf0 data=0x0000004100000000 miss
SITAR-L2 read addr=0x400001f8 bm=0xff data=0x0000004100000000 hit
SITAR-L2 read addr=0x40000200 bm=0xff data=0x0000004100000000 hit
SITAR-L2 write addr=0x5051ff90 bm=0x0f data=0x0000000000000044 hit
SITAR-L2 read addr=0x40000208 bm=0xff data=0x0000000000000044 hit
SITAR-L2 read addr=0x40000210 bm=0xff data=0x0000000000000044 hit
SITAR-L2 write addr=0x40000208 bm=0x0f data=0x0000000000000044 hit
SITAR-L2 read addr=0x40000218 bm=0xff data=0x0000000000000044 hit
SITAR-L2 read addr=0x40000200 bm=0xff data=0x0000000000000044 hit
SITAR-L2 read addr=0x40000220 bm=0xff data=0x0000000000000044 hit
SITAR-L2 read addr=0x40000208 bm=0xff data=0x0000000000000044 hit
SITAR-L2 read addr=0x40000228 bm=0xff data=0x0000000000000044 hit
SITAR-L2 read addr=0x40000210 bm=0xff data=0x0000000000000044 hit
SITAR-L2 read addr=0x40000230 bm=0xff data=0x0000000000000044 hit
SITAR-L2 read addr=0x40000218 bm=0xff data=0x0000000000000044 hit
SITAR-L2 read addr=0x40000238 bm=0xff data=0x0000000000000044 hit
SITAR-L2 read addr=0x40000220 bm=0xff data=0x0000000000000044 hit
SITAR-L2 write addr=0xffffef94 bm=0x0f data=0x0000000000000045 hit
SITAR-L2 read addr=0x40000228 bm=0xff data=0x0000000000000045 hit
SITAR-L2 read addr=0x40000230 bm=0xff data=0x0000000000000045 hit
SITAR-L2 write addr=0x40000210 bm=0xf0 data=0x0000004500000000 hit
SITAR-L2 read addr=0x40000238 bm=0xff data=0x0000004500000000 hit
SITAR-L2 read addr=0x40000200 bm=0xff data=0x0000004500000000 hit
SITAR-L2 write addr=0x5051ff90 bm=0x0f data=0x0000000000000048 hit
SITAR-L2 read addr=0x40000208 bm=0xff data=0x0000000000000048 hit
SITAR-L2 read addr=0x40000210 bm=0xff data=0x0000000000000048 hit
SITAR-L2 write addr=0x40000218 bm=0x0f data=0x0000000000000048 hit
SITAR-L2 read addr=0x40000218 bm=0xff data=0x0000000000000048 hit
SITAR-L2 read addr=0x40000200 bm=0xff data=0x0000000000000048 hit
SITAR-L2 read addr=0x40000220 bm=0xff data=0x0000000000000048 hit
SITAR-L2 read addr=0x40000208 bm=0xff data=0x0000000000000048 hit
SITAR-L2 read addr=0x40000228 bm=0xff data=0x0000000000000048 hit
SITAR-L2 read addr=0x40000210 bm=0xff data=0x0000000000000048 hit
SITAR-L2 read addr=0x40000230 bm=0xff data=0x0000000000000048 hit
SITAR-L2 read addr=0x40000218 bm=0xff data=0x0000000000000048 hit
SITAR-L2 read addr=0x40000238 bm=0xff data=0x0000000000000048 hit
SITAR-L2 read addr=0x40000220 bm=0xff data=0x0000000000000048 hit
SITAR-L2 write addr=0xffffef94 bm=0x0f data=0x0000000000000049 hit
SITAR-L2 read addr=0x40000228 bm=0xff data=0x0000000000000049 hit
SITAR-L2 read addr=0x40000230 bm=0xff data=0x0000000000000049 hit
SITAR-L2 write addr=0x40000220 bm=0xf0 data=0x0000004900000000 hit
SITAR-L2 read addr=0x40000238 bm=0xff data=0x0000004900000000 hit
SITAR-L2 read addr=0x40000200 bm=0xff data=0x0000004900000000 hit
SITAR-L2 write addr=0x5051ff90 bm=0x0f data=0x000000000000004c hit
SITAR-L2 read addr=0x40000208 bm=0xff data=0x000000000000004c hit
SITAR-L2 read addr=0x40000210 bm=0xff data=0x000000000000004c hit
SITAR-L2 write addr=0x40000228 bm=0x0f data=0x000000000000004c hit
SITAR-L2 read addr=0x40000218 bm=0xff data=0x000000000000004c hit
SITAR-L2 read addr=0x40000200 bm=0xff data=0x000000000000004c hit
SITAR-L2 read addr=0x40000220 bm=0xff data=0x000000000000004c hit
SITAR-L2 read addr=0x40000208 bm=0xff data=0x000000000000004c hit
SITAR-L2 read addr=0x40000228 bm=0xff data=0x000000000000004c hit
SITAR-L2 read addr=0x40000210 bm=0xff data=0x000000000000004c hit
SITAR-L2 read addr=0x40000230 bm=0xff data=0x000000000000004c hit
SITAR-L2 read addr=0x40000218 bm=0xff data=0x000000000000004c hit
SITAR-L2 read addr=0x40000238 bm=0xff data=0x000000000000004c hit
SITAR-L2 read addr=0x40000220 bm=0xff data=0x000000000000004c hit
SITAR-L2 write addr=0xffffef94 bm=0x0f data=0x000000000000004d hit
SITAR-L2 read addr=0x40000228 bm=0xff data=0x000000000000004d hit
SITAR-L2 read addr=0x40000230 bm=0xff data=0x000000000000004d hit
SITAR-L2 write addr=0x40000230 bm=0xf0 data=0x0000004d00000000 hit
SITAR-L2 read addr=0x40000238 bm=0xff data=0x0000004d00000000 hit
SITAR-L2 read addr=0x40000200 bm=0xff data=0x0000004d00000000 hit
SITAR-L2 write addr=0x5051ff90 bm=0x0f data=0x0000000000000050 hit
SITAR-L2 read addr=0x40000208 bm=0xff data=0x0000000000000050 hit
SITAR-L2 read addr=0x40000210 bm=0xff data=0x0000000000000050 hit
SITAR-L2 write addr=0x40000238 bm=0x0f data=0x0000000000000050 hit
SITAR-L2 read addr=0x40000218 bm=0xff data=0x0000000000000050 hit
SITAR-L2 read addr=0x40000200 bm=0xff data=0x0000000000000050 hit
SITAR-L2 read addr=0x40000220 bm=0xff data=0x0000000000000050 hit
SITAR-L2 read addr=0x40000208 bm=0xff data=0x0000000000000050 hit
SITAR-L2 read addr=0x40000228 bm=0xff data=0x0000000000000050 hit
SITAR-L2 read addr=0x40000210 bm=0xff data=0x0000000000000050 hit
SITAR-L2 read addr=0x40000230 bm=0xff data=0x0000000000000050 hit
SITAR-L2 read addr=0x40000218 bm=0xff data=0x0000000000000050 hit
SITAR-L2 read addr=0x40000238 bm=0xff data=0x0000000000000050 hit
SITAR-L2 read addr=0x40000220 bm=0xff data=0x0000000000000050 hit
SITAR-L2 write addr=0xffffef94 bm=0x0f data=0x0000000000000051 hit
SITAR-L2 read addr=0x40000228 bm=0xff data=0x0000000000000051 hit
SITAR-L2 read addr=0x40000230 bm=0xff data=0x0000000000000051 hit
SITAR-L2 write addr=0x40000240 bm=0xf0 data=0x0000005100000000 miss
SITAR-L2 read addr=0x40000238 bm=0xff data=0x0000005100000000 hit
SITAR-L2 read addr=0x40000240 bm=0xff data=0x0000005100000000 hit
SITAR-L2 write addr=0x5051ff90 bm=0x0f data=0x0000000000000054 hit
SITAR-L2 read addr=0x40000248 bm=0xff data=0x0000000000000054 hit
SITAR-L2 read addr=0x40000250 bm=0xff data=0x0000000000000054 hit
SITAR-L2 write addr=0x40000248 bm=0x0f data=0x0000000000000054 hit
SITAR-L2 read addr=0x40000258 bm=0xff data=0x0000000000000054 hit
SITAR-L2 read addr=0x40000240 bm=0xff data=0x0000000000000054 hit
SITAR-L2 read addr=0x40000260 bm=0xff data=0x0000000000000054 hit
SITAR-L2 read addr=0x40000248 bm=0xff data=0x0000000000000054 hit
SITAR-L2 read addr=0x40000268 bm=0xff data=0x0000000000000054 hit
SITAR-L2 read addr=0x40000250 bm=0xff data=0x0000000000000054 hit
SITAR-L2 read addr=0x40000270 bm=0xff data=0x0000000000000054 hit
SITAR-L2 read addr=0x40000258 bm=0xff data=0x0000000000000054 hit
SITAR-L2 read addr=0x40000278 bm=0xff data=0x0000000000000054 hit
SITAR-L2 read addr=0x40000260 bm=0xff data=0x0000000000000054 hit
SITAR-L2 write addr=0xffffef94 bm=0x0f data=0x0000000000000055 hit
SITAR-L2 read addr=0x40000268 bm=0xff data=0x0000000000000055 hit
SITAR-L2 read addr=0x40000270 bm=0xff data=0x0000000000000055 hit
SITAR-L2 write addr=0x40000250 bm=0xf0 data=0x0000005500000000 hit
SITAR-L2 read addr=0x40000278 bm=0xff data=0x0000005500000000 hit
SITAR-L2 read addr=0x40000240 bm=0xff data=0x0000005500000000 hit
SITAR-L2 write addr=0x5051ff90 bm=0x0f data=0x0000000000000058 hit
SITAR-L2 read addr=0x40000248 bm=0xff data=0x0000000000000058 hit
SITAR-L2 read addr=0x40000250 bm=0xff data=0x0000000000000058 hit
SITAR-L2 write addr=0x40000258 bm=0x0f data=0x0000000000000058 hit
SITAR-L2 read addr=0x40000258 bm=0xff data=0x0000000000000058 hit
SITAR-L2 read addr=0x40000240 bm=0xff data=0x0000000000000058 hit
SITAR-L2 read addr=0x40000260 bm=0xff data=0x0000000000000058 hit
SITAR-L2 read addr=0x40000248 bm=0xff data=0x0000000000000058 hit
SITAR-L2 read addr=0x40000268 bm=0xff data=0x0000000000000058 hit
SITAR-L2 read addr=0x40000250 bm=0xff data=0x0000000000000058 hit
SITAR-L2 read addr=0x40000270 bm=0xff data=0x0000000000000058 hit
SITAR-L2 read addr=0x40000258 bm=0xff data=0x0000000000000058 hit
SITAR-L2 read addr=0x40000278 bm=0xff data=0x0000000000000058 hit
SITAR-L2 read addr=0x40000260 bm=0xff data=0x0000000000000058 hit
SITAR-L2 write addr=0xffffef94 bm=0x0f data=0x0000000000000059 hit
SITAR-L2 read addr=0x40000268 bm=0xff data=0x0000000000000059 hit
SITAR-L2 read addr=0x40000270 bm=0xff data=0x0000000000000059 hit
SITAR-L2 write addr=0x40000260 bm=0xf0 data=0x0000005900000000 hit
SITAR-L2 read addr=0x40000278 bm=0xff data=0x0000005900000000 hit
SITAR-L2 read addr=0x40000240 bm=0xff data=0x0000005900000000 hit
SITAR-L2 write addr=0x5051ff90 bm=0x0f data=0x000000000000005c hit
SITAR-L2 read addr=0x40000248 bm=0xff data=0x000000000000005c hit
SITAR-L2 read addr=0x40000250 bm=0xff data=0x000000000000005c hit
SITAR-L2 write addr=0x40000268 bm=0x0f data=0x000000000000005c hit
SITAR-L2 read addr=0x40000258 bm=0xff data=0x000000000000005c hit
SITAR-L2 read addr=0x40000240 bm=0xff data=0x000000000000005c hit
SITAR-L2 read addr=0x40000260 bm=0xff data=0x000000000000005c hit
SITAR-L2 read addr=0x40000248 bm=0xff data=0x000000000000005c hit
SITAR-L2 read addr=0x40000268 bm=0xff data=0x000000000000005c hit
SITAR-L2 read addr=0x40000250 bm=0xff data=0x000000000000005c hit
SITAR-L2 read addr=0x40000270 bm=0xff data=0x000000000000005c hit
SITAR-L2 read addr=0x40000258 bm=0xff data=0x000000000000005c hit
SITAR-L2 read addr=0x40000278 bm=0xff data=0x000000000000005c hit
SITAR-L2 read addr=0x40000260 bm=0xff data=0x000000000000005c hit
SITAR-L2 write addr=0xffffef94 bm=0x0f data=0x000000000000005d hit
SITAR-L2 read addr=0x40000268 bm=0xff data=0x000000000000005d hit
SITAR-L2 read addr=0x40000270 bm=0xff data=0x000000000000005d hit
SITAR-L2 write addr=0x40000270 bm=0xf0 data=0x0000005d00000000 hit
SITAR-L2 read addr=0x40000278 bm=0xff data=0x0000005d00000000 hit
SITAR-L2 read addr=0x40000240 bm=0xff data=0x0000005d00000000 hit
SITAR-L2 write addr=0x5051ff90 bm=0x0f data=0x0000000000000060 hit
SITAR-L2 read addr=0x40000248 bm=0xff data=0x0000000000000060 hit
SITAR-L2 read addr=0x40000250 bm=0xff data=0x0000000000000060 hit
SITAR-L2 write addr=0x40000278 bm=0x0f data=0x0000000000000060 hit
SITAR-L2 read addr=0x40000258 bm=0xff data=0x0000000000000060 hit
SITAR-L2 read addr=0x40000240 bm=0xff data=0x0000000000000060 hit
SITAR-L2 read addr=0x40000260 bm=0xff data=0x0000000000000060 hit
SITAR-L2 read addr=0x40000248 bm=0xff data=0x0000000000000060 hit
SITAR-L2 read addr=0x40000268 bm=0xff data=0x0000000000000060 hit
SITAR-L2 read addr=0x40000250 bm=0xff data=0x0000000000000060 hit
SITAR-L2 read addr=0x40000270 bm=0xff data=0x0000000000000060 hit
SITAR-L2 read addr=0x40000258 bm=0xff data=0x0000000000000060 hit
SITAR-L2 read addr=0x40000278 bm=0xff data=0x0000000000000060 hit
SITAR-L2 read addr=0x40000260 bm=0xff data=0x0000000000000060 hit
SITAR-L2 write addr=0xffffef94 bm=0x0f data=0x0000000000000061 hit
SITAR-L2 read addr=0x40000268 bm=0xff data=0x0000000000000061 hit
SITAR-L2 read addr=0x40000270 bm=0xff data=0x0000000000000061 hit
SITAR-L2 write addr=0x40000280 bm=0xf0 data=0x0000006100000000 miss
SITAR-L2 read addr=0x40000278 bm=0xff data=0x0000006100000000 hit
SITAR-L2 read addr=0x40000280 bm=0xff data=0x0000006100000000 hit
SITAR-L2 write addr=0x5051ff90 bm=0x0f data=0x0000000000000064 hit
SITAR-L2 read addr=0x40000288 bm=0xff data=0x0000000000000064 hit
SITAR-L2 read addr=0x40000290 bm=0xff data=0x0000000000000064 hit
SITAR-L2 write addr=0x40000288 bm=0x0f data=0x0000000000000064 hit
SITAR-L2 read addr=0x40000298 bm=0xff data=0x0000000000000064 hit
SITAR-L2 read addr=0x40000280 bm=0xff data=0x0000000000000064 hit
SITAR-L2 read addr=0x400002a0 bm=0xff data=0x0000000000000064 hit
SITAR-L2 read addr=0x40000288 bm=0xff data=0x0000000000000064 hit
SITAR-L2 read addr=0x400002a8 bm=0xff data=0x0000000000000064 hit
SITAR-L2 read addr=0x40000290 bm=0xff data=0x0000000000000064 hit
SITAR-L2 read addr=0x400002b0 bm=0xff data=0x0000000000000064 hit
SITAR-L2 read addr=0x40000298 bm=0xff data=0x0000000000000064 hit
SITAR-L2 read addr=0x400002b8 bm=0xff data=0x0000000000000064 hit
SITAR-L2 read addr=0x400002a0 bm=0xff data=0x0000000000000064 hit
SITAR-L2 write addr=0xffffef94 bm=0x0f data=0x0000000000000065 hit
SITAR-L2 read addr=0x400002a8 bm=0xff data=0x0000000000000065 hit
SITAR-L2 read addr=0x400002b0 bm=0xff data=0x0000000000000065 hit
SITAR-L2 write addr=0x40000290 bm=0xf0 data=0x0000006500000000 hit
SITAR-L2 read addr=0x400002b8 bm=0xff data=0x0000006500000000 hit
SITAR-L2 read addr=0x40000280 bm=0xff data=0x0000006500000000 hit
SITAR-L2 write addr=0x5051ff90 bm=0x0f data=0x0000000000000068 hit
SITAR-L2 read addr=0x40000288 bm=0xff data=0x0000000000000068 hit
SITAR-L2 read addr=0x40000290 bm=0xff data=0x0000000000000068 hit
SITAR-L2 write addr=0x40000298 bm=0x0f data=0x0000000000000068 hit
SITAR-L2 read addr=0x40000298 bm=0xff data=0x0000000000000068 hit
SITAR-L2 read addr=0x40000280 bm=0xff data=0x0000000000000068 hit
SITAR-L2 read addr=0x400002a0 bm=0xff data=0x0000000000000068 hit
SITAR-L2 read addr=0x40000288 bm=0xff data=0x0000000000000068 hit
SITAR-L2 read addr=0x400002a8 bm=0xff data=0x0000000000000068 hit
SITAR-L2 read addr=0x40000290 bm=0xff data=0x0000000000000068 hit
SITAR-L2 read addr=0x400002b0 bm=0xff data=0x0000000000000068 hit
SITAR-L2 read addr=0x40000298 bm=0xff data=0x0000000000000068 hit
SITAR-L2 read addr=0x400002b8 bm=0xff data=0x0000000000000068 hit
SITAR-L2 read addr=0x400002a0 bm=0xff data=0x0000000000000068 hit
SITAR-L2 write addr=0xffffef94 bm=0x0f data=0x0000000000000069 hit
SITAR-L2 read addr=0x400002a8 bm=0xff data=0x0000000000000069 hit
SITAR-L2 read addr=0x400002b0 bm=0xff data=0x0000000000000069 hit
SITAR-L2 write addr=0x400002a0 bm=0xf0 data=0x0000006900000000 hit
SITAR-L2 read addr=0x400002b8 bm=0xff data=0x0000006900000000 hit
SITAR-L2 read addr=0x40000280 bm=0xff data=0x0000006900000000 hit
SITAR-L2 write addr=0x5051ff90 bm=0x0f data=0x000000000000006c hit
SITAR-L2 read addr=0x40000288 bm=0xff data=0x000000000000006c hit
SITAR-L2 read addr=0x40000290 bm=0xff data=0x000000000000006c hit
SITAR-L2 write addr=0x400002a8 bm=0x0f data=0x000000000000006c hit
SITAR-L2 read addr=0x40000298 bm=0xff data=0x000000000000006c hit
SITAR-L2 read addr=0x40000280 bm=0xff data=0x000000000000006c hit
SITAR-L2 read addr=0x400002a0 bm=0xff data=0x000000000000006c hit
SITAR-L2 read addr=0x40000288 bm=0xff data=0x000000000000006c hit
SITAR-L2 read addr=0x400002a8 bm=0xff data=0x000000000000006c hit
SITAR-L2 read addr=0x40000290 bm=0xff data=0x000000000000006c hit
SITAR-L2 read addr=0x400002b0 bm=0xff data=0x000000000000006c hit
SITAR-L2 read addr=0x40000298 bm=0xff data=0x000000000000006c hit
SITAR-L2 read addr=0x400002b8 bm=0xff data=0x000000000000006c hit
SITAR-L2 read addr=0x400002a0 bm=0xff data=0x000000000000006c hit
SITAR-L2 write addr=0xffffef94 bm=0x0f data=0x000000000000006d hit
SITAR-L2 read addr=0x400002a8 bm=0xff data=0x000000000000006d hit
SITAR-L2 read addr=0x400002b0 bm=0xff data=0x000000000000006d hit
SITAR-L2 write addr=0x400002b0 bm=0xf0 data=0x0000006d00000000 hit
SITAR-L2 read addr=0x400002b8 bm=0xff data=0x0000006d00000000 hit
SITAR-L2 read addr=0x40000280 bm=0xff data=0x0000006d00000000 hit
SITAR-L2 write addr=0x5051ff90 bm=0x0f data=0x0000000000000070 hit
SITAR-L2 read addr=0x40000288 bm=0xff data=0x0000000000000070 hit
SITAR-L2 read addr=0x40000290 bm=0xff data=0x0000000000000070 hit
SITAR-L2 write addr=0x400002b8 bm=0x0f data=0x0000000000000070 hit
SITAR-L2 read addr=0x40000298 bm=0xff data=0x0000000000000070 hit
SITAR-L2 read addr=0x40000280 bm=0xff data=0x0000000000000070 hit
SITAR-L2 read addr=0x400002a0 bm=0xff data=0x0000000000000070 hit
SITAR-L2 read addr=0x40000288 bm=0xff data=0x0000000000000070 hit
SITAR-L2 read addr=0x400002a8 bm=0xff data=0x0000000000000070 hit
SITAR-L2 read addr=0x40000290 bm=0xff data=0x0000000000000070 hit
SITAR-L2 read addr=0x400002b0 bm=0xff data=0x0000000000000070 hit
SITAR-L2 read addr=0x40000298 bm=0xff data=0x0000000000000070 hit
SITAR-L2 read addr=0x400002b8 bm=0xff data=0x0000000000000070 hit
SITAR-L2 read addr=0x400002a0 bm=0xff data=0x0000000000000070 hit
SITAR-L2 write addr=0xffffef94 bm=0x0f data=0x0000000000000071 hit
SITAR-L2 read addr=0x400002a8 bm=0xff data=0x0000000000000071 hit
SITAR-L2 read addr=0x400002b0 bm=0xff data=0x0000000000000071 hit
SITAR-L2 write addr=0x400002c0 bm=0xf0 data=0x0000007100000000 miss
SITAR-L2 read addr=0x400002b8 bm=0xff data=0x0000007100000000 hit
SITAR-L2 read addr=0x400002c0 bm=0xff data=0x0000007100000000 hit
SITAR-L2 write addr=0x5051ff90 bm=0x0f data=0x0000000000000074 hit
SITAR-L2 read addr=0x400002c8 bm=0xff data=0x0000000000000074 hit
SITAR-L2 read addr=0x400002d0 bm=0xff data=0x0000000000000074 hit
SITAR-L2 write addr=0x400002c8 bm=0x0f data=0x0000000000000074 hit
SITAR-L2 read addr=0x400002d8 bm=0xff data=0x0000000000000074 hit
SITAR-L2 read addr=0x400002c0 bm=0xff data=0x0000000000000074 hit
SITAR-L2 read addr=0x400002e0 bm=0xff data=0x0000000000000074 hit
SITAR-L2 read addr=0x400002c8 bm=0xff data=0x0000000000000074 hit
SITAR-L2 read addr=0x400002e8 bm=0xff data=0x0000000000000074 hit
SITAR-L2 read addr=0x400002d0 bm=0xff data=0x0000000000000074 hit
SITAR-L2 read addr=0x400002f0 bm=0xff data=0x0000000000000074 hit
SITAR-L2 read addr=0x400002d8 bm=0xff data=0x0000000000000074 hit
SITAR-L2 read addr=0x400002f8 bm=0xff data=0x0000000000000074 hit
SITAR-L2 read addr=0x400002e0 bm=0xff data=0x0000000000000074 hit
SITAR-L2 write addr=0xffffef94 bm=0x0f data=0x0000000000000075 hit
SITAR-L2 read addr=0x400002e8 bm=0xff data=0x0000000000000075 hit
SITAR-L2 read addr=0x400002f0 bm=0xff data=0x0000000000000075 hit
SITAR-L2 write addr=0x400002d0 bm=0xf0 data=0x0000007500000000 hit
SITAR-L2 read addr=0x400002f8 bm=0xff data=0x0000007500000000 hit
SITAR-L2 read addr=0x400002c0 bm=0xff data=0x0000007500000000 hit
SITAR-L2 write addr=0x5051ff90 bm=0x0f data=0x0000000000000078 hit
SITAR-L2 read addr=0x400002c8 bm=0xff data=0x0000000000000078 hit
SITAR-L2 read addr=0x400002d0 bm=0xff data=0x0000000000000078 hit
SITAR-L2 write addr=0x400002d8 bm=0x0f data=0x0000000000000078 hit
SITAR-L2 read addr=0x400002d8 bm=0xff data=0x0000000000000078 hit
SITAR-L2 read addr=0x400002c0 bm=0xff data=0x0000000000000078 hit
SITAR-L2 read addr=0x400002e0 bm=0xff data=0x0000000000000078 hit
SITAR-L2 read addr=0x400002c8 bm=0xff data=0x0000000000000078 hit
SITAR-L2 read addr=0x400002e8 bm=0xff data=0x0000000000000078 hit
SITAR-L2 read addr=0x400002d0 bm=0xff data=0x0000000000000078 hit
SITAR-L2 read addr=0x400002f0 bm=0xff data=0x0000000000000078 hit
SITAR-L2 read addr=0x400002d8 bm=0xff data=0x0000000000000078 hit
SITAR-L2 read addr=0x400002f8 bm=0xff data=0x0000000000000078 hit
SITAR-L2 read addr=0x400002e0 bm=0xff data=0x0000000000000078 hit
SITAR-L2 write addr=0xffffef94 bm=0x0f data=0x0000000000000079 hit
SITAR-L2 read addr=0x400002e8 bm=0xff data=0x0000000000000079 hit
SITAR-L2 read addr=0x400002f0 bm=0xff data=0x0000000000000079 hit
SITAR-L2 write addr=0x400002e0 bm=0xf0 data=0x0000007900000000 hit
SITAR-L2 read addr=0x400002f8 bm=0xff data=0x0000007900000000 hit
SITAR-L2 read addr=0x400002c0 bm=0xff data=0x0000007900000000 hit
SITAR-L2 write addr=0x5051ff90 bm=0x0f data=0x000000000000007c hit
SITAR-L2 read addr=0x400002c8 bm=0xff data=0x000000000000007c hit
SITAR-L2 read addr=0x400002d0 bm=0xff data=0x000000000000007c hit
SITAR-L2 write addr=0x400002e8 bm=0x0f data=0x000000000000007c hit
SITAR-L2 read addr=0x400002d8 bm=0xff data=0x000000000000007c hit
SITAR-L2 read addr=0x400002c0 bm=0xff data=0x000000000000007c hit
SITAR-L2 read addr=0x400002e0 bm=0xff data=0x000000000000007c hit
SITAR-L2 read addr=0x400002c8 bm=0xff data=0x000000000000007c hit
SITAR-L2 read addr=0x400002e8 bm=0xff data=0x000000000000007c hit
SITAR-L2 read addr=0x400002d0 bm=0xff data=0x000000000000007c hit
SITAR-L2 read addr=0x400002f0 bm=0xff data=0x000000000000007c hit
SITAR-L2 read addr=0x400002d8 bm=0xff data=0x000000000000007c hit
SITAR-L2 read addr=0x400002f8 bm=0xff data=0x000000000000007c hit
SITAR-L2 read addr=0x400002e0 bm=0xff data=0x000000000000007c hit
SITAR-L2 write addr=0xffffef94 bm=0x0f data=0x000000000000007d hit
SITAR-L2 read addr=0x400002e8 bm=0xff data=0x000000000000007d hit
SITAR-L2 read addr=0x400002f0 bm=0xff data=0x000000000000007d hit
SITAR-L2 write addr=0x400002f0 bm=0xf0 data=0x0000007d00000000 hit
SITAR-L2 read addr=0x400002f8 bm=0xff data=0x0000007d00000000 hit
SITAR-L2 read addr=0x400002c0 bm=0xff data=0x0000007d00000000 hit
SITAR-L2 write addr=0x5051ff90 bm=0x0f data=0x0000000000000080 hit
SITAR-L2 read addr=0x400002c8 bm=0xff data=0x0000000000000080 hit
SITAR-L2 read addr=0x400002d0 bm=0xff data=0x0000000000000080 hit
SITAR-L2 write addr=0x400002f8 bm=0x0f data=0x0000000000000080 hit
SITAR-L2 read addr=0x400002d8 bm=0xff data=0x0000000000000080 hit
SITAR-L2 read addr=0x400002c0 bm=0xff data=0x0000000000000080 hit
SITAR-L2 read addr=0x400002e0 bm=0xff data=0x0000000000000080 hit
SITAR-L2 read addr=0x400002c8 bm=0xff data=0x0000000000000080 hit
SITAR-L2 read addr=0x400002e8 bm=0xff data=0x0000000000000080 hit
SITAR-L2 read addr=0x400002d0 bm=0xff data=0x0000000000000080 hit
SITAR-L2 read addr=0x400002f0 bm=0xff data=0x0000000000000080 hit
SITAR-L2 read addr=0x400002d8 bm=0xff data=0x0000000000000080 hit
SITAR-L2 read addr=0x400002f8 bm=0xff data=0x0000000000000080 hit
SITAR-L2 read addr=0x400002e0 bm=0xff data=0x0000000000000080 hit
SITAR-L2 write addr=0xffffef94 bm=0x0f data=0x0000000000000081 hit
SITAR-L2 read addr=0x400002e8 bm=0xff data=0x0000000000000081 hit
SITAR-L2 read addr=0x400002f0 bm=0xff data=0x0000000000000081 hit
SITAR-L2 write addr=0x40000300 bm=0xf0 data=0x0000008100000000 miss
SITAR-L2 read addr=0x400002f8 bm=0xff data=0x0000008100000000 hit
SITAR-L2 read addr=0x40000300 bm=0xff data=0x0000008100000000 hit
SITAR-L2 write addr=0x5051ff90 bm=0x0f data=0x0000000000000084 hit
SITAR-L2 read addr=0x40000308 bm=0xff data=0x0000000000000084 hit
SITAR-L2 read addr=0x40000310 bm=0xff data=0x0000000000000084 hit
SITAR-L2 write addr=0x40000308 bm=0x0f data=0x0000000000000084 hit
SITAR-L2 read addr=0x40000318 bm=0xff data=0x0000000000000084 hit
SITAR-L2 read addr=0x40000300 bm=0xff data=0x0000000000000084 hit
SITAR-L2 read addr=0x40000320 bm=0xff data=0x0000000000000084 hit
SITAR-L2 read addr=0x40000308 bm=0xff data=0x0000000000000084 hit
SITAR-L2 read addr=0x40000328 bm=0xff data=0x0000000000000084 hit
SITAR-L2 read addr=0x40000310 bm=0xff data=0x0000000000000084 hit
SITAR-L2 read addr=0x40000330 bm=0xff data=0x0000000000000084 hit
SITAR-L2 read addr=0x40000318 bm=0xff data=0x0000000000000084 hit
SITAR-L2 read addr=0x40000338 bm=0xff data=0x0000000000000084 hit
SITAR-L2 read addr=0x40000320 bm=0xff data=0x0000000000000084 hit
SITAR-L2 write addr=0xffffef94 bm=0x0f data=0x0000000000000085 hit
SITAR-L2 read addr=0x40000328 bm=0xff data=0x0000000000000085 hit
SITAR-L2 read addr=0x40000330 bm=0xff data=0x0000000000000085 hit
SITAR-L2 write addr=0x40000310 bm=0xf0 data=0x0000008500000000 hit
SITAR-L2 read addr=0x40000338 bm=0xff data=0x0000008500000000 hit
SITAR-L2 read addr=0x40000300 bm=0xff data=0x0000008500000000 hit
SITAR-L2 write addr=0x5051ff90 bm=0x0f data=0x0000000000000088 hit
SITAR-L2 read addr=0x40000308 bm=0xff data=0x0000000000000088 hit
SITAR-L2 read addr=0x40000310 bm=0xff data=0x0000000000000088 hit
SITAR-L2 write addr=0x40000318 bm=0x0f data=0x0000000000000088 hit
SITAR-L2 read addr=0x40000318 bm=0xff data=0x0000000000000088 hit
SITAR-L2 read addr=0x40000300 bm=0xff data=0x0000000000000088 hit
SITAR-L2 read addr=0x40000320 bm=0xff data=0x0000000000000088 hit
SITAR-L2 read addr=0x40000308 bm=0xff data=0x0000000000000088 hit
SITAR-L2 read addr=0x40000328 bm=0xff data=0x0000000000000088 hit
SITAR-L2 read addr=0x40000310 bm=0xff data=0x0000000000000088 hit
SITAR-L2 read addr=0x40000330 bm=0xff data=0x0000000000000088 hit
SITAR-L2 read addr=0x40000318 bm=0xff data=0x0000000000000088 hit
SITAR-L2 read addr=0x40000338 bm=0xff data=0x0000000000000088 hit
SITAR-L2 read addr=0x40000320 bm=0xff data=0x0000000000000088 hit
SITAR-L2 write addr=0xffffef94 bm=0x0f data=0x0000000000000089 hit
SITAR-L2 read addr=0x40000328 bm=0xff data=0x0000000000000089 hit
SITAR-L2 read addr=0x40000330 bm=0xff data=0x0000000000000089 hit
SITAR-L2 write addr=0x40000320 bm=0xf0 data=0x0000008900000000 hit
SITAR-L2 read addr=0x40000338 bm=0xff data=0x0000008900000000 hit
SITAR-L2 read addr=0x40000300 bm=0xff data=0x0000008900000000 hit
SITAR-L2 write addr=0x5051ff90 bm=0x0f data=0x000000000000008c hit
SITAR-L2 read addr=0x40000308 bm=0xff data=0x000000000000008c hit
SITAR-L2 read addr=0x40000310 bm=0xff data=0x000000000000008c hit
SITAR-L2 write addr=0x40000328 bm=0x0f data=0x000000000000008c hit
SITAR-L2 read addr=0x40000318 bm=0xff data=0x000000000000008c hit
SITAR-L2 read addr=0x40000300 bm=0xff data=0x000000000000008c hit
SITAR-L2 read addr=0x40000320 bm=0xff data=0x000000000000008c hit
SITAR-L2 read addr=0x40000308 bm=0xff data=0x000000000000008c hit
SITAR-L2 read addr=0x40000328 bm=0xff data=0x000000000000008c hit
SITAR-L2 read addr=0x40000310 bm=0xff data=0x000000000000008c hit
SITAR-L2 read addr=0x40000330 bm=0xff data=0x000000000000008c hit
SITAR-L2 read addr=0x40000318 bm=0xff data=0x000000000000008c hit
SITAR-L2 read addr=0x40000338 bm=0xff data=0x000000000000008c hit
SITAR-L2 read addr=0x40000320 bm=0xff data=0x000000000000008c hit
SITAR-L2 write addr=0xffffef94 bm=0x0f data=0x000000000000008d hit
SITAR-L2 read addr=0x40000328 bm=0xff data=0x000000000000008d hit
SITAR-L2 read addr=0x40000330 bm=0xff data=0x000000000000008d hit
SITAR-L2 write addr=0x40000330 bm=0xf0 data=0x0000008d00000000 hit
SITAR-L2 read addr=0x40000338 bm=0xff data=0x0000008d00000000 hit
SITAR-L2 read addr=0x40000300 bm=0xff data=0x0000008d00000000 hit
SITAR-L2 write addr=0x5051ff90 bm=0x0f data=0x0000000000000090 hit
SITAR-L2 read addr=0x40000308 bm=0xff data=0x0000000000000090 hit
SITAR-L2 read addr=0x40000310 bm=0xff data=0x0000000000000090 hit
SITAR-L2 write addr=0x40000338 bm=0x0f data=0x0000000000000090 hit
SITAR-L2 read addr=0x40000318 bm=0xff data=0x0000000000000090 hit
SITAR-L2 read addr=0x40000300 bm=0xff data=0x0000000000000090 hit
SITAR-L2 read addr=0x40000320 bm=0xff data=0x0000000000000090 hit
SITAR-L2 read addr=0x40000308 bm=0xff data=0x0000000000000090 hit
SITAR-L2 read addr=0x40000328 bm=0xff data=0x0000000000000090 hit
SITAR-L2 read addr=0x40000310 bm=0xff data=0x0000000000000090 hit
SITAR-L2 read addr=0x40000330 bm=0xff data=0x0000000000000090 hit
SITAR-L2 read addr=0x40000318 bm=0xff data=0x0000000000000090 hit
SITAR-L2 read addr=0x40000338 bm=0xff data=0x0000000000000090 hit
SITAR-L2 read addr=0x40000320 bm=0xff data=0x0000000000000090 hit
SITAR-L2 write addr=0xffffef94 bm=0x0f data=0x0000000000000091 hit
SITAR-L2 read addr=0x40000328 bm=0xff data=0x0000000000000091 hit
SITAR-L2 read addr=0x40000330 bm=0xff data=0x0000000000000091 hit
SITAR-L2 write addr=0x40000340 bm=0xf0 data=0x0000009100000000 miss
SITAR-L2 read addr=0x40000338 bm=0xff data=0x0000009100000000 hit
SITAR-L2 read addr=0x40000340 bm=0xff data=0x0000009100000000 hit
SITAR-L2 write addr=0x5051ff90 bm=0x0f data=0x0000000000000094 hit
SITAR-L2 read addr=0x40000348 bm=0xff data=0x0000000000000094 hit
SITAR-L2 read addr=0x40000350 bm=0xff data=0x0000000000000094 hit
SITAR-L2 write addr=0x40000348 bm=0x0f data=0x0000000000000094 hit
SITAR-L2 read addr=0x40000358 bm=0xff data=0x0000000000000094 hit
SITAR-L2 read addr=0x40000340 bm=0xff data=0x0000000000000094 hit
SITAR-L2 read addr=0x40000360 bm=0xff data=0x0000000000000094 hit
SITAR-L2 read addr=0x40000348 bm=0xff data=0x0000000000000094 hit
SITAR-L2 read addr=0x40000368 bm=0xff data=0x0000000000000094 hit
SITAR-L2 read addr=0x40000350 bm=0xff data=0x0000000000000094 hit
SITAR-L2 read addr=0x40000370 bm=0xff data=0x0000000000000094 hit
SITAR-L2 read addr=0x40000358 bm=0xff data=0x0000000000000094 hit
SITAR-L2 read addr=0x40000378 bm=0xff data=0x0000000000000094 hit
SITAR-L2 read addr=0x40000360 bm=0xff data=0x0000000000000094 hit
SITAR-L2 write addr=0xffffef94 bm=0x0f data=0x0000000000000095 hit
SITAR-L2 read addr=0x40000368 bm=0xff data=0x0000000000000095 hit
SITAR-L2 read addr=0x40000370 bm=0xff data=0x0000000000000095 hit
SITAR-L2 write addr=0x40000350 bm=0xf0 data=0x0000009500000000 hit
SITAR-L2 read addr=0x40000378 bm=0xff data=0x0000009500000000 hit
SITAR-L2 read addr=0x40000340 bm=0xff data=0x0000009500000000 hit
SITAR-L2 write addr=0x5051ff90 bm=0x0f data=0x0000000000000098 hit
SITAR-L2 read addr=0x40000348 bm=0xff data=0x0000000000000098 hit
SITAR-L2 read addr=0x40000350 bm=0xff data=0x0000000000000098 hit
SITAR-L2 write addr=0x40000358 bm=0x0f data=0x0000000000000098 hit
SITAR-L2 read addr=0x40000358 bm=0xff data=0x0000000000000098 hit
SITAR-L2 read addr=0x40000340 bm=0xff data=0x0000000000000098 hit
SITAR-L2 read addr=0x40000360 bm=0xff data=0x0000000000000098 hit
SITAR-L2 read addr=0x40000348 bm=0xff data=0x0000000000000098 hit
SITAR-L2 read addr=0x40000368 bm=0xff data=0x0000000000000098 hit
SITAR-L2 read addr=0x40000350 bm=0xff data=0x0000000000000098 hit
SITAR-L2 read addr=0x40000370 bm=0xff data=0x0000000000000098 hit
SITAR-L2 read addr=0x40000358 bm=0xff data=0x0000000000000098 hit
SITAR-L2 read addr=0x40000378 bm=0xff data=0x0000000000000098 hit
SITAR-L2 read addr=0x40000360 bm=0xff data=0x0000000000000098 hit
SITAR-L2 write addr=0xffffef94 bm=0x0f data=0x0000000000000099 hit
SITAR-L2 read addr=0x40000368 bm=0xff data=0x0000000000000099 hit
SITAR-L2 read addr=0x40000370 bm=0xff data=0x0000000000000099 hit
SITAR-L2 write addr=0x40000360 bm=0xf0 data=0x0000009900000000 hit
SITAR-L2 read addr=0x40000378 bm=0xff data=0x0000009900000000 hit
SITAR-L2 read addr=0x40000340 bm=0xff data=0x0000009900000000 hit
SITAR-L2 write addr=0x5051ff90 bm=0x0f data=0x000000000000009c hit
SITAR-L2 read addr=0x40000348 bm=0xff data=0x000000000000009c hit
SITAR-L2 read addr=0x40000350 bm=0xff data=0x000000000000009c hit
SITAR-L2 write addr=0x40000368 bm=0x0f data=0x000000000000009c hit
SITAR-L2 read addr=0x40000358 bm=0xff data=0x000000000000009c hit
SITAR-L2 read addr=0x40000340 bm=0xff data=0x000000000000009c hit
SITAR-L2 read addr=0x40000360 bm=0xff data=0x000000000000009c hit
SITAR-L2 read addr=0x40000348 bm=0xff data=0x000000000000009c hit
SITAR-L2 read addr=0x40000368 bm=0xff data=0x000000000000009c hit
SITAR-L2 read addr=0x40000350 bm=0xff data=0x000000000000009c hit
SITAR-L2 read addr=0x40000370 bm=0xff data=0x000000000000009c hit
SITAR-L2 read addr=0x40000358 bm=0xff data=0x000000000000009c hit
SITAR-L2 read addr=0x40000378 bm=0xff data=0x000000000000009c hit
SITAR-L2 read addr=0x40000360 bm=0xff data=0x000000000000009c hit
SITAR-L2 write addr=0xffffef94 bm=0x0f data=0x000000000000009d hit
SITAR-L2 read addr=0x40000368 bm=0xff data=0x000000000000009d hit
SITAR-L2 read addr=0x40000370 bm=0xff data=0x000000000000009d hit
SITAR-L2 write addr=0x40000370 bm=0xf0 data=0x0000009d00000000 hit
SITAR-L2 read addr=0x40000378 bm=0xff data=0x0000009d00000000 hit
SITAR-L2 read addr=0x40000340 bm=0xff data=0x0000009d00000000 hit
SITAR-L2 write addr=0x5051ff90 bm=0x0f data=0x00000000000000a0 hit
SITAR-L2 read addr=0x40000348 bm=0xff data=0x00000000000000a0 hit
SITAR-L2 read addr=0x40000350 bm=0xff data=0x00000000000000a0 hit
SITAR-L2 write addr=0x40000378 bm=0x0f data=0x00000000000000a0 hit
SITAR-L2 read addr=0x40000358 bm=0xff data=0x00000000000000a0 hit
SITAR-L2 read addr=0x40000340 bm=0xff data=0x00000000000000a0 hit
SITAR-L2 read addr=0x40000360 bm=0xff data=0x00000000000000a0 hit
SITAR-L2 read addr=0x40000348 bm=0xff data=0x00000000000000a0 hit
SITAR-L2 read addr=0x40000368 bm=0xff data=0x00000000000000a0 hit
SITAR-L2 read addr=0x40000350 bm=0xff data=0x00000000000000a0 hit
SITAR-L2 read addr=0x40000370 bm=0xff data=0x00000000000000a0 hit
SITAR-L2 read addr=0x40000358 bm=0xff data=0x00000000000000a0 hit
SITAR-L2 read addr=0x40000378 bm=0xff data=0x00000000000000a0 hit
SITAR-L2 read addr=0x40000360 bm=0xff data=0x00000000000000a0 hit
SITAR-L2 write addr=0xffffef94 bm=0x0f data=0x00000000000000a1 hit
SITAR-L2 read addr=0x40000368 bm=0xff data=0x00000000000000a1 hit
SITAR-L2 read addr=0x40000370 bm=0xff data=0x00000000000000a1 hit
SITAR-L2 write addr=0x40000380 bm=0xf0 data=0x000000a100000000 miss
SITAR-L2 read addr=0x40000378 bm=0xff data=0x000000a100000000 hit
SITAR-L2 read addr=0x40000380 bm=0xff data=0x000000a100000000 hit
SITAR-L2 write addr=0x5051ff90 bm=0x0f data=0x00000000000000a4 hit
SITAR-L2 read addr=0x40000388 bm=0xff data=0x00000000000000a4 hit
SITAR-L2 read addr=0x40000390 bm=0xff data=0x00000000000000a4 hit
SITAR-L2 write addr=0x40000388 bm=0x0f data=0x00000000000000a4 hit
SITAR-L2 read addr=0x40000398 bm=0xff data=0x00000000000000a4 hit
SITAR-L2 read addr=0x40000380 bm=0xff data=0x00000000000000a4 hit
SITAR-L2 read addr=0x400003a0 bm=0xff data=0x00000000000000a4 hit
SITAR-L2 read addr=0x40000388 bm=0xff data=0x00000000000000a4 hit
SITAR-L2 read addr=0x400003a8 bm=0xff data=0x00000000000000a4 hit
SITAR-L2 read addr=0x40000390 bm=0xff data=0x00000000000000a4 hit
SITAR-L2 read addr=0x400003b0 bm=0xff data=0x00000000000000a4 hit
SITAR-L2 read addr=0x40000398 bm=0xff data=0x00000000000000a4 hit
SITAR-L2 read addr=0x400003b8 bm=0xff data=0x00000000000000a4 hit
SITAR-L2 read addr=0x400003a0 bm=0xff data=0x00000000000000a4 hit
SITAR-L2 write addr=0xffffef94 bm=0x0f data=0x00000000000000a5 hit
SITAR-L2 read addr=0x400003a8 bm=0xff data=0x00000000000000a5 hit
SITAR-L2 read addr=0x400003b0 bm=0xff data=0x00000000000000a5 hit
SITAR-L2 write addr=0x40000390 bm=0xf0 data=0x000000a500000000 hit
SITAR-L2 read addr=0x400003b8 bm=0xff data=0x000000a500000000 hit
SITAR-L2 read addr=0x40000380 bm=0xff data=0x000000a500000000 hit
SITAR-L2 write addr=0x5051ff90 bm=0x0f data=0x00000000000000a8 hit
SITAR-L2 read addr=0x40000388 bm=0xff data=0x00000000000000a8 hit
SITAR-L2 read addr=0x40000390 bm=0xff data=0x00000000000000a8 hit
SITAR-L2 write addr=0x40000398 bm=0x0f data=0x00000000000000a8 hit
SITAR-L2 read addr=0x40000398 bm=0xff data=0x00000000000000a8 hit
SITAR-L2 read addr=0x40000380 bm=0xff data=0x00000000000000a8 hit
SITAR-L2 read addr=0x400003a0 bm=0xff data=0x00000000000000a8 hit
SITAR-L2 read addr=0x40000388 bm=0xff data=0x00000000000000a8 hit
SITAR-L2 read addr=0x400003a8 bm=0xff data=0x00000000000000a8 hit
SITAR-L2 read addr=0x40000390 bm=0xff data=0x00000000000000a8 hit
SITAR-L2 read addr=0x400003b0 bm=0xff data=0x00000000000000a8 hit
SITAR-L2 read addr=0x40000398 bm=0xff data=0x00000000000000a8 hit
SITAR-L2 read addr=0x400003b8 bm=0xff data=0x00000000000000a8 hit
SITAR-L2 read addr=0x400003a0 bm=0xff data=0x00000000000000a8 hit
SITAR-L2 write addr=0xffffef94 bm=0x0f data=0x00000000000000a9 hit
SITAR-L2 read addr=0x400003a8 bm=0xff data=0x00000000000000a9 hit
SITAR-L2 read addr=0x400003b0 bm=0xff data=0x00000000000000a9 hit
SITAR-L2 write addr=0x400003a0 bm=0xf0 data=0x000000a900000000 hit
SITAR-L2 read addr=0x400003b8 bm=0xff data=0x000000a900000000 hit
SITAR-L2 read addr=0x40000380 bm=0xff data=0x000000a900000000 hit
SITAR-L2 write addr=0x5051ff90 bm=0x0f data=0x00000000000000ac hit
SITAR-L2 read addr=0x40000388 bm=0xff data=0x00000000000000ac hit
SITAR-L2 read addr=0x40000390 bm=0xff data=0x00000000000000ac hit
SITAR-L2 write addr=0x400003a8 bm=0x0f data=0x00000000000000ac hit
SITAR-L2 read addr=0x40000398 bm=0xff data=0x00000000000000ac hit
SITAR-L2 read addr=0x40000380 bm=0xff data=0x00000000000000ac hit
SITAR-L2 read addr=0x400003a0 bm=0xff data=0x00000000000000ac hit
SITAR-L2 read addr=0x40000388 bm=0xff data=0x00000000000000ac hit
SITAR-L2 read addr=0x400003a8 bm=0xff data=0x00000000000000ac hit
SITAR-L2 read addr=0x40000390 bm=0xff data=0x00000000000000ac hit
SITAR-L2 read addr=0x400003b0 bm=0xff data=0x00000000000000ac hit
SITAR-L2 read addr=0x40000398 bm=0xff data=0x00000000000000ac hit
SITAR-L2 read addr=0x400003b8 bm=0xff data=0x00000000000000ac hit
SITAR-L2 read addr=0x400003a0 bm=0xff data=0x00000000000000ac hit
SITAR-L2 write addr=0xffffef94 bm=0x0f data=0x00000000000000ad hit
SITAR-L2 read addr=0x400003a8 bm=0xff data=0x00000000000000ad hit
SITAR-L2 read addr=0x400003b0 bm=0xff data=0x00000000000000ad hit
SITAR-L2 write addr=0x400003b0 bm=0xf0 data=0x000000ad00000000 hit
SITAR-L2 read addr=0x400003b8 bm=0xff data=0x000000ad00000000 hit
SITAR-L2 read addr=0x40000380 bm=0xff data=0x000000ad00000000 hit
SITAR-L2 write addr=0x5051ff90 bm=0x0f data=0x00000000000000b0 hit
SITAR-L2 read addr=0x40000388 bm=0xff data=0x00000000000000b0 hit
SITAR-L2 read addr=0x40000390 bm=0xff data=0x00000000000000b0 hit
SITAR-L2 write addr=0x400003b8 bm=0x0f data=0x00000000000000b0 hit
SITAR-L2 read addr=0x40000398 bm=0xff data=0x00000000000000b0 hit
SITAR-L2 read addr=0x40000380 bm=0xff data=0x00000000000000b0 hit
SITAR-L2 read addr=0x400003a0 bm=0xff data=0x00000000000000b0 hit
SITAR-L2 read addr=0x40000388 bm=0xff data=0x00000000000000b0 hit
SITAR-L2 read addr=0x400003a8 bm=0xff data=0x00000000000000b0 hit
SITAR-L2 read addr=0x40000390 bm=0xff data=0x00000000000000b0 hit
SITAR-L2 read addr=0x400003b0 bm=0xff data=0x00000000000000b0 hit
SITAR-L2 read addr=0x40000398 bm=0xff data=0x00000000000000b0 hit
SITAR-L2 read addr=0x400003b8 bm=0xff data=0x00000000000000b0 hit
SITAR-L2 read addr=0x400003a0 bm=0xff data=0x00000000000000b0 hit
SITAR-L2 write addr=0xffffef94 bm=0x0f data=0x00000000000000b1 hit
SITAR-L2 read addr=0x400003a8 bm=0xff data=0x00000000000000b1 hit
SITAR-L2 read addr=0x400003b0 bm=0xff data=0x00000000000000b1 hit
SITAR-L2 write addr=0x400003c0 bm=0xf0 data=0x000000b100000000 miss
SITAR-L2 read addr=0x400003b8 bm=0xff data=0x000000b100000000 hit
SITAR-L2 read addr=0x400003c0 bm=0xff data=0x000000b100000000 hit
SITAR-L2 write addr=0x5051ff90 bm=0x0f data=0x00000000000000b4 hit
SITAR-L2 read addr=0x400003c8 bm=0xff data=0x00000000000000b4 hit
SITAR-L2 read addr=0x400003d0 bm=0xff data=0x00000000000000b4 hit
SITAR-L2 write addr=0x400003c8 bm=0x0f data=0x00000000000000b4 hit
SITAR-L2 read addr=0x400003d8 bm=0xff data=0x00000000000000b4 hit
SITAR-L2 read addr=0x400003c0 bm=0xff data=0x00000000000000b4 hit
SITAR-L2 read addr=0x400003e0 bm=0xff data=0x00000000000000b4 hit
SITAR-L2 read addr=0x400003c8 bm=0xff data=0x00000000000000b4 hit
SITAR-L2 read addr=0x400003e8 bm=0xff data=0x00000000000000b4 hit
SITAR-L2 read addr=0x400003d0 bm=0xff data=0x00000000000000b4 hit
SITAR-L2 read addr=0x400003f0 bm=0xff data=0x00000000000000b4 hit
SITAR-L2 read addr=0x400003d8 bm=0xff data=0x00000000000000b4 hit
SITAR-L2 read addr=0x400003f8 bm=0xff data=0x00000000000000b4 hit
SITAR-L2 read addr=0x400003e0 bm=0xff data=0x00000000000000b4 hit
SITAR-L2 write addr=0xffffef94 bm=0x0f data=0x00000000000000b5 hit
SITAR-L2 read addr=0x400003e8 bm=0xff data=0x00000000000000b5 hit
SITAR-L2 read addr=0x400003f0 bm=0xff data=0x00000000000000b5 hit
SITAR-L2 write addr=0x400003d0 bm=0xf0 data=0x000000b500000000 hit
SITAR-L2 read addr=0x400003f8 bm=0xff data=0x000000b500000000 hit
SITAR-L2 read addr=0x400003c0 bm=0xff data=0x000000b500000000 hit
SITAR-L2 write addr=0x5051ff90 bm=0x0f data=0x00000000000000b8 hit
SITAR-L2 read addr=0x400003c8 bm=0xff data=0x00000000000000b8 hit
SITAR-L2 read addr=0x400003d0 bm=0xff data=0x00000000000000b8 hit
SITAR-L2 write addr=0x400003d8 bm=0x0f data=0x00000000000000b8 hit
SITAR-L2 read addr=0x400003d8 bm=0xff data=0x00000000000000b8 hit
SITAR-L2 read addr=0x400003c0 bm=0xff data=0x00000000000000b8 hit
SITAR-L2 read addr=0x400003e0 bm=0xff data=0x00000000000000b8 hit
SITAR-L2 read addr=0x400003c8 bm=0xff data=0x00000000000000b8 hit
SITAR-L2 read addr=0x400003e8 bm=0xff data=0x00000000000000b8 hit
SITAR-L2 read addr=0x400003d0 bm=0xff data=0x00000000000000b8 hit
SITAR-L2 read addr=0x400003f0 bm=0xff data=0x00000000000000b8 hit
SITAR-L2 read addr=0x400003d8 bm=0xff data=0x00000000000000b8 hit
SITAR-L2 read addr=0x400003f8 bm=0xff data=0x00000000000000b8 hit
SITAR-L2 read addr=0x400003e0 bm=0xff data=0x00000000000000b8 hit
SITAR-L2 write addr=0xffffef94 bm=0x0f data=0x00000000000000b9 hit
SITAR-L2 read addr=0x400003e8 bm=0xff data=0x00000000000000b9 hit
SITAR-L2 read addr=0x400003f0 bm=0xff data=0x00000000000000b9 hit
SITAR-L2 write addr=0x400003e0 bm=0xf0 data=0x000000b900000000 hit
SITAR-L2 read addr=0x400003f8 bm=0xff data=0x000000b900000000 hit
SITAR-L2 read addr=0x400003c0 bm=0xff data=0x000000b900000000 hit
SITAR-L2 write addr=0x5051ff90 bm=0x0f data=0x00000000000000bc hit
SITAR-L2 read addr=0x400003c8 bm=0xff data=0x00000000000000bc hit
SITAR-L2 read addr=0x400003d0 bm=0xff data=0x00000000000000bc hit
SITAR-L2 write addr=0x400003e8 bm=0x0f data=0x00000000000000bc hit
SITAR-L2 read addr=0x400003d8 bm=0xff data=0x00000000000000bc hit
SITAR-L2 read addr=0x400003c0 bm=0xff data=0x00000000000000bc hit
SITAR-L2 read addr=0x400003e0 bm=0xff data=0x00000000000000bc hit
SITAR-L2 read addr=0x400003c8 bm=0xff data=0x00000000000000bc hit
SITAR-L2 read addr=0x400003e8 bm=0xff data=0x00000000000000bc hit
SITAR-L2 read addr=0x400003d0 bm=0xff data=0x00000000000000bc hit
SITAR-L2 read addr=0x400003f0 bm=0xff data=0x00000000000000bc hit
SITAR-L2 read addr=0x400003d8 bm=0xff data=0x00000000000000bc hit
SITAR-L2 read addr=0x400003f8 bm=0xff data=0x00000000000000bc hit
SITAR-L2 read addr=0x400003e0 bm=0xff data=0x00000000000000bc hit
SITAR-L2 write addr=0xffffef94 bm=0x0f data=0x00000000000000bd hit
SITAR-L2 read addr=0x400003e8 bm=0xff data=0x00000000000000bd hit
SITAR-L2 read addr=0x400003f0 bm=0xff data=0x00000000000000bd hit
SITAR-L2 write addr=0x400003f0 bm=0xf0 data=0x000000bd00000000 hit
SITAR-L2 read addr=0x400003f8 bm=0xff data=0x000000bd00000000 hit
SITAR-L2 read addr=0x400003c0 bm=0xff data=0x000000bd00000000 hit
SITAR-L2 write addr=0x5051ff90 bm=0x0f data=0x00000000000000c0 hit
SITAR-L2 read addr=0x400003c8 bm=0xff data=0x00000000000000c0 hit
SITAR-L2 read addr=0x400003d0 bm=0xff data=0x00000000000000c0 hit
SITAR-L2 write addr=0x400003f8 bm=0x0f data=0x00000000000000c0 hit
SITAR-L2 read addr=0x400003d8 bm=0xff data=0x00000000000000c0 hit
SITAR-L2 read addr=0x400003c0 bm=0xff data=0x00000000000000c0 hit
SITAR-L2 read addr=0x400003e0 bm=0xff data=0x00000000000000c0 hit
SITAR-L2 read addr=0x400003c8 bm=0xff data=0x00000000000000c0 hit
SITAR-L2 read addr=0x400003e8 bm=0xff data=0x00000000000000c0 hit
SITAR-L2 read addr=0x400003d0 bm=0xff data=0x00000000000000c0 hit
SITAR-L2 read addr=0x400003f0 bm=0xff data=0x00000000000000c0 hit
SITAR-L2 read addr=0x400003d8 bm=0xff data=0x00000000000000c0 hit
SITAR-L2 read addr=0x400003f8 bm=0xff data=0x00000000000000c0 hit
SITAR-L2 read addr=0x400003e0 bm=0xff data=0x00000000000000c0 hit
SITAR-L2 write addr=0xffffef94 bm=0x0f data=0x00000000000000c1 hit
SITAR-L2 read addr=0x400003e8 bm=0xff data=0x00000000000000c1 hit
SITAR-L2 read addr=0x400003f0 bm=0xff data=0x00000000000000c1 hit
SITAR-L2 write addr=0x40000400 bm=0xf0 data=0x000000c100000000 miss
SITAR-L2 read addr=0x400003f8 bm=0xff data=0x000000c100000000 hit
SITAR-L2 read addr=0x40000400 bm=0xff data=0x000000c100000000 hit
SITAR-L2 write addr=0x5051ff90 bm=0x0f data=0x00000000000000c4 hit
SITAR-L2 read addr=0x40000408 bm=0xff data=0x00000000000000c4 hit
SITAR-L2 read addr=0x40000410 bm=0xff data=0x00000000000000c4 hit
SITAR-L2 write addr=0x40000408 bm=0x0f data=0x00000000000000c4 hit
SITAR-L2 read addr=0x40000418 bm=0xff data=0x00000000000000c4 hit
SITAR-L2 read addr=0x40000400 bm=0xff data=0x00000000000000c4 hit
SITAR-L2 read addr=0x40000420 bm=0xff data=0x00000000000000c4 hit
SITAR-L2 read addr=0x40000408 bm=0xff data=0x00000000000000c4 hit
SITAR-L2 read addr=0x40000428 bm=0xff data=0x00000000000000c4 hit
SITAR-L2 read addr=0x40000410 bm=0xff data=0x00000000000000c4 hit
SITAR-L2 read addr=0x40000430 bm=0xff data=0x00000000000000c4 hit
SITAR-L2 read addr=0x40000418 bm=0xff data=0x00000000000000c4 hit
SITAR-L2 read addr=0x40000438 bm=0xff data=0x00000000000000c4 hit
SITAR-L2 read addr=0x40000420 bm=0xff data=0x00000000000000c4 hit
SITAR-L2 write addr=0xffffef94 bm=0x0f data=0x00000000000000c5 hit
SITAR-L2 read addr=0x40000428 bm=0xff data=0x00000000000000c5 hit
SITAR-L2 read addr=0x40000430 bm=0xff data=0x00000000000000c5 hit
SITAR-L2 write addr=0x40000410 bm=0xf0 data=0x000000c500000000 hit
SITAR-L2 read addr=0x40000438 bm=0xff data=0x000000c500000000 hit
SITAR-L2 read addr=0x40000400 bm=0xff data=0x000000c500000000 hit
SITAR-L2 write addr=0x5051ff90 bm=0x0f data=0x00000000000000c8 hit
SITAR-L2 read addr=0x40000408 bm=0xff data=0x00000000000000c8 hit
SITAR-L2 read addr=0x40000410 bm=0xff data=0x00000000000000c8 hit
SITAR-L2 write addr=0x40000418 bm=0x0f data=0x00000000000000c8 hit
SITAR-L2 read addr=0x40000418 bm=0xff data=0x00000000000000c8 hit
SITAR-L2 read addr=0x40000400 bm=0xff data=0x00000000000000c8 hit
SITAR-L2 read addr=0x40000420 bm=0xff data=0x00000000000000c8 hit
SITAR-L2 read addr=0x40000408 bm=0xff data=0x00000000000000c8 hit
SITAR-L2 read addr=0x40000428 bm=0xff data=0x00000000000000c8 hit
SITAR-L2 read addr=0x40000410 bm=0xff data=0x00000000000000c8 hit
SITAR-L2 read addr=0x40000430 bm=0xff data=0x00000000000000c8 hit
SITAR-L2 read addr=0x40000418 bm=0xff data=0x00000000000000c8 hit
SITAR-L2 read addr=0x40000438 bm=0xff data=0x00000000000000c8 hit
SITAR-L2 read addr=0x40000420 bm=0xff data=0x00000000000000c8 hit
SITAR-L2 write addr=0xffffef94 bm=0x0f data=0x00000000000000c9 hit
SITAR-L2 read addr=0x40000428 bm=0xff data=0x00000000000000c9 hit
SITAR-L2 read addr=0x40000430 bm=0xff data=0x00000000000000c9 hit
SITAR-L2 write addr=0x40000420 bm=0xf0 data=0x000000c900000000 hit
SITAR-L2 read addr=0x40000438 bm=0xff data=0x000000c900000000 hit
SITAR-L2 read addr=0x40000400 bm=0xff data=0x000000c900000000 hit
SITAR-L2 write addr=0x5051ff90 bm=0x0f data=0x00000000000000cc hit
SITAR-L2 read addr=0x40000408 bm=0xff data=0x00000000000000cc hit
SITAR-L2 read addr=0x40000410 bm=0xff data=0x00000000000000cc hit
SITAR-L2 write addr=0x40000428 bm=0x0f data=0x00000000000000cc hit
SITAR-L2 read addr=0x40000418 bm=0xff data=0x00000000000000cc hit
SITAR-L2 read addr=0x40000400 bm=0xff data=0x00000000000000cc hit
SITAR-L2 read addr=0x40000420 bm=0xff data=0x00000000000000cc hit
SITAR-L2 read addr=0x40000408 bm=0xff data=0x00000000000000cc hit
SITAR-L2 read addr=0x40000428 bm=0xff data=0x00000000000000cc hit
SITAR-L2 read addr=0x40000410 bm=0xff data=0x00000000000000cc hit
SITAR-L2 read addr=0x40000430 bm=0xff data=0x00000000000000cc hit
SITAR-L2 read addr=0x40000418 bm=0xff data=0x00000000000000cc hit
SITAR-L2 read addr=0x40000438 bm=0xff data=0x00000000000000cc hit
SITAR-L2 read addr=0x40000420 bm=0xff data=0x00000000000000cc hit
SITAR-L2 write addr=0xffffef94 bm=0x0f data=0x00000000000000cd hit
SITAR-L2 read addr=0x40000428 bm=0xff data=0x00000000000000cd hit
SITAR-L2 read addr=0x40000430 bm=0xff data=0x00000000000000cd hit
SITAR-L2 write addr=0x40000430 bm=0xf0 data=0x000000cd00000000 hit
SITAR-L2 read addr=0x40000438 bm=0xff data=0x000000cd00000000 hit
SITAR-L2 read addr=0x40000400 bm=0xff data=0x000000cd00000000 hit
SITAR-L2 write addr=0x5051ff90 bm=0x0f data=0x00000000000000d0 hit
SITAR-L2 read addr=0x40000408 bm=0xff data=0x00000000000000d0 hit
SITAR-L2 read addr=0x40000410 bm=0xff data=0x00000000000000d0 hit
SITAR-L2 write addr=0x40000438 bm=0x0f data=0x00000000000000d0 hit
SITAR-L2 read addr=0x40000418 bm=0xff data=0x00000000000000d0 hit
SITAR-L2 read addr=0x40000400 bm=0xff data=0x00000000000000d0 hit
SITAR-L2 read addr=0x40000420 bm=0xff data=0x00000000000000d0 hit
SITAR-L2 read addr=0x40000408 bm=0xff data=0x00000000000000d0 hit
SITAR-L2 read addr=0x40000428 bm=0xff data=0x00000000000000d0 hit
SITAR-L2 read addr=0x40000410 bm=0xff data=0x00000000000000d0 hit
SITAR-L2 read addr=0x40000430 bm=0xff data=0x00000000000000d0 hit
SITAR-L2 read addr=0x40000418 bm=0xff data=0x00000000000000d0 hit
SITAR-L2 read addr=0x40000438 bm=0xff data=0x00000000000000d0 hit
SITAR-L2 read addr=0x40000420 bm=0xff data=0x00000000000000d0 hit
SITAR-L2 write addr=0xffffef94 bm=0x0f data=0x00000000000000d1 hit
SITAR-L2 read addr=0x40000428 bm=0xff data=0x00000000000000d1 hit
SITAR-L2 read addr=0x40000430 bm=0xff data=0x00000000000000d1 hit
SITAR-L2 write addr=0x40000440 bm=0xf0 data=0x000000d100000000 miss
SITAR-L2 read addr=0x40000438 bm=0xff data=0x000000d100000000 hit
SITAR-L2 read addr=0x40000440 bm=0xff data=0x000000d100000000 hit
SITAR-L2 write addr=0x5051ff90 bm=0x0f data=0x00000000000000d4 hit
SITAR-L2 read addr=0x40000448 bm=0xff data=0x00000000000000d4 hit
SITAR-L2 read addr=0x40000450 bm=0xff data=0x00000000000000d4 hit
SITAR-L2 write addr=0x40000448 bm=0x0f data=0x00000000000000d4 hit
SITAR-L2 read addr=0x40000458 bm=0xff data=0x00000000000000d4 hit
SITAR-L2 read addr=0x40000440 bm=0xff data=0x00000000000000d4 hit
SITAR-L2 read addr=0x40000460 bm=0xff data=0x00000000000000d4 hit
SITAR-L2 read addr=0x40000448 bm=0xff data=0x00000000000000d4 hit
SITAR-L2 read addr=0x40000468 bm=0xff data=0x00000000000000d4 hit
SITAR-L2 read addr=0x40000450 bm=0xff data=0x00000000000000d4 hit
SITAR-L2 read addr=0x40000470 bm=0xff data=0x00000000000000d4 hit
SITAR-L2 read addr=0x40000458 bm=0xff data=0x00000000000000d4 hit
SITAR-L2 read addr=0x40000478 bm=0xff data=0x00000000000000d4 hit
SITAR-L2 read addr=0x40000460 bm=0xff data=0x00000000000000d4 hit
SITAR-L2 write addr=0xffffef94 bm=0x0f data=0x00000000000000d5 hit
SITAR-L2 read addr=0x40000468 bm=0xff data=0x00000000000000d5 hit
SITAR-L2 read addr=0x40000470 bm=0xff data=0x00000000000000d5 hit
SITAR-L2 write addr=0x40000450 bm=0xf0 data=0x000000d500000000 hit
SITAR-L2 read addr=0x40000478 bm=0xff data=0x000000d500000000 hit
SITAR-L2 read addr=0x40000440 bm=0xff data=0x000000d500000000 hit
SITAR-L2 write addr=0x5051ff90 bm=0x0f data=0x00000000000000d8 hit
SITAR-L2 read addr=0x40000448 bm=0xff data=0x00000000000000d8 hit
SITAR-L2 read addr=0x40000450 bm=0xff data=0x00000000000000d8 hit
SITAR-L2 write addr=0x40000458 bm=0x0f data=0x00000000000000d8 hit
SITAR-L2 read addr=0x40000458 bm=0xff data=0x00000000000000d8 hit
SITAR-L2 read addr=0x40000440 bm=0xff data=0x00000000000000d8 hit
SITAR-L2 read addr=0x40000460 bm=0xff data=0x00000000000000d8 hit
SITAR-L2 read addr=0x40000448 bm=0xff data=0x00000000000000d8 hit
SITAR-L2 read addr=0x40000468 bm=0xff data=0x00000000000000d8 hit
SITAR-L2 read addr=0x40000450 bm=0xff data=0x00000000000000d8 hit
SITAR-L2 read addr=0x40000470 bm=0xff data=0x00000000000000d8 hit
SITAR-L2 read addr=0x40000458 bm=0xff data=0x00000000000000d8 hit
SITAR-L2 read addr=0x40000478 bm=0xff data=0x00000000000000d8 hit
SITAR-L2 read addr=0x40000460 bm=0xff data=0x00000000000000d8 hit
SITAR-L2 write addr=0xffffef94 bm=0x0f data=0x00000000000000d9 hit
SITAR-L2 read addr=0x40000468 bm=0xff data=0x00000000000000d9 hit
SITAR-L2 read addr=0x40000470 bm=0xff data=0x00000000000000d9 hit
SITAR-L2 write addr=0x40000460 bm=0xf0 data=0x000000d900000000 hit
SITAR-L2 read addr=0x40000478 bm=0xff data=0x000000d900000000 hit
SITAR-L2 read addr=0x40000440 bm=0xff data=0x000000d900000000 hit
SITAR-L2 write addr=0x5051ff90 bm=0x0f data=0x00000000000000dc hit
SITAR-L2 read addr=0x40000448 bm=0xff data=0x00000000000000dc hit
SITAR-L2 read addr=0x40000450 bm=0xff data=0x00000000000000dc hit
SITAR-L2 write addr=0x40000468 bm=0x0f data=0x00000000000000dc hit
SITAR-L2 read addr=0x40000458 bm=0xff data=0x00000000000000dc hit
SITAR-L2 read addr=0x40000440 bm=0xff data=0x00000000000000dc hit
SITAR-L2 read addr=0x40000460 bm=0xff data=0x00000000000000dc hit
SITAR-L2 read addr=0x40000448 bm=0xff data=0x00000000000000dc hit
SITAR-L2 read addr=0x40000468 bm=0xff data=0x00000000000000dc hit
SITAR-L2 read addr=0x40000450 bm=0xff data=0x00000000000000dc hit
SITAR-L2 read addr=0x40000470 bm=0xff data=0x00000000000000dc hit
SITAR-L2 read addr=0x40000458 bm=0xff data=0x00000000000000dc hit
SITAR-L2 read addr=0x40000478 bm=0xff data=0x00000000000000dc hit
SITAR-L2 read addr=0x40000460 bm=0xff data=0x00000000000000dc hit
SITAR-L2 write addr=0xffffef94 bm=0x0f data=0x00000000000000dd hit
SITAR-L2 read addr=0x40000468 bm=0xff data=0x00000000000000dd hit
SITAR-L2 read addr=0x40000470 bm=0xff data=0x00000000000000dd hit
SITAR-L2 write addr=0x40000470 bm=0xf0 data=0x000000dd00000000 hit
SITAR-L2 read addr=0x40000478 bm=0xff data=0x000000dd00000000 hit
SITAR-L2 read addr=0x40000440 bm=0xff data=0x000000dd00000000 hit
SITAR-L2 write addr=0x5051ff90 bm=0x0f data=0x00000000000000e0 hit
SITAR-L2 read addr=0x40000448 bm=0xff data=0x00000000000000e0 hit
SITAR-L2 read addr=0x40000450 bm=0xff data=0x00000000000000e0 hit
SITAR-L2 write addr=0x40000478 bm=0x0f data=0x00000000000000e0 hit
SITAR-L2 read addr=0x40000458 bm=0xff data=0x00000000000000e0 hit
SITAR-L2 read addr=0x40000440 bm=0xff data=0x00000000000000e0 hit
SITAR-L2 read addr=0x40000460 bm=0xff data=0x00000000000000e0 hit
SITAR-L2 read addr=0x40000448 bm=0xff data=0x00000000000000e0 hit
SITAR-L2 read addr=0x40000468 bm=0xff data=0x00000000000000e0 hit
SITAR-L2 read addr=0x40000450 bm=0xff data=0x00000000000000e0 hit
SITAR-L2 read addr=0x40000470 bm=0xff data=0x00000000000000e0 hit
SITAR-L2 read addr=0x40000458 bm=0xff data=0x00000000000000e0 hit
SITAR-L2 read addr=0x40000478 bm=0xff data=0x00000000000000e0 hit
SITAR-L2 read addr=0x40000460 bm=0xff data=0x00000000000000e0 hit
SITAR-L2 write addr=0xffffef94 bm=0x0f data=0x00000000000000e1 hit
SITAR-L2 read addr=0x40000468 bm=0xff data=0x00000000000000e1 hit
SITAR-L2 read addr=0x40000470 bm=0xff data=0x00000000000000e1 hit
SITAR-L2 write addr=0x40000480 bm=0xf0 data=0x000000e100000000 miss
SITAR-L2 read addr=0x40000478 bm=0xff data=0x000000e100000000 hit
SITAR-L2 read addr=0x40000480 bm=0xff data=0x000000e100000000 hit
SITAR-L2 write addr=0x5051ff90 bm=0x0f data=0x00000000000000e4 hit
SITAR-L2 read addr=0x40000488 bm=0xff data=0x00000000000000e4 hit
SITAR-L2 read addr=0x40000490 bm=0xff data=0x00000000000000e4 hit
SITAR-L2 write addr=0x40000488 bm=0x0f data=0x00000000000000e4 hit
SITAR-L2 read addr=0x40000498 bm=0xff data=0x00000000000000e4 hit
SITAR-L2 read addr=0x40000480 bm=0xff data=0x00000000000000e4 hit
SITAR-L2 read addr=0x400004a0 bm=0xff data=0x00000000000000e4 hit
SITAR-L2 read addr=0x40000488 bm=0xff data=0x00000000000000e4 hit
SITAR-L2 read addr=0x400004a8 bm=0xff data=0x00000000000000e4 hit
SITAR-L2 read addr=0x40000490 bm=0xff data=0x00000000000000e4 hit
SITAR-L2 read addr=0x400004b0 bm=0xff data=0x00000000000000e4 hit
SITAR-L2 read addr=0x40000498 bm=0xff data=0x00000000000000e4 hit
SITAR-L2 read addr=0x400004b8 bm=0xff data=0x00000000000000e4 hit
SITAR-L2 read addr=0x400004a0 bm=0xff data=0x00000000000000e4 hit
SITAR-L2 write addr=0xffffef94 bm=0x0f data=0x00000000000000e5 hit
SITAR-L2 read addr=0x400004a8 bm=0xff data=0x00000000000000e5 hit
SITAR-L2 read addr=0x400004b0 bm=0xff data=0x00000000000000e5 hit
SITAR-L2 write addr=0x40000490 bm=0xf0 data=0x000000e500000000 hit
SITAR-L2 read addr=0x400004b8 bm=0xff data=0x000000e500000000 hit
SITAR-L2 read addr=0x40000480 bm=0xff data=0x000000e500000000 hit
SITAR-L2 write addr=0x5051ff90 bm=0x0f data=0x00000000000000e8 hit
SITAR-L2 read addr=0x40000488 bm=0xff data=0x00000000000000e8 hit
SITAR-L2 read addr=0x40000490 bm=0xff data=0x00000000000000e8 hit
SITAR-L2 write addr=0x40000498 bm=0x0f data=0x00000000000000e8 hit
SITAR-L2 read addr=0x40000498 bm=0xff data=0x00000000000000e8 hit
SITAR-L2 read addr=0x40000480 bm=0xff data=0x00000000000000e8 hit
SITAR-L2 read addr=0x400004a0 bm=0xff data=0x00000000000000e8 hit
SITAR-L2 read addr=0x40000488 bm=0xff data=0x00000000000000e8 hit
SITAR-L2 read addr=0x400004a8 bm=0xff data=0x00000000000000e8 hit
SITAR-L2 read addr=0x40000490 bm=0xff data=0x00000000000000e8 hit
SITAR-L2 read addr=0x400004b0 bm=0xff data=0x00000000000000e8 hit
SITAR-L2 read addr=0x40000498 bm=0xff data=0x00000000000000e8 hit
SITAR-L2 read addr=0x400004b8 bm=0xff data=0x00000000000000e8 hit
SITAR-L2 read addr=0x400004a0 bm=0xff data=0x00000000000000e8 hit
SITAR-L2 write addr=0xffffef94 bm=0x0f data=0x00000000000000e9 hit
SITAR-L2 read addr=0x400004a8 bm=0xff data=0x00000000000000e9 hit
SITAR-L2 read addr=0x400004b0 bm=0xff data=0x00000000000000e9 hit
SITAR-L2 write addr=0x400004a0 bm=0xf0 data=0x000000e900000000 hit
SITAR-L2 read addr=0x400004b8 bm=0xff data=0x000000e900000000 hit
SITAR-L2 read addr=0x40000480 bm=0xff data=0x000000e900000000 hit
SITAR-L2 write addr=0x5051ff90 bm=0x0f data=0x00000000000000ec hit
SITAR-L2 read addr=0x40000488 bm=0xff data=0x00000000000000ec hit
SITAR-L2 read addr=0x40000490 bm=0xff data=0x00000000000000ec hit
SITAR-L2 write addr=0x400004a8 bm=0x0f data=0x00000000000000ec hit
SITAR-L2 read addr=0x40000498 bm=0xff data=0x00000000000000ec hit
SITAR-L2 read addr=0x40000480 bm=0xff data=0x00000000000000ec hit
SITAR-L2 read addr=0x400004a0 bm=0xff data=0x00000000000000ec hit
SITAR-L2 read addr=0x40000488 bm=0xff data=0x00000000000000ec hit
SITAR-L2 read addr=0x400004a8 bm=0xff data=0x00000000000000ec hit
SITAR-L2 read addr=0x40000490 bm=0xff data=0x00000000000000ec hit
SITAR-L2 read addr=0x400004b0 bm=0xff data=0x00000000000000ec hit
SITAR-L2 read addr=0x40000498 bm=0xff data=0x00000000000000ec hit
SITAR-L2 read addr=0x400004b8 bm=0xff data=0x00000000000000ec hit
SITAR-L2 read addr=0x400004a0 bm=0xff data=0x00000000000000ec hit
SITAR-L2 write addr=0xffffef94 bm=0x0f data=0x00000000000000ed hit
SITAR-L2 read addr=0x400004a8 bm=0xff data=0x00000000000000ed hit
SITAR-L2 read addr=0x400004b0 bm=0xff data=0x00000000000000ed hit
SITAR-L2 write addr=0x400004b0 bm=0xf0 data=0x000000ed00000000 hit
SITAR-L2 read addr=0x400004b8 bm=0xff data=0x000000ed00000000 hit
SITAR-L2 read addr=0x40000480 bm=0xff data=0x000000ed00000000 hit
SITAR-L2 write addr=0x5051ff90 bm=0x0f data=0x00000000000000f0 hit
SITAR-L2 read addr=0x40000488 bm=0xff data=0x00000000000000f0 hit
SITAR-L2 read addr=0x40000490 bm=0xff data=0x00000000000000f0 hit
SITAR-L2 write addr=0x400004b8 bm=0x0f data=0x00000000000000f0 hit
SITAR-L2 read addr=0x40000498 bm=0xff data=0x00000000000000f0 hit
SITAR-L2 read addr=0x40000480 bm=0xff data=0x00000000000000f0 hit
SITAR-L2 read addr=0x400004a0 bm=0xff data=0x00000000000000f0 hit
SITAR-L2 read addr=0x40000488 bm=0xff data=0x00000000000000f0 hit
SITAR-L2 read addr=0x400004a8 bm=0xff data=0x00000000000000f0 hit
SITAR-L2 read addr=0x40000490 bm=0xff data=0x00000000000000f0 hit
SITAR-L2 read addr=0x400004b0 bm=0xff data=0x00000000000000f0 hit
SITAR-L2 read addr=0x40000498 bm=0xff data=0x00000000000000f0 hit
SITAR-L2 read addr=0x400004b8 bm=0xff data=0x00000000000000f0 hit
SITAR-L2 read addr=0x400004a0 bm=0xff data=0x00000000000000f0 hit
SITAR-L2 write addr=0xffffef94 bm=0x0f data=0x00000000000000f1 hit
SITAR-L2 read addr=0x400004a8 bm=0xff data=0x00000000000000f1 hit
SITAR-L2 read addr=0x400004b0 bm=0xff data=0x00000000000000f1 hit
SITAR-L2 write addr=0x400004c0 bm=0xf0 data=0x000000f100000000 miss
SITAR-L2 read addr=0x400004b8 bm=0xff data=0x000000f100000000 hit
SITAR-L2 read addr=0x400004c0 bm=0xff data=0x000000f100000000 hit
SITAR-L2 write addr=0x5051ff90 bm=0x0f data=0x00000000000000f4 hit
SITAR-L2 read addr=0x400004c8 bm=0xff data=0x00000000000000f4 hit
SITAR-L2 read addr=0x400004d0 bm=0xff data=0x00000000000000f4 hit
SITAR-L2 write addr=0x400004c8 bm=0x0f data=0x00000000000000f4 hit
SITAR-L2 read addr=0x400004d8 bm=0xff data=0x00000000000000f4 hit
SITAR-L2 read addr=0x400004c0 bm=0xff data=0x00000000000000f4 hit
SITAR-L2 read addr=0x400004e0 bm=0xff data=0x00000000000000f4 hit
SITAR-L2 read addr=0x400004c8 bm=0xff data=0x00000000000000f4 hit
SITAR-L2 read addr=0x400004e8 bm=0xff data=0x00000000000000f4 hit
SITAR-L2 read addr=0x400004d0 bm=0xff data=0x00000000000000f4 hit
SITAR-L2 read addr=0x400004f0 bm=0xff data=0x00000000000000f4 hit
SITAR-L2 read addr=0x400004d8 bm=0xff data=0x00000000000000f4 hit
SITAR-L2 read addr=0x400004f8 bm=0xff data=0x00000000000000f4 hit
SITAR-L2 read addr=0x400004e0 bm=0xff data=0x00000000000000f4 hit
SITAR-L2 write addr=0xffffef94 bm=0x0f data=0x00000000000000f5 hit
SITAR-L2 read addr=0x400004e8 bm=0xff data=0x00000000000000f5 hit
SITAR-L2 read addr=0x400004f0 bm=0xff data=0x00000000000000f5 hit
SITAR-L2 write addr=0x400004d0 bm=0xf0 data=0x000000f500000000 hit
SITAR-L2 read addr=0x400004f8 bm=0xff data=0x000000f500000000 hit
SITAR-L2 read addr=0x400004c0 bm=0xff data=0x000000f500000000 hit
SITAR-L2 write addr=0x5051ff90 bm=0x0f data=0x00000000000000f8 hit
SITAR-L2 read addr=0x400004c8 bm=0xff data=0x00000000000000f8 hit
SITAR-L2 read addr=0x400004d0 bm=0xff data=0x00000000000000f8 hit
SITAR-L2 write addr=0x400004d8 bm=0x0f data=0x00000000000000f8 hit
SITAR-L2 read addr=0x400004d8 bm=0xff data=0x00000000000000f8 hit
SITAR-L2 read addr=0x400004c0 bm=0xff data=0x00000000000000f8 hit
SITAR-L2 read addr=0x400004e0 bm=0xff data=0x00000000000000f8 hit
SITAR-L2 read addr=0x400004c8 bm=0xff data=0x00000000000000f8 hit
SITAR-L2 read addr=0x400004e8 bm=0xff data=0x00000000000000f8 hit
SITAR-L2 read addr=0x400004d0 bm=0xff data=0x00000000000000f8 hit
SITAR-L2 read addr=0x400004f0 bm=0xff data=0x00000000000000f8 hit
SITAR-L2 read addr=0x400004d8 bm=0xff data=0x00000000000000f8 hit
SITAR-L2 read addr=0x400004f8 bm=0xff data=0x00000000000000f8 hit
SITAR-L2 read addr=0x400004e0 bm=0xff data=0x00000000000000f8 hit
SITAR-L2 write addr=0xffffef94 bm=0x0f data=0x00000000000000f9 hit
SITAR-L2 read addr=0x400004e8 bm=0xff data=0x00000000000000f9 hit
SITAR-L2 read addr=0x400004f0 bm=0xff data=0x00000000000000f9 hit
SITAR-L2 write addr=0x400004e0 bm=0xf0 data=0x000000f900000000 hit
SITAR-L2 read addr=0x400004f8 bm=0xff data=0x000000f900000000 hit
SITAR-L2 read addr=0x400004c0 bm=0xff data=0x000000f900000000 hit
SITAR-L2 write addr=0x5051ff90 bm=0x0f data=0x00000000000000fc hit
SITAR-L2 read addr=0x400004c8 bm=0xff data=0x00000000000000fc hit
SITAR-L2 read addr=0x400004d0 bm=0xff data=0x00000000000000fc hit
SITAR-L2 write addr=0x400004e8 bm=0x0f data=0x00000000000000fc hit
SITAR-L2 read addr=0x400004d8 bm=0xff data=0x00000000000000fc hit
SITAR-L2 read addr=0x400004c0 bm=0xff data=0x00000000000000fc hit
SITAR-L2 read addr=0x400004e0 bm=0xff data=0x00000000000000fc hit
SITAR-L2 read addr=0x400004c8 bm=0xff data=0x00000000000000fc hit
SITAR-L2 read addr=0x400004e8 bm=0xff data=0x00000000000000fc hit
SITAR-L2 read addr=0x400004d0 bm=0xff data=0x00000000000000fc hit
SITAR-L2 read addr=0x400004f0 bm=0xff data=0x00000000000000fc hit
SITAR-L2 read addr=0x400004d8 bm=0xff data=0x00000000000000fc hit
SITAR-L2 read addr=0x400004f8 bm=0xff data=0x00000000000000fc hit
SITAR-L2 read addr=0x400004e0 bm=0xff data=0x00000000000000fc hit
SITAR-L2 write addr=0xffffef94 bm=0x0f data=0x00000000000000fd hit
SITAR-L2 read addr=0x400004e8 bm=0xff data=0x00000000000000fd hit
SITAR-L2 read addr=0x400004f0 bm=0xff data=0x00000000000000fd hit
SITAR-L2 write addr=0x400004f0 bm=0xf0 data=0x000000fd00000000 hit
SITAR-L2 read addr=0x400004f8 bm=0xff data=0x000000fd00000000 hit
SITAR-L2 read addr=0x400004c0 bm=0xff data=0x000000fd00000000 hit
SITAR-L2 write addr=0x5051ff90 bm=0x0f data=0x0000000000000100 hit
SITAR-L2 read addr=0x400004c8 bm=0xff data=0x0000000000000100 hit
SITAR-L2 read addr=0x400004d0 bm=0xff data=0x0000000000000100 hit
SITAR-L2 write addr=0x400004f8 bm=0x0f data=0x0000000000000100 hit
SITAR-L2 read addr=0x400004d8 bm=0xff data=0x0000000000000100 hit
SITAR-L2 read addr=0x400004c0 bm=0xff data=0x0000000000000100 hit
SITAR-L2 read addr=0x400004e0 bm=0xff data=0x0000000000000100 hit
SITAR-L2 read addr=0x400004c8 bm=0xff data=0x0000000000000100 hit
SITAR-L2 read addr=0x400004e8 bm=0xff data=0x0000000000000100 hit
SITAR-L2 read addr=0x400004d0 bm=0xff data=0x0000000000000100 hit
SITAR-L2 read addr=0x400004f0 bm=0xff data=0x0000000000000100 hit
SITAR-L2 read addr=0x400004d8 bm=0xff data=0x0000000000000100 hit
SITAR-L2 read addr=0x400004f8 bm=0xff data=0x0000000000000100 hit
SITAR-L2 read addr=0x400004e0 bm=0xff data=0x0000000000000100 hit
SITAR-L2 write addr=0xffffef94 bm=0x0f data=0x0000000000000101 hit
SITAR-L2 read addr=0x400004e8 bm=0xff data=0x0000000000000101 hit
SITAR-L2 read addr=0x400004f0 bm=0xff data=0x0000000000000101 hit
SITAR-L2 write addr=0x40000500 bm=0xf0 data=0x0000010100000000 miss
SITAR-L2 read addr=0x400004f8 bm=0xff data=0x0000010100000000 hit
SITAR-L2 read addr=0x40000500 bm=0xff data=0x0000010100000000 hit
SITAR-L2 write addr=0x5051ff90 bm=0x0f data=0x0000000000000104 hit
SITAR-L2 read addr=0x40000508 bm=0xff data=0x0000000000000104 hit
SITAR-L2 read addr=0x40000510 bm=0xff data=0x0000000000000104 hit
SITAR-L2 write addr=0x40000508 bm=0x0f data=0x0000000000000104 hit
SITAR-L2 read addr=0x40000518 bm=0xff data=0x0000000000000104 hit
SITAR-L2 read addr=0x40000500 bm=0xff data=0x0000000000000104 hit
SITAR-L2 read addr=0x40000520 bm=0xff data=0x0000000000000104 hit
SITAR-L2 read addr=0x40000508 bm=0xff data=0x0000000000000104 hit
SITAR-L2 read addr=0x40000528 bm=0xff data=0x0000000000000104 hit
SITAR-L2 read addr=0x40000510 bm=0xff data=0x0000000000000104 hit
SITAR-L2 read addr=0x40000530 bm=0xff data=0x0000000000000104 hit
SITAR-L2 read addr=0x40000518 bm=0xff data=0x0000000000000104 hit
SITAR-L2 read addr=0x40000538 bm=0xff data=0x0000000000000104 hit
SITAR-L2 read addr=0x40000520 bm=0xff data=0x0000000000000104 hit
SITAR-L2 write addr=0xffffef94 bm=0x0f data=0x0000000000000105 hit
SITAR-L2 read addr=0x40000528 bm=0xff data=0x0000000000000105 hit
SITAR-L2 read addr=0x40000530 bm=0xff data=0x0000000000000105 hit
SITAR-L2 write addr=0x40000510 bm=0xf0 data=0x0000010500000000 hit
SITAR-L2 read addr=0x40000538 bm=0xff data=0x0000010500000000 hit
SITAR-L2 read addr=0x40000500 bm=0xff data=0x0000010500000000 hit
SITAR-L2 write addr=0x5051ff90 bm=0x0f data=0x0000000000000108 hit
SITAR-L2 read addr=0x40000508 bm=0xff data=0x0000000000000108 hit
SITAR-L2 read addr=0x40000510 bm=0xff data=0x0000000000000108 hit
SITAR-L2 write addr=0x40000518 bm=0x0f data=0x0000000000000108 hit
SITAR-L2 read addr=0x40000518 bm=0xff data=0x0000000000000108 hit
SITAR-L2 read addr=0x40000500 bm=0xff data=0x0000000000000108 hit
SITAR-L2 read addr=0x40000520 bm=0xff data=0x0000000000000108 hit
SITAR-L2 read addr=0x40000508 bm=0xff data=0x0000000000000108 hit
SITAR-L2 read addr=0x40000528 bm=0xff data=0x0000000000000108 hit
SITAR-L2 read addr=0x40000510 bm=0xff data=0x0000000000000108 hit
SITAR-L2 read addr=0x40000530 bm=0xff data=0x0000000000000108 hit
SITAR-L2 read addr=0x40000518 bm=0xff data=0x0000000000000108 hit
SITAR-L2 read addr=0x40000538 bm=0xff data=0x0000000000000108 hit
SITAR-L2 read addr=0x40000520 bm=0xff data=0x0000000000000108 hit
SITAR-L2 write addr=0xffffef94 bm=0x0f data=0x0000000000000109 hit
SITAR-L2 read addr=0x40000528 bm=0xff data=0x0000000000000109 hit
SITAR-L2 read addr=0x40000530 bm=0xff data=0x0000000000000109 hit
SITAR-L2 write addr=0x40000520 bm=0xf0 data=0x0000010900000000 hit
SITAR-L2 read addr=0x40000538 bm=0xff data=0x0000010900000000 hit
SITAR-L2 read addr=0x40000500 bm=0xff data=0x0000010900000000 hit
SITAR-L2 write addr=0x5051ff90 bm=0x0f data=0x000000000000010c hit
SITAR-L2 read addr=0x40000508 bm=0xff data=0x000000000000010c hit
SITAR-L2 read addr=0x40000510 bm=0xff data=0x000000000000010c hit
SITAR-L2 write addr=0x40000528 bm=0x0f data=0x000000000000010c hit
SITAR-L2 read addr=0x40000518 bm=0xff data=0x000000000000010c hit
SITAR-L2 read addr=0x40000500 bm=0xff data=0x000000000000010c hit
SITAR-L2 read addr=0x40000520 bm=0xff data=0x000000000000010c hit
SITAR-L2 read addr=0x40000508 bm=0xff data=0x000000000000010c hit
SITAR-L2 read addr=0x40000528 bm=0xff data=0x000000000000010c hit
SITAR-L2 read addr=0x40000510 bm=0xff data=0x000000000000010c hit
SITAR-L2 read addr=0x40000530 bm=0xff data=0x000000000000010c hit
SITAR-L2 read addr=0x40000518 bm=0xff data=0x000000000000010c hit
SITAR-L2 read addr=0x40000538 bm=0xff data=0x000000000000010c hit
SITAR-L2 read addr=0x40000520 bm=0xff data=0x000000000000010c hit
SITAR-L2 write addr=0xffffef94 bm=0x0f data=0x000000000000010d hit
SITAR-L2 read addr=0x40000528 bm=0xff data=0x000000000000010d hit
SITAR-L2 read addr=0x40000530 bm=0xff data=0x000000000000010d hit
SITAR-L2 write addr=0x40000530 bm=0xf0 data=0x0000010d00000000 hit
SITAR-L2 read addr=0x40000538 bm=0xff data=0x0000010d00000000 hit
SITAR-L2 read addr=0x40000500 bm=0xff data=0x0000010d00000000 hit
SITAR-L2 write addr=0x5051ff90 bm=0x0f data=0x0000000000000110 hit
SITAR-L2 read addr=0x40000508 bm=0xff data=0x0000000000000110 hit
SITAR-L2 read addr=0x40000510 bm=0xff data=0x0000000000000110 hit
SITAR-L2 write addr=0x40000538 bm=0x0f data=0x0000000000000110 hit
SITAR-L2 read addr=0x40000518 bm=0xff data=0x0000000000000110 hit
SITAR-L2 read addr=0x40000500 bm=0xff data=0x0000000000000110 hit
SITAR-L2 read addr=0x40000520 bm=0xff data=0x0000000000000110 hit
SITAR-L2 read addr=0x40000508 bm=0xff data=0x0000000000000110 hit
SITAR-L2 read addr=0x40000528 bm=0xff data=0x0000000000000110 hit
SITAR-L2 read addr=0x40000510 bm=0xff data=0x0000000000000110 hit
SITAR-L2 read addr=0x40000530 bm=0xff data=0x0000000000000110 hit
SITAR-L2 read addr=0x40000518 bm=0xff data=0x0000000000000110 hit
SITAR-L2 read addr=0x40000538 bm=0xff data=0x0000000000000110 hit
SITAR-L2 read addr=0x40000520 bm=0xff data=0x0000000000000110 hit
SITAR-L2 write addr=0xffffef94 bm=0x0f data=0x0000000000000111 hit
SITAR-L2 read addr=0x40000528 bm=0xff data=0x0000000000000111 hit
SITAR-L2 read addr=0x40000530 bm=0xff data=0x0000000000000111 hit
SITAR-L2 write addr=0x40000540 bm=0xf0 data=0x0000011100000000 miss
SITAR-L2 read addr=0x40000538 bm=0xff data=0x0000011100000000 hit
SITAR-L2 read addr=0x40000540 bm=0xff data=0x0000011100000000 hit
SITAR-L2 write addr=0x5051ff90 bm=0x0f data=0x0000000000000114 hit
SITAR-L2 read addr=0x40000548 bm=0xff data=0x0000000000000114 hit
SITAR-L2 read addr=0x40000550 bm=0xff data=0x0000000000000114 hit
SITAR-L2 write addr=0x40000548 bm=0x0f data=0x0000000000000114 hit
SITAR-L2 read addr=0x40000558 bm=0xff data=0x0000000000000114 hit
SITAR-L2 read addr=0x40000540 bm=0xff data=0x0000000000000114 hit
SITAR-L2 read addr=0x40000560 bm=0xff data=0x0000000000000114 hit
SITAR-L2 read addr=0x40000548 bm=0xff data=0x0000000000000114 hit
SITAR-L2 read addr=0x40000568 bm=0xff data=0x0000000000000114 hit
SITAR-L2 read addr=0x40000550 bm=0xff data=0x0000000000000114 hit
SITAR-L2 read addr=0x40000570 bm=0xff data=0x0000000000000114 hit
SITAR-L2 read addr=0x40000558 bm=0xff data=0x0000000000000114 hit
SITAR-L2 read addr=0x40000578 bm=0xff data=0x0000000000000114 hit
SITAR-L2 read addr=0x40000560 bm=0xff data=0x0000000000000114 hit
SITAR-L2 write addr=0xffffef94 bm=0x0f data=0x0000000000000115 hit
SITAR-L2 read addr=0x40000568 bm=0xff data=0x0000000000000115 hit
SITAR-L2 read addr=0x40000570 bm=0xff data=0x0000000000000115 hit
SITAR-L2 write addr=0x40000550 bm=0xf0 data=0x0000011500000000 hit
SITAR-L2 read addr=0x40000578 bm=0xff data=0x0000011500000000 hit
SITAR-L2 read addr=0x40000540 bm=0xff data=0x0000011500000000 hit
SITAR-L2 write addr=0x5051ff90 bm=0x0f data=0x0000000000000118 hit
SITAR-L2 read addr=0x40000548 bm=0xff data=0x0000000000000118 hit
SITAR-L2 read addr=0x40000550 bm=0xff data=0x0000000000000118 hit
SITAR-L2 write addr=0x40000558 bm=0x0f data=0x0000000000000118 hit
SITAR-L2 read addr=0x40000558 bm=0xff data=0x0000000000000118 hit
SITAR-L2 read addr=0x40000540 bm=0xff data=0x0000000000000118 hit
SITAR-L2 read addr=0x40000560 bm=0xff data=0x0000000000000118 hit
SITAR-L2 read addr=0x40000548 bm=0xff data=0x0000000000000118 hit
SITAR-L2 read addr=0x40000568 bm=0xff data=0x0000000000000118 hit
SITAR-L2 read addr=0x40000550 bm=0xff data=0x0000000000000118 hit
SITAR-L2 read addr=0x40000570 bm=0xff data=0x0000000000000118 hit
SITAR-L2 read addr=0x40000558 bm=0xff data=0x0000000000000118 hit
SITAR-L2 read addr=0x40000578 bm=0xff data=0x0000000000000118 hit
SITAR-L2 read addr=0x40000560 bm=0xff data=0x0000000000000118 hit
SITAR-L2 write addr=0xffffef94 bm=0x0f data=0x0000000000000119 hit
SITAR-L2 read addr=0x40000568 bm=0xff data=0x0000000000000119 hit
SITAR-L2 read addr=0x40000570 bm=0xff data=0x0000000000000119 hit
SITAR-L2 write addr=0x40000560 bm=0xf0 data=0x0000011900000000 hit
SITAR-L2 read addr=0x40000578 bm=0xff data=0x0000011900000000 hit
SITAR-L2 read addr=0x40000540 bm=0xff data=0x0000011900000000 hit
SITAR-L2 write addr=0x5051ff90 bm=0x0f data=0x000000000000011c hit
SITAR-L2 read addr=0x40000548 bm=0xff data=0x000000000000011c hit
SITAR-L2 read addr=0x40000550 bm=0xff data=0x000000000000011c hit
SITAR-L2 write addr=0x40000568 bm=0x0f data=0x000000000000011c hit
SITAR-L2 read addr=0x40000558 bm=0xff data=0x000000000000011c hit
SITAR-L2 read addr=0x40000540 bm=0xff data=0x000000000000011c hit
SITAR-L2 read addr=0x40000560 bm=0xff data=0x000000000000011c hit
SITAR-L2 read addr=0x40000548 bm=0xff data=0x000000000000011c hit
SITAR-L2 read addr=0x40000568 bm=0xff data=0x000000000000011c hit
SITAR-L2 read addr=0x40000550 bm=0xff data=0x000000000000011c hit
SITAR-L2 read addr=0x40000570 bm=0xff data=0x000000000000011c hit
SITAR-L2 read addr=0x40000558 bm=0xff data=0x000000000000011c hit
SITAR-L2 read addr=0x40000578 bm=0xff data=0x000000000000011c hit
SITAR-L2 read addr=0x40000560 bm=0xff data=0x000000000000011c hit
SITAR-L2 write addr=0xffffef94 bm=0x0f data=0x000000000000011d hit
SITAR-L2 read addr=0x40000568 bm=0xff data=0x000000000000011d hit
SITAR-L2 read addr=0x40000570 bm=0xff data=0x000000000000011d hit
SITAR-L2 write addr=0x40000570 bm=0xf0 data=0x0000011d00000000 hit
SITAR-L2 read addr=0x40000578 bm=0xff data=0x0000011d00000000 hit
SITAR-L2 read addr=0x40000540 bm=0xff data=0x0000011d00000000 hit
SITAR-L2 write addr=0x5051ff90 bm=0x0f data=0x0000000000000120 hit
SITAR-L2 read addr=0x40000548 bm=0xff data=0x0000000000000120 hit
SITAR-L2 read addr=0x40000550 bm=0xff data=0x0000000000000120 hit
SITAR-L2 write addr=0x40000578 bm=0x0f data=0x0000000000000120 hit
SITAR-L2 read addr=0x40000558 bm=0xff data=0x0000000000000120 hit
SITAR-L2 read addr=0x40000540 bm=0xff data=0x0000000000000120 hit
SITAR-L2 read addr=0x40000560 bm=0xff data=0x0000000000000120 hit
SITAR-L2 read addr=0x40000548 bm=0xff data=0x0000000000000120 hit
SITAR-L2 read addr=0x40000568 bm=0xff data=0x0000000000000120 hit
SITAR-L2 read addr=0x40000550 bm=0xff data=0x0000000000000120 hit
SITAR-L2 read addr=0x40000570 bm=0xff data=0x0000000000000120 hit
SITAR-L2 read addr=0x40000558 bm=0xff data=0x0000000000000120 hit
SITAR-L2 read addr=0x40000578 bm=0xff data=0x0000000000000120 hit
SITAR-L2 read addr=0x40000560 bm=0xff data=0x0000000000000120 hit
SITAR-L2 write addr=0xffffef94 bm=0x0f data=0x0000000000000121 hit
SITAR-L2 read addr=0x40000568 bm=0xff data=0x0000000000000121 hit
SITAR-L2 read addr=0x40000570 bm=0xff data=0x0000000000000121 hit
SITAR-L2 write addr=0x40000580 bm=0xf0 data=0x0000012100000000 miss
SITAR-L2 read addr=0x40000578 bm=0xff data=0x0000012100000000 hit
SITAR-L2 read addr=0x40000580 bm=0xff data=0x0000012100000000 hit
SITAR-L2 write addr=0x5051ff90 bm=0x0f data=0x0000000000000124 hit
SITAR-L2 read addr=0x40000588 bm=0xff data=0x0000000000000124 hit
SITAR-L2 read addr=0x40000590 bm=0xff data=0x0000000000000124 hit
SITAR-L2 write addr=0x40000588 bm=0x0f data=0x0000000000000124 hit
SITAR-L2 read addr=0x40000598 bm=0xff data=0x0000000000000124 hit
SITAR-L2 read addr=0x40000580 bm=0xff data=0x0000000000000124 hit
SITAR-L2 read addr=0x400005a0 bm=0xff data=0x0000000000000124 hit
SITAR-L2 read addr=0x40000588 bm=0xff data=0x0000000000000124 hit
SITAR-L2 read addr=0x400005a8 bm=0xff data=0x0000000000000124 hit
SITAR-L2 read addr=0x40000590 bm=0xff data=0x0000000000000124 hit
SITAR-L2 read addr=0x400005b0 bm=0xff data=0x0000000000000124 hit
SITAR-L2 read addr=0x40000598 bm=0xff data=0x0000000000000124 hit
SITAR-L2 read addr=0x400005b8 bm=0xff data=0x0000000000000124 hit
SITAR-L2 read addr=0x400005a0 bm=0xff data=0x0000000000000124 hit
SITAR-L2 write addr=0xffffef94 bm=0x0f data=0x0000000000000125 hit
SITAR-L2 read addr=0x400005a8 bm=0xff data=0x0000000000000125 hit
SITAR-L2 read addr=0x400005b0 bm=0xff data=0x0000000000000125 hit
SITAR-L2 write addr=0x40000590 bm=0xf0 data=0x0000012500000000 hit
SITAR-L2 read addr=0x400005b8 bm=0xff data=0x0000012500000000 hit
SITAR-L2 read addr=0x40000580 bm=0xff data=0x0000012500000000 hit
SITAR-L2 write addr=0x5051ff90 bm=0x0f data=0x0000000000000128 hit
SITAR-L2 read addr=0x40000588 bm=0xff data=0x0000000000000128 hit
SITAR-L2 read addr=0x40000590 bm=0xff data=0x0000000000000128 hit
SITAR-L2 write addr=0x40000598 bm=0x0f data=0x0000000000000128 hit
SITAR-L2 read addr=0x40000598 bm=0xff data=0x0000000000000128 hit
SITAR-L2 read addr=0x40000580 bm=0xff data=0x0000000000000128 hit
SITAR-L2 read addr=0x400005a0 bm=0xff data=0x0000000000000128 hit
SITAR-L2 read addr=0x40000588 bm=0xff data=0x0000000000000128 hit
SITAR-L2 read addr=0x400005a8 bm=0xff data=0x0000000000000128 hit
SITAR-L2 read addr=0x40000590 bm=0xff data=0x0000000000000128 hit
SITAR-L2 read addr=0x400005b0 bm=0xff data=0x0000000000000128 hit
SITAR-L2 read addr=0x40000598 bm=0xff data=0x0000000000000128 hit
SITAR-L2 read addr=0x400005b8 bm=0xff data=0x0000000000000128 hit
SITAR-L2 read addr=0x400005a0 bm=0xff data=0x0000000000000128 hit
SITAR-L2 write addr=0xffffef94 bm=0x0f data=0x0000000000000129 hit
SITAR-L2 read addr=0x400005a8 bm=0xff data=0x0000000000000129 hit
SITAR-L2 read addr=0x400005b0 bm=0xff data=0x0000000000000129 hit
SITAR-L2 write addr=0x400005a0 bm=0xf0 data=0x0000012900000000 hit
SITAR-L2 read addr=0x400005b8 bm=0xff data=0x0000012900000000 hit
SITAR-L2 read addr=0x40000580 bm=0xff data=0x0000012900000000 hit
SITAR-L2 write addr=0x5051ff90 bm=0x0f data=0x000000000000012c hit
SITAR-L2 read addr=0x40000588 bm=0xff data=0x000000000000012c hit
SITAR-L2 read addr=0x40000590 bm=0xff data=0x000000000000012c hit
SITAR-L2 write addr=0x400005a8 bm=0x0f data=0x000000000000012c hit
SITAR-L2 read addr=0x40000598 bm=0xff data=0x000000000000012c hit
SITAR-L2 read addr=0x40000580 bm=0xff data=0x000000000000012c hit
SITAR-L2 read addr=0x400005a0 bm=0xff data=0x000000000000012c hit
SITAR-L2 read addr=0x40000588 bm=0xff data=0x000000000000012c hit
SITAR-L2 read addr=0x400005a8 bm=0xff data=0x000000000000012c hit
SITAR-L2 read addr=0x40000590 bm=0xff data=0x000000000000012c hit
SITAR-L2 read addr=0x400005b0 bm=0xff data=0x000000000000012c hit
SITAR-L2 read addr=0x40000598 bm=0xff data=0x000000000000012c hit
SITAR-L2 read addr=0x400005b8 bm=0xff data=0x000000000000012c hit
SITAR-L2 read addr=0x400005a0 bm=0xff data=0x000000000000012c hit
SITAR-L2 write addr=0xffffef94 bm=0x0f data=0x000000000000012d hit
SITAR-L2 read addr=0x400005a8 bm=0xff data=0x000000000000012d hit
SITAR-L2 read addr=0x400005b0 bm=0xff data=0x000000000000012d hit
SITAR-L2 write addr=0x400005b0 bm=0xf0 data=0x0000012d00000000 hit
SITAR-L2 read addr=0x400005b8 bm=0xff data=0x0000012d00000000 hit
SITAR-L2 read addr=0x40000580 bm=0xff data=0x0000012d00000000 hit
SITAR-L2 write addr=0x5051ff90 bm=0x0f data=0x0000000000000130 hit
SITAR-L2 read addr=0x40000588 bm=0xff data=0x0000000000000130 hit
SITAR-L2 read addr=0x40000590 bm=0xff data=0x0000000000000130 hit
SITAR-L2 write addr=0x400005b8 bm=0x0f data=0x0000000000000130 hit
SITAR-L2 read addr=0x40000598 bm=0xff data=0x0000000000000130 hit
SITAR-L2 read addr=0x40000580 bm=0xff data=0x0000000000000130 hit
SITAR-L2 read addr=0x400005a0 bm=0xff data=0x0000000000000130 hit
SITAR-L2 read addr=0x40000588 bm=0xff data=0x0000000000000130 hit
SITAR-L2 read addr=0x400005a8 bm=0xff data=0x0000000000000130 hit
SITAR-L2 read addr=0x40000590 bm=0xff data=0x0000000000000130 hit
SITAR-L2 read addr=0x400005b0 bm=0xff data=0x0000000000000130 hit
SITAR-L2 read addr=0x40000598 bm=0xff data=0x0000000000000130 hit
SITAR-L2 read addr=0x400005b8 bm=0xff data=0x0000000000000130 hit
SITAR-L2 read addr=0x400005a0 bm=0xff data=0x0000000000000130 hit
SITAR-L2 write addr=0xffffef94 bm=0x0f data=0x0000000000000131 hit
SITAR-L2 read addr=0x400005a8 bm=0xff data=0x0000000000000131 hit
SITAR-L2 read addr=0x400005b0 bm=0xff data=0x0000000000000131 hit
SITAR-L2 write addr=0x400005c0 bm=0xf0 data=0x0000013100000000 miss
SITAR-L2 read addr=0x400005b8 bm=0xff data=0x0000013100000000 hit
SITAR-L2 read addr=0x400005c0 bm=0xff data=0x0000013100000000 hit
SITAR-L2 write addr=0x5051ff90 bm=0x0f data=0x0000000000000134 hit
SITAR-L2 read addr=0x400005c8 bm=0xff data=0x0000000000000134 hit
SITAR-L2 read addr=0x400005d0 bm=0xff data=0x0000000000000134 hit
SITAR-L2 write addr=0x400005c8 bm=0x0f data=0x0000000000000134 hit
SITAR-L2 read addr=0x400005d8 bm=0xff data=0x0000000000000134 hit
SITAR-L2 read addr=0x400005c0 bm=0xff data=0x0000000000000134 hit
SITAR-L2 read addr=0x400005e0 bm=0xff data=0x0000000000000134 hit
SITAR-L2 read addr=0x400005c8 bm=0xff data=0x0000000000000134 hit
SITAR-L2 read addr=0x400005e8 bm=0xff data=0x0000000000000134 hit
SITAR-L2 read addr=0x400005d0 bm=0xff data=0x0000000000000134 hit
SITAR-L2 read addr=0x400005f0 bm=0xff data=0x0000000000000134 hit
SITAR-L2 read addr=0x400005d8 bm=0xff data=0x0000000000000134 hit
SITAR-L2 read addr=0x400005f8 bm=0xff data=0x0000000000000134 hit
SITAR-L2 read addr=0x400005e0 bm=0xff data=0x0000000000000134 hit
SITAR-L2 write addr=0xffffef94 bm=0x0f data=0x0000000000000135 hit
SITAR-L2 read addr=0x400005e8 bm=0xff data=0x0000000000000135 hit
SITAR-L2 read addr=0x400005f0 bm=0xff data=0x0000000000000135 hit
SITAR-L2 write addr=0x400005d0 bm=0xf0 data=0x0000013500000000 hit
SITAR-L2 read addr=0x400005f8 bm=0xff data=0x0000013500000000 hit
SITAR-L2 read addr=0x400005c0 bm=0xff data=0x0000013500000000 hit
SITAR-L2 write addr=0x5051ff90 bm=0x0f data=0x0000000000000138 hit
SITAR-L2 read addr=0x400005c8 bm=0xff data=0x0000000000000138 hit
SITAR-L2 read addr=0x400005d0 bm=0xff data=0x0000000000000138 hit
SITAR-L2 write addr=0x400005d8 bm=0x0f data=0x0000000000000138 hit
SITAR-L2 read addr=0x400005d8 bm=0xff data=0x0000000000000138 hit
SITAR-L2 read addr=0x400005c0 bm=0xff data=0x0000000000000138 hit
SITAR-L2 read addr=0x400005e0 bm=0xff data=0x0000000000000138 hit
SITAR-L2 read addr=0x400005c8 bm=0xff data=0x0000000000000138 hit
SITAR-L2 read addr=0x400005e8 bm=0xff data=0x0000000000000138 hit
SITAR-L2 read addr=0x400005d0 bm=0xff data=0x0000000000000138 hit
SITAR-L2 read addr=0x400005f0 bm=0xff data=0x0000000000000138 hit
SITAR-L2 read addr=0x400005d8 bm=0xff data=0x0000000000000138 hit
SITAR-L2 read addr=0x400005f8 bm=0xff data=0x0000000000000138 hit
SITAR-L2 read addr=0x400005e0 bm=0xff data=0x0000000000000138 hit
SITAR-L2 write addr=0xffffef94 bm=0x0f data=0x0000000000000139 hit
SITAR-L2 read addr=0x400005e8 bm=0xff data=0x0000000000000139 hit
SITAR-L2 read addr=0x400005f0 bm=0xff data=0x0000000000000139 hit
SITAR-L2 write addr=0x400005e0 bm=0xf0 data=0x0000013900000000 hit
SITAR-L2 read addr=0x400005f8 bm=0xff data=0x0000013900000000 hit
SITAR-L2 read addr=0x400005c0 bm=0xff data=0x0000013900000000 hit
SITAR-L2 write addr=0x5051ff90 bm=0x0f data=0x000000000000013c hit
SITAR-L2 read addr=0x400005c8 bm=0xff data=0x000000000000013c hit
SITAR-L2 read addr=0x400005d0 bm=0xff data=0x000000000000013c hit
SITAR-L2 write addr=0x400005e8 bm=0x0f data=0x000000000000013c hit
SITAR-L2 read addr=0x400005d8 bm=0xff data=0x000000000000013c hit
SITAR-L2 read addr=0x400005c0 bm=0xff data=0x000000000000013c hit
SITAR-L2 read addr=0x400005e0 bm=0xff data=0x000000000000013c hit
SITAR-L2 read addr=0x400005c8 bm=0xff data=0x000000000000013c hit
SITAR-L2 read addr=0x400005e8 bm=0xff data=0x000000000000013c hit
SITAR-L2 read addr=0x400005d0 bm=0xff data=0x000000000000013c hit
SITAR-L2 read addr=0x400005f0 bm=0xff data=0x000000000000013c hit
SITAR-L2 read addr=0x400005d8 bm=0xff data=0x000000000000013c hit
SITAR-L2 read addr=0x400005f8 bm=0xff data=0x000000000000013c hit
SITAR-L2 read addr=0x400005e0 bm=0xff data=0x000000000000013c hit
SITAR-L2 write addr=0xffffef94 bm=0x0f data=0x000000000000013d hit
SITAR-L2 read addr=0x400005e8 bm=0xff data=0x000000000000013d hit
SITAR-L2 read addr=0x400005f0 bm=0xff data=0x000000000000013d hit
SITAR-L2 write addr=0x400005f0 bm=0xf0 data=0x0000013d00000000 hit
SITAR-L2 read addr=0x400005f8 bm=0xff data=0x0000013d00000000 hit
SITAR-L2 read addr=0x400005c0 bm=0xff data=0x0000013d00000000 hit
SITAR-L2 write addr=0x5051ff90 bm=0x0f data=0x0000000000000140 hit
SITAR-L2 read addr=0x400005c8 bm=0xff data=0x0000000000000140 hit
SITAR-L2 read addr=0x400005d0 bm=0xff data=0x0000000000000140 hit
SITAR-L2 write addr=0x400005f8 bm=0x0f data=0x0000000000000140 hit
SITAR-L2 read addr=0x400005d8 bm=0xff data=0x0000000000000140 hit
SITAR-L2 read addr=0x400005c0 bm=0xff data=0x0000000000000140 hit
SITAR-L2 read addr=0x400005e0 bm=0xff data=0x0000000000000140 hit
SITAR-L2 read addr=0x400005c8 bm=0xff data=0x0000000000000140 hit
SITAR-L2 read addr=0x400005e8 bm=0xff data=0x0000000000000140 hit
SITAR-L2 read addr=0x400005d0 bm=0xff data=0x0000000000000140 hit
SITAR-L2 read addr=0x400005f0 bm=0xff data=0x0000000000000140 hit
SITAR-L2 read addr=0x400005d8 bm=0xff data=0x0000000000000140 hit
SITAR-L2 read addr=0x400005f8 bm=0xff data=0x0000000000000140 hit
SITAR-L2 read addr=0x400005e0 bm=0xff data=0x0000000000000140 hit
SITAR-L2 write addr=0xffffef94 bm=0x0f data=0x0000000000000141 hit
SITAR-L2 read addr=0x400005e8 bm=0xff data=0x0000000000000141 hit
SITAR-L2 read addr=0x400005f0 bm=0xff data=0x0000000000000141 hit
SITAR-L2 write addr=0x40000600 bm=0xf0 data=0x0000014100000000 miss
SITAR-L2 read addr=0x400005f8 bm=0xff data=0x0000014100000000 hit
SITAR-L2 read addr=0x40000600 bm=0xff data=0x0000014100000000 hit
SITAR-L2 write addr=0x5051ff90 bm=0x0f data=0x0000000000000144 hit
SITAR-L2 read addr=0x40000608 bm=0xff data=0x0000000000000144 hit
SITAR-L2 read addr=0x40000610 bm=0xff data=0x0000000000000144 hit
SITAR-L2 write addr=0x40000608 bm=0x0f data=0x0000000000000144 hit
SITAR-L2 read addr=0x40000618 bm=0xff data=0x0000000000000144 hit
SITAR-L2 read addr=0x40000600 bm=0xff data=0x0000000000000144 hit
SITAR-L2 read addr=0x40000620 bm=0xff data=0x0000000000000144 hit
SITAR-L2 read addr=0x40000608 bm=0xff data=0x0000000000000144 hit
SITAR-L2 read addr=0x40000628 bm=0xff data=0x0000000000000144 hit
SITAR-L2 read addr=0x40000610 bm=0xff data=0x0000000000000144 hit
SITAR-L2 read addr=0x40000630 bm=0xff data=0x0000000000000144 hit
SITAR-L2 read addr=0x40000618 bm=0xff data=0x0000000000000144 hit
SITAR-L2 read addr=0x40000638 bm=0xff data=0x0000000000000144 hit
SITAR-L2 read addr=0x40000620 bm=0xff data=0x0000000000000144 hit
SITAR-L2 write addr=0xffffef94 bm=0x0f data=0x0000000000000145 hit
SITAR-L2 read addr=0x40000628 bm=0xff data=0x0000000000000145 hit
SITAR-L2 read addr=0x40000630 bm=0xff data=0x0000000000000145 hit
SITAR-L2 write addr=0x40000610 bm=0xf0 data=0x0000014500000000 hit
SITAR-L2 read addr=0x40000638 bm=0xff data=0x0000014500000000 hit
SITAR-L2 read addr=0x40000600 bm=0xff data=0x0000014500000000 hit
SITAR-L2 write addr=0x5051ff90 bm=0x0f data=0x0000000000000148 hit
SITAR-L2 read addr=0x40000608 bm=0xff data=0x0000000000000148 hit
SITAR-L2 read addr=0x40000610 bm=0xff data=0x0000000000000148 hit
SITAR-L2 write addr=0x40000618 bm=0x0f data=0x0000000000000148 hit
SITAR-L2 read addr=0x40000618 bm=0xff data=0x0000000000000148 hit
SITAR-L2 read addr=0x40000600 bm=0xff data=0x0000000000000148 hit
SITAR-L2 read addr=0x40000620 bm=0xff data=0x0000000000000148 hit
SITAR-L2 read addr=0x40000608 bm=0xff data=0x0000000000000148 hit
SITAR-L2 read addr=0x40000628 bm=0xff data=0x0000000000000148 hit
SITAR-L2 read addr=0x40000610 bm=0xff data=0x0000000000000148 hit
SITAR-L2 read addr=0x40000630 bm=0xff data=0x0000000000000148 hit
SITAR-L2 read addr=0x40000618 bm=0xff data=0x0000000000000148 hit
SITAR-L2 read addr=0x40000638 bm=0xff data=0x0000000000000148 hit
SITAR-L2 read addr=0x40000620 bm=0xff data=0x0000000000000148 hit
SITAR-L2 write addr=0xffffef94 bm=0x0f data=0x0000000000000149 hit
SITAR-L2 read addr=0x40000628 bm=0xff data=0x0000000000000149 hit
SITAR-L2 read addr=0x40000630 bm=0xff data=0x0000000000000149 hit
SITAR-L2 write addr=0x40000620 bm=0xf0 data=0x0000014900000000 hit
SITAR-L2 read addr=0x40000638 bm=0xff data=0x0000014900000000 hit
SITAR-L2 read addr=0x40000600 bm=0xff data=0x0000014900000000 hit
SITAR-L2 write addr=0x5051ff90 bm=0x0f data=0x000000000000014c hit
SITAR-L2 read addr=0x40000608 bm=0xff data=0x000000000000014c hit
SITAR-L2 read addr=0x40000610 bm=0xff data=0x000000000000014c hit
SITAR-L2 write addr=0x40000628 bm=0x0f data=0x000000000000014c hit
SITAR-L2 read addr=0x40000618 bm=0xff data=0x000000000000014c hit
SITAR-L2 read addr=0x40000600 bm=0xff data=0x000000000000014c hit
SITAR-L2 read addr=0x40000620 bm=0xff data=0x000000000000014c hit
SITAR-L2 read addr=0x40000608 bm=0xff data=0x000000000000014c hit
SITAR-L2 read addr=0x40000628 bm=0xff data=0x000000000000014c hit
SITAR-L2 read addr=0x40000610 bm=0xff data=0x000000000000014c hit
SITAR-L2 read addr=0x40000630 bm=0xff data=0x000000000000014c hit
SITAR-L2 read addr=0x40000618 bm=0xff data=0x000000000000014c hit
SITAR-L2 read addr=0x40000638 bm=0xff data=0x000000000000014c hit
SITAR-L2 read addr=0x40000620 bm=0xff data=0x000000000000014c hit
SITAR-L2 write addr=0xffffef94 bm=0x0f data=0x000000000000014d hit
SITAR-L2 read addr=0x40000628 bm=0xff data=0x000000000000014d hit
SITAR-L2 read addr=0x40000630 bm=0xff data=0x000000000000014d hit
SITAR-L2 write addr=0x40000630 bm=0xf0 data=0x0000014d00000000 hit
SITAR-L2 read addr=0x40000638 bm=0xff data=0x0000014d00000000 hit
SITAR-L2 read addr=0x40000600 bm=0xff data=0x0000014d00000000 hit
SITAR-L2 write addr=0x5051ff90 bm=0x0f data=0x0000000000000150 hit
SITAR-L2 read addr=0x40000608 bm=0xff data=0x0000000000000150 hit
SITAR-L2 read addr=0x40000610 bm=0xff data=0x0000000000000150 hit
SITAR-L2 write addr=0x40000638 bm=0x0f data=0x0000000000000150 hit
SITAR-L2 read addr=0x40000618 bm=0xff data=0x0000000000000150 hit
SITAR-L2 read addr=0x40000600 bm=0xff data=0x0000000000000150 hit
SITAR-L2 read addr=0x40000620 bm=0xff data=0x0000000000000150 hit
SITAR-L2 read addr=0x40000608 bm=0xff data=0x0000000000000150 hit
SITAR-L2 read addr=0x40000628 bm=0xff data=0x0000000000000150 hit
SITAR-L2 read addr=0x40000610 bm=0xff data=0x0000000000000150 hit
SITAR-L2 read addr=0x40000630 bm=0xff data=0x0000000000000150 hit
SITAR-L2 read addr=0x40000618 bm=0xff data=0x0000000000000150 hit
SITAR-L2 read addr=0x40000638 bm=0xff data=0x0000000000000150 hit
SITAR-L2 read addr=0x40000620 bm=0xff data=0x0000000000000150 hit
SITAR-L2 write addr=0xffffef94 bm=0x0f data=0x0000000000000151 hit
SITAR-L2 read addr=0x40000628 bm=0xff data=0x0000000000000151 hit
SITAR-L2 read addr=0x40000630 bm=0xff data=0x0000000000000151 hit
SITAR-L2 write addr=0x40000640 bm=0xf0 data=0x0000015100000000 miss
SITAR-L2 read addr=0x40000638 bm=0xff data=0x0000015100000000 hit
SITAR-L2 read addr=0x40000640 bm=0xff data=0x0000015100000000 hit
SITAR-L2 write addr=0x5051ff90 bm=0x0f data=0x0000000000000154 hit
SITAR-L2 read addr=0x40000648 bm=0xff data=0x0000000000000154 hit
SITAR-L2 read addr=0x40000650 bm=0xff data=0x0000000000000154 hit
SITAR-L2 write addr=0x40000648 bm=0x0f data=0x0000000000000154 hit
SITAR-L2 read addr=0x40000658 bm=0xff data=0x0000000000000154 hit
SITAR-L2 read addr=0x40000640 bm=0xff data=0x0000000000000154 hit
SITAR-L2 read addr=0x40000660 bm=0xff data=0x0000000000000154 hit
SITAR-L2 read addr=0x40000648 bm=0xff data=0x0000000000000154 hit
SITAR-L2 read addr=0x40000668 bm=0xff data=0x0000000000000154 hit
SITAR-L2 read addr=0x40000650 bm=0xff data=0x0000000000000154 hit
SITAR-L2 read addr=0x40000670 bm=0xff data=0x0000000000000154 hit
SITAR-L2 read addr=0x40000658 bm=0xff data=0x0000000000000154 hit
SITAR-L2 read addr=0x40000678 bm=0xff data=0x0000000000000154 hit
SITAR-L2 read addr=0x40000660 bm=0xff data=0x0000000000000154 hit
SITAR-L2 write addr=0xffffef94 bm=0x0f data=0x0000000000000155 hit
SITAR-L2 read addr=0x40000668 bm=0xff data=0x0000000000000155 hit
SITAR-L2 read addr=0x40000670 bm=0xff data=0x0000000000000155 hit
SITAR-L2 write addr=0x40000650 bm=0xf0 data=0x0000015500000000 hit
SITAR-L2 read addr=0x40000678 bm=0xff data=0x0000015500000000 hit
SITAR-L2 read addr=0x40000640 bm=0xff data=0x0000015500000000 hit
SITAR-L2 write addr=0x5051ff90 bm=0x0f data=0x0000000000000158 hit
SITAR-L2 read addr=0x40000648 bm=0xff data=0x0000000000000158 hit
SITAR-L2 read addr=0x40000650 bm=0xff data=0x0000000000000158 hit
SITAR-L2 write addr=0x40000658 bm=0x0f data=0x0000000000000158 hit
SITAR-L2 read addr=0x40000658 bm=0xff data=0x0000000000000158 hit
SITAR-L2 read addr=0x40000640 bm=0xff data=0x0000000000000158 hit
SITAR-L2 read addr=0x40000660 bm=0xff data=0x0000000000000158 hit
SITAR-L2 read addr=0x40000648 bm=0xff data=0x0000000000000158 hit
SITAR-L2 read addr=0x40000668 bm=0xff data=0x0000000000000158 hit
SITAR-L2 read addr=0x40000650 bm=0xff data=0x0000000000000158 hit
SITAR-L2 read addr=0x40000670 bm=0xff data=0x0000000000000158 hit
SITAR-L2 read addr=0x40000658 bm=0xff data=0x0000000000000158 hit
SITAR-L2 read addr=0x40000678 bm=0xff data=0x0000000000000158 hit
SITAR-L2 read addr=0x40000660 bm=0xff data=0x0000000000000158 hit
SITAR-L2 write addr=0xffffef94 bm=0x0f data=0x0000000000000159 hit
SITAR-L2 read addr=0x40000668 bm=0xff data=0x0000000000000159 hit
SITAR-L2 read addr=0x40000670 bm=0xff data=0x0000000000000159 hit
SITAR-L2 write addr=0x40000660 bm=0xf0 data=0x0000015900000000 hit
SITAR-L2 read addr=0x40000678 bm=0xff data=0x0000015900000000 hit
SITAR-L2 read addr=0x40000640 bm=0xff data=0x0000015900000000 hit
SITAR-L2 write addr=0x5051ff90 bm=0x0f data=0x000000000000015c hit
SITAR-L2 read addr=0x40000648 bm=0xff data=0x000000000000015c hit
SITAR-L2 read addr=0x40000650 bm=0xff data=0x000000000000015c hit
SITAR-L2 write addr=0x40000668 bm=0x0f data=0x000000000000015c hit
SITAR-L2 read addr=0x40000658 bm=0xff data=0x000000000000015c hit
SITAR-L2 read addr=0x40000640 bm=0xff data=0x000000000000015c hit
SITAR-L2 read addr=0x40000660 bm=0xff data=0x000000000000015c hit
SITAR-L2 read addr=0x40000648 bm=0xff data=0x000000000000015c hit
SITAR-L2 read addr=0x40000668 bm=0xff data=0x000000000000015c hit
SITAR-L2 read addr=0x40000650 bm=0xff data=0x000000000000015c hit
SITAR-L2 read addr=0x40000670 bm=0xff data=0x000000000000015c hit
SITAR-L2 read addr=0x40000658 bm=0xff data=0x000000000000015c hit
SITAR-L2 read addr=0x40000678 bm=0xff data=0x000000000000015c hit
SITAR-L2 read addr=0x40000660 bm=0xff data=0x000000000000015c hit
SITAR-L2 write addr=0xffffef94 bm=0x0f data=0x000000000000015d hit
SITAR-L2 read addr=0x40000668 bm=0xff data=0x000000000000015d hit
SITAR-L2 read addr=0x40000670 bm=0xff data=0x000000000000015d hit
SITAR-L2 write addr=0x40000670 bm=0xf0 data=0x0000015d00000000 hit
SITAR-L2 read addr=0x40000678 bm=0xff data=0x0000015d00000000 hit
SITAR-L2 read addr=0x40000640 bm=0xff data=0x0000015d00000000 hit
SITAR-L2 write addr=0x5051ff90 bm=0x0f data=0x0000000000000160 hit
SITAR-L2 read addr=0x40000648 bm=0xff data=0x0000000000000160 hit
SITAR-L2 read addr=0x40000650 bm=0xff data=0x0000000000000160 hit
SITAR-L2 write addr=0x40000678 bm=0x0f data=0x0000000000000160 hit
SITAR-L2 read addr=0x40000658 bm=0xff data=0x0000000000000160 hit
SITAR-L2 read addr=0x40000640 bm=0xff data=0x0000000000000160 hit
SITAR-L2 read addr=0x40000660 bm=0xff data=0x0000000000000160 hit
SITAR-L2 read addr=0x40000648 bm=0xff data=0x0000000000000160 hit
SITAR-L2 read addr=0x40000668 bm=0xff data=0x0000000000000160 hit
SITAR-L2 read addr=0x40000650 bm=0xff data=0x0000000000000160 hit
SITAR-L2 read addr=0x40000670 bm=0xff data=0x0000000000000160 hit
SITAR-L2 read addr=0x40000658 bm=0xff data=0x0000000000000160 hit
SITAR-L2 read addr=0x40000678 bm=0xff data=0x0000000000000160 hit
SITAR-L2 read addr=0x40000660 bm=0xff data=0x0000000000000160 hit
SITAR-L2 write addr=0xffffef94 bm=0x0f data=0x0000000000000161 hit
SITAR-L2 read addr=0x40000668 bm=0xff data=0x0000000000000161 hit
SITAR-L2 read addr=0x40000670 bm=0xff data=0x0000000000000161 hit
SITAR-L2 write addr=0x40000680 bm=0xf0 data=0x0000016100000000 miss
SITAR-L2 read addr=0x40000678 bm=0xff data=0x0000016100000000 hit
SITAR-L2 read addr=0x40000680 bm=0xff data=0x0000016100000000 hit
SITAR-L2 write addr=0x5051ff90 bm=0x0f data=0x0000000000000164 hit
SITAR-L2 read addr=0x40000688 bm=0xff data=0x0000000000000164 hit
SITAR-L2 read addr=0x40000690 bm=0xff data=0x0000000000000164 hit
SITAR-L2 write addr=0x40000688 bm=0x0f data=0x0000000000000164 hit
SITAR-L2 read addr=0x40000698 bm=0xff data=0x0000000000000164 hit
SITAR-L2 read addr=0x40000680 bm=0xff data=0x0000000000000164 hit
SITAR-L2 read addr=0x400006a0 bm=0xff data=0x0000000000000164 hit
SITAR-L2 read addr=0x40000688 bm=0xff data=0x0000000000000164 hit
SITAR-L2 read addr=0x400006a8 bm=0xff data=0x0000000000000164 hit
SITAR-L2 read addr=0x40000690 bm=0xff data=0x0000000000000164 hit
SITAR-L2 read addr=0x400006b0 bm=0xff data=0x0000000000000164 hit
SITAR-L2 read addr=0x40000698 bm=0xff data=0x0000000000000164 hit
SITAR-L2 read addr=0x400006b8 bm=0xff data=0x0000000000000164 hit
SITAR-L2 read addr=0x400006a0 bm=0xff data=0x0000000000000164 hit
SITAR-L2 write addr=0xffffef94 bm=0x0f data=0x0000000000000165 hit
SITAR-L2 read addr=0x400006a8 bm=0xff data=0x0000000000000165 hit
SITAR-L2 read addr=0x400006b0 bm=0xff data=0x0000000000000165 hit
SITAR-L2 write addr=0x40000690 bm=0xf0 data=0x0000016500000000 hit
SITAR-L2 read addr=0x400006b8 bm=0xff data=0x0000016500000000 hit
SITAR-L2 read addr=0x40000680 bm=0xff data=0x0000016500000000 hit
SITAR-L2 write addr=0x5051ff90 bm=0x0f data=0x0000000000000168 hit
SITAR-L2 read addr=0x40000688 bm=0xff data=0x0000000000000168 hit
SITAR-L2 read addr=0x40000690 bm=0xff data=0x0000000000000168 hit
SITAR-L2 write addr=0x40000698 bm=0x0f data=0x0000000000000168 hit
SITAR-L2 read addr=0x40000698 bm=0xff data=0x0000000000000168 hit
SITAR-L2 read addr=0x40000680 bm=0xff data=0x0000000000000168 hit
SITAR-L2 read addr=0x400006a0 bm=0xff data=0x0000000000000168 hit
SITAR-L2 read addr=0x40000688 bm=0xff data=0x0000000000000168 hit
SITAR-L2 read addr=0x400006a8 bm=0xff data=0x0000000000000168 hit
SITAR-L2 read addr=0x40000690 bm=0xff data=0x0000000000000168 hit
SITAR-L2 read addr=0x400006b0 bm=0xff data=0x0000000000000168 hit
SITAR-L2 read addr=0x40000698 bm=0xff data=0x0000000000000168 hit
SITAR-L2 read addr=0x400006b8 bm=0xff data=0x0000000000000168 hit
SITAR-L2 read addr=0x400006a0 bm=0xff data=0x0000000000000168 hit
SITAR-L2 write addr=0xffffef94 bm=0x0f data=0x0000000000000169 hit
SITAR-L2 read addr=0x400006a8 bm=0xff data=0x0000000000000169 hit
SITAR-L2 read addr=0x400006b0 bm=0xff data=0x0000000000000169 hit
SITAR-L2 write addr=0x400006a0 bm=0xf0 data=0x0000016900000000 hit
SITAR-L2 read addr=0x400006b8 bm=0xff data=0x0000016900000000 hit
SITAR-L2 read addr=0x40000680 bm=0xff data=0x0000016900000000 hit
SITAR-L2 write addr=0x5051ff90 bm=0x0f data=0x000000000000016c hit
SITAR-L2 read addr=0x40000688 bm=0xff data=0x000000000000016c hit
SITAR-L2 read addr=0x40000690 bm=0xff data=0x000000000000016c hit
SITAR-L2 write addr=0x400006a8 bm=0x0f data=0x000000000000016c hit
SITAR-L2 read addr=0x40000698 bm=0xff data=0x000000000000016c hit
SITAR-L2 read addr=0x40000680 bm=0xff data=0x000000000000016c hit
SITAR-L2 read addr=0x400006a0 bm=0xff data=0x000000000000016c hit
SITAR-L2 read addr=0x40000688 bm=0xff data=0x000000000000016c hit
SITAR-L2 read addr=0x400006a8 bm=0xff data=0x000000000000016c hit
SITAR-L2 read addr=0x40000690 bm=0xff data=0x000000000000016c hit
SITAR-L2 read addr=0x400006b0 bm=0xff data=0x000000000000016c hit
SITAR-L2 read addr=0x40000698 bm=0xff data=0x000000000000016c hit
SITAR-L2 read addr=0x400006b8 bm=0xff data=0x000000000000016c hit
SITAR-L2 read addr=0x400006a0 bm=0xff data=0x000000000000016c hit
SITAR-L2 write addr=0xffffef94 bm=0x0f data=0x000000000000016d hit
SITAR-L2 read addr=0x400006a8 bm=0xff data=0x000000000000016d hit
SITAR-L2 read addr=0x400006b0 bm=0xff data=0x000000000000016d hit
SITAR-L2 write addr=0x400006b0 bm=0xf0 data=0x0000016d00000000 hit
SITAR-L2 read addr=0x400006b8 bm=0xff data=0x0000016d00000000 hit
SITAR-L2 read addr=0x40000680 bm=0xff data=0x0000016d00000000 hit
SITAR-L2 write addr=0x5051ff90 bm=0x0f data=0x0000000000000170 hit
SITAR-L2 read addr=0x40000688 bm=0xff data=0x0000000000000170 hit
SITAR-L2 read addr=0x40000690 bm=0xff data=0x0000000000000170 hit
SITAR-L2 write addr=0x400006b8 bm=0x0f data=0x0000000000000170 hit
SITAR-L2 read addr=0x40000698 bm=0xff data=0x0000000000000170 hit
SITAR-L2 read addr=0x40000680 bm=0xff data=0x0000000000000170 hit
SITAR-L2 read addr=0x400006a0 bm=0xff data=0x0000000000000170 hit
SITAR-L2 read addr=0x40000688 bm=0xff data=0x0000000000000170 hit
SITAR-L2 read addr=0x400006a8 bm=0xff data=0x0000000000000170 hit
SITAR-L2 read addr=0x40000690 bm=0xff data=0x0000000000000170 hit
SITAR-L2 read addr=0x400006b0 bm=0xff data=0x0000000000000170 hit
SITAR-L2 read addr=0x40000698 bm=0xff data=0x0000000000000170 hit
SITAR-L2 read addr=0x400006b8 bm=0xff data=0x0000000000000170 hit
SITAR-L2 read addr=0x400006a0 bm=0xff data=0x0000000000000170 hit
SITAR-L2 write addr=0xffffef94 bm=0x0f data=0x0000000000000171 hit
SITAR-L2 read addr=0x400006a8 bm=0xff data=0x0000000000000171 hit
SITAR-L2 read addr=0x400006b0 bm=0xff data=0x0000000000000171 hit
SITAR-L2 write addr=0x400006c0 bm=0xf0 data=0x0000017100000000 miss
SITAR-L2 read addr=0x400006b8 bm=0xff data=0x0000017100000000 hit
SITAR-L2 read addr=0x400006c0 bm=0xff data=0x0000017100000000 hit
SITAR-L2 write addr=0x5051ff90 bm=0x0f data=0x0000000000000174 hit
SITAR-L2 read addr=0x400006c8 bm=0xff data=0x0000000000000174 hit
SITAR-L2 read addr=0x400006d0 bm=0xff data=0x0000000000000174 hit
SITAR-L2 write addr=0x400006c8 bm=0x0f data=0x0000000000000174 hit
SITAR-L2 read addr=0x400006d8 bm=0xff data=0x0000000000000174 hit
SITAR-L2 read addr=0x400006c0 bm=0xff data=0x0000000000000174 hit
SITAR-L2 read addr=0x400006e0 bm=0xff data=0x0000000000000174 hit
SITAR-L2 read addr=0x400006c8 bm=0xff data=0x0000000000000174 hit
SITAR-L2 read addr=0x400006e8 bm=0xff data=0x0000000000000174 hit
SITAR-L2 read addr=0x400006d0 bm=0xff data=0x0000000000000174 hit
SITAR-L2 read addr=0x400006f0 bm=0xff data=0x0000000000000174 hit
SITAR-L2 read addr=0x400006d8 bm=0xff data=0x0000000000000174 hit
SITAR-L2 read addr=0x400006f8 bm=0xff data=0x0000000000000174 hit
SITAR-L2 read addr=0x400006e0 bm=0xff data=0x0000000000000174 hit
SITAR-L2 write addr=0xffffef94 bm=0x0f data=0x0000000000000175 hit
SITAR-L2 read addr=0x400006e8 bm=0xff data=0x0000000000000175 hit
SITAR-L2 read addr=0x400006f0 bm=0xff data=0x0000000000000175 hit
SITAR-L2 write addr=0x400006d0 bm=0xf0 data=0x0000017500000000 hit
SITAR-L2 read addr=0x400006f8 bm=0xff data=0x0000017500000000 hit
SITAR-L2 read addr=0x400006c0 bm=0xff data=0x0000017500000000 hit
SITAR-L2 write addr=0x5051ff90 bm=0x0f data=0x0000000000000178 hit
SITAR-L2 read addr=0x400006c8 bm=0xff data=0x0000000000000178 hit
SITAR-L2 read addr=0x400006d0 bm=0xff data=0x0000000000000178 hit
SITAR-L2 write addr=0x400006d8 bm=0x0f data=0x0000000000000178 hit
SITAR-L2 read addr=0x400006d8 bm=0xff data=0x0000000000000178 hit
SITAR-L2 read addr=0x400006c0 bm=0xff data=0x0000000000000178 hit
SITAR-L2 read addr=0x400006e0 bm=0xff data=0x0000000000000178 hit
SITAR-L2 read addr=0x400006c8 bm=0xff data=0x0000000000000178 hit
SITAR-L2 read addr=0x400006e8 bm=0xff data=0x0000000000000178 hit
SITAR-L2 read addr=0x400006d0 bm=0xff data=0x0000000000000178 hit
SITAR-L2 read addr=0x400006f0 bm=0xff data=0x0000000000000178 hit
SITAR-L2 read addr=0x400006d8 bm=0xff data=0x0000000000000178 hit
SITAR-L2 read addr=0x400006f8 bm=0xff data=0x0000000000000178 hit
SITAR-L2 read addr=0x400006e0 bm=0xff data=0x0000000000000178 hit
SITAR-L2 write addr=0xffffef94 bm=0x0f data=0x0000000000000179 hit
SITAR-L2 read addr=0x400006e8 bm=0xff data=0x0000000000000179 hit
SITAR-L2 read addr=0x400006f0 bm=0xff data=0x0000000000000179 hit
SITAR-L2 write addr=0x400006e0 bm=0xf0 data=0x0000017900000000 hit
SITAR-L2 read addr=0x400006f8 bm=0xff data=0x0000017900000000 hit
SITAR-L2 read addr=0x400006c0 bm=0xff data=0x0000017900000000 hit
SITAR-L2 write addr=0x5051ff90 bm=0x0f data=0x000000000000017c hit
SITAR-L2 read addr=0x400006c8 bm=0xff data=0x000000000000017c hit
SITAR-L2 read addr=0x400006d0 bm=0xff data=0x000000000000017c hit
SITAR-L2 write addr=0x400006e8 bm=0x0f data=0x000000000000017c hit
SITAR-L2 read addr=0x400006d8 bm=0xff data=0x000000000000017c hit
SITAR-L2 read addr=0x400006c0 bm=0xff data=0x000000000000017c hit
SITAR-L2 read addr=0x400006e0 bm=0xff data=0x000000000000017c hit
SITAR-L2 read addr=0x400006c8 bm=0xff data=0x000000000000017c hit
SITAR-L2 read addr=0x400006e8 bm=0xff data=0x000000000000017c hit
SITAR-L2 read addr=0x400006d0 bm=0xff data=0x000000000000017c hit
SITAR-L2 read addr=0x400006f0 bm=0xff data=0x000000000000017c hit
SITAR-L2 read addr=0x400006d8 bm=0xff data=0x000000000000017c hit
SITAR-L2 read addr=0x400006f8 bm=0xff data=0x000000000000017c hit
SITAR-L2 read addr=0x400006e0 bm=0xff data=0x000000000000017c hit
SITAR-L2 write addr=0xffffef94 bm=0x0f data=0x000000000000017d hit
SITAR-L2 read addr=0x400006e8 bm=0xff data=0x000000000000017d hit
SITAR-L2 read addr=0x400006f0 bm=0xff data=0x000000000000017d hit
SITAR-L2 write addr=0x400006f0 bm=0xf0 data=0x0000017d00000000 hit
SITAR-L2 read addr=0x400006f8 bm=0xff data=0x0000017d00000000 hit
SITAR-L2 read addr=0x400006c0 bm=0xff data=0x0000017d00000000 hit
SITAR-L2 write addr=0x5051ff90 bm=0x0f data=0x0000000000000180 hit
SITAR-L2 read addr=0x400006c8 bm=0xff data=0x0000000000000180 hit
SITAR-L2 read addr=0x400006d0 bm=0xff data=0x0000000000000180 hit
SITAR-L2 write addr=0x400006f8 bm=0x0f data=0x0000000000000180 hit
SITAR-L2 read addr=0x400006d8 bm=0xff data=0x0000000000000180 hit
SITAR-L2 read addr=0x400006c0 bm=0xff data=0x0000000000000180 hit
SITAR-L2 read addr=0x400006e0 bm=0xff data=0x0000000000000180 hit
SITAR-L2 read addr=0x400006c8 bm=0xff data=0x0000000000000180 hit
SITAR-L2 read addr=0x400006e8 bm=0xff data=0x0000000000000180 hit
SITAR-L2 read addr=0x400006d0 bm=0xff data=0x0000000000000180 hit
SITAR-L2 read addr=0x400006f0 bm=0xff data=0x0000000000000180 hit
SITAR-L2 read addr=0x400006d8 bm=0xff data=0x0000000000000180 hit
SITAR-L2 read addr=0x400006f8 bm=0xff data=0x0000000000000180 hit
SITAR-L2 read addr=0x400006e0 bm=0xff data=0x0000000000000180 hit
SITAR-L2 write addr=0xffffef94 bm=0x0f data=0x0000000000000181 hit
SITAR-L2 read addr=0x400006e8 bm=0xff data=0x0000000000000181 hit
SITAR-L2 read addr=0x400006f0 bm=0xff data=0x0000000000000181 hit
SITAR-L2 write addr=0x40000700 bm=0xf0 data=0x0000018100000000 miss
SITAR-L2 read addr=0x400006f8 bm=0xff data=0x0000018100000000 hit
SITAR-L2 read addr=0x40000700 bm=0xff data=0x0000018100000000 hit
SITAR-L2 write addr=0x5051ff90 bm=0x0f data=0x0000000000000184 hit
SITAR-L2 read addr=0x40000708 bm=0xff data=0x0000000000000184 hit
SITAR-L2 read addr=0x40000710 bm=0xff data=0x0000000000000184 hit
SITAR-L2 write addr=0x40000708 bm=0x0f data=0x0000000000000184 hit
SITAR-L2 read addr=0x40000718 bm=0xff data=0x0000000000000184 hit
SITAR-L2 read addr=0x40000700 bm=0xff data=0x0000000000000184 hit
SITAR-L2 read addr=0x40000720 bm=0xff data=0x0000000000000184 hit
SITAR-L2 read addr=0x40000708 bm=0xff data=0x0000000000000184 hit
SITAR-L2 read addr=0x40000728 bm=0xff data=0x0000000000000184 hit
SITAR-L2 read addr=0x40000710 bm=0xff data=0x0000000000000184 hit
SITAR-L2 read addr=0x40000730 bm=0xff data=0x0000000000000184 hit
SITAR-L2 read addr=0x40000718 bm=0xff data=0x0000000000000184 hit
SITAR-L2 read addr=0x40000738 bm=0xff data=0x0000000000000184 hit
SITAR-L2 read addr=0x40000720 bm=0xff data=0x0000000000000184 hit
SITAR-L2 write addr=0xffffef94 bm=0x0f data=0x0000000000000185 hit
SITAR-L2 read addr=0x40000728 bm=0xff data=0x0000000000000185 hit
SITAR-L2 read addr=0x40000730 bm=0xff data=0x0000000000000185 hit
SITAR-L2 write addr=0x40000710 bm=0xf0 data=0x0000018500000000 hit
SITAR-L2 read addr=0x40000738 bm=0xff data=0x0000018500000000 hit
SITAR-L2 read addr=0x40000700 bm=0xff data=0x0000018500000000 hit
SITAR-L2 write addr=0x5051ff90 bm=0x0f data=0x0000000000000188 hit
SITAR-L2 read addr=0x40000708 bm=0xff data=0x0000000000000188 hit
SITAR-L2 read addr=0x40000710 bm=0xff data=0x0000000000000188 hit
SITAR-L2 write addr=0x40000718 bm=0x0f data=0x0000000000000188 hit
SITAR-L2 read addr=0x40000718 bm=0xff data=0x0000000000000188 hit
SITAR-L2 read addr=0x40000700 bm=0xff data=0x0000000000000188 hit
SITAR-L2 read addr=0x40000720 bm=0xff data=0x0000000000000188 hit
SITAR-L2 read addr=0x40000708 bm=0xff data=0x0000000000000188 hit
SITAR-L2 read addr=0x40000728 bm=0xff data=0x0000000000000188 hit
SITAR-L2 read addr=0x40000710 bm=0xff data=0x0000000000000188 hit
SITAR-L2 read addr=0x40000730 bm=0xff data=0x0000000000000188 hit
SITAR-L2 read addr=0x40000718 bm=0xff data=0x0000000000000188 hit
SITAR-L2 read addr=0x40000738 bm=0xff data=0x0000000000000188 hit
SITAR-L2 read addr=0x40000720 bm=0xff data=0x0000000000000188 hit
SITAR-L2 write addr=0xffffef94 bm=0x0f data=0x0000000000000189 hit
SITAR-L2 read addr=0x40000728 bm=0xff data=0x0000000000000189 hit
SITAR-L2 read addr=0x40000730 bm=0xff data=0x0000000000000189 hit
SITAR-L2 write addr=0x40000720 bm=0xf0 data=0x0000018900000000 hit
SITAR-L2 read addr=0x40000738 bm=0xff data=0x0000018900000000 hit
SITAR-L2 read addr=0x40000700 bm=0xff data=0x0000018900000000 hit
SITAR-L2 write addr=0x5051ff90 bm=0x0f data=0x000000000000018c hit
SITAR-L2 read addr=0x40000708 bm=0xff data=0x000000000000018c hit
SITAR-L2 read addr=0x40000710 bm=0xff data=0x000000000000018c hit
SITAR-L2 write addr=0x40000728 bm=0x0f data=0x000000000000018c hit
SITAR-L2 read addr=0x40000718 bm=0xff data=0x000000000000018c hit
SITAR-L2 read addr=0x40000700 bm=0xff data=0x000000000000018c hit
SITAR-L2 read addr=0x40000720 bm=0xff data=0x000000000000018c hit
SITAR-L2 read addr=0x40000708 bm=0xff data=0x000000000000018c hit
SITAR-L2 read addr=0x40000728 bm=0xff data=0x000000000000018c hit
SITAR-L2 read addr=0x40000710 bm=0xff data=0x000000000000018c hit
SITAR-L2 read addr=0x40000730 bm=0xff data=0x000000000000018c hit
SITAR-L2 read addr=0x40000718 bm=0xff data=0x000000000000018c hit
SITAR-L2 read addr=0x40000738 bm=0xff data=0x000000000000018c hit
SITAR-L2 read addr=0x40000720 bm=0xff data=0x000000000000018c hit
SITAR-L2 write addr=0xffffef94 bm=0x0f data=0x000000000000018d hit
SITAR-L2 read addr=0x40000728 bm=0xff data=0x000000000000018d hit
SITAR-L2 read addr=0x40000730 bm=0xff data=0x000000000000018d hit
SITAR-L2 write addr=0x40000730 bm=0xf0 data=0x0000018d00000000 hit
SITAR-L2 read addr=0x40000738 bm=0xff data=0x0000018d00000000 hit
SITAR-L2 read addr=0x40000700 bm=0xff data=0x0000018d00000000 hit
SITAR-L2 write addr=0x5051ff90 bm=0x0f data=0x0000000000000190 hit
SITAR-L2 read addr=0x40000708 bm=0xff data=0x0000000000000190 hit
SITAR-L2 read addr=0x40000710 bm=0xff data=0x0000000000000190 hit
SITAR-L2 write addr=0x40000738 bm=0x0f data=0x0000000000000190 hit
SITAR-L2 read addr=0x40000718 bm=0xff data=0x0000000000000190 hit
SITAR-L2 read addr=0x40000700 bm=0xff data=0x0000000000000190 hit
SITAR-L2 read addr=0x40000720 bm=0xff data=0x0000000000000190 hit
SITAR-L2 read addr=0x40000708 bm=0xff data=0x0000000000000190 hit
SITAR-L2 read addr=0x40000728 bm=0xff data=0x0000000000000190 hit
SITAR-L2 read addr=0x40000710 bm=0xff data=0x0000000000000190 hit
SITAR-L2 read addr=0x40000730 bm=0xff data=0x0000000000000190 hit
SITAR-L2 read addr=0x40000718 bm=0xff data=0x0000000000000190 hit
SITAR-L2 read addr=0x40000738 bm=0xff data=0x0000000000000190 hit
SITAR-L2 read addr=0x40000720 bm=0xff data=0x0000000000000190 hit
SITAR-L2 write addr=0xffffef94 bm=0x0f data=0x0000000000000191 hit
SITAR-L2 read addr=0x40000728 bm=0xff data=0x0000000000000191 hit
SITAR-L2 read addr=0x40000730 bm=0xff data=0x0000000000000191 hit
SITAR-L2 write addr=0x40000740 bm=0xf0 data=0x0000019100000000 miss
SITAR-L2 read addr=0x40000738 bm=0xff data=0x0000019100000000 hit
SITAR-L2 read addr=0x40000740 bm=0xff data=0x0000019100000000 hit
SITAR-L2 write addr=0x5051ff90 bm=0x0f data=0x0000000000000194 hit
SITAR-L2 read addr=0x40000748 bm=0xff data=0x0000000000000194 hit
SITAR-L2 read addr=0x40000750 bm=0xff data=0x0000000000000194 hit
SITAR-L2 write addr=0x40000748 bm=0x0f data=0x0000000000000194 hit
SITAR-L2 read addr=0x40000758 bm=0xff data=0x0000000000000194 hit
SITAR-L2 read addr=0x40000740 bm=0xff data=0x0000000000000194 hit
SITAR-L2 read addr=0x40000760 bm=0xff data=0x0000000000000194 hit
SITAR-L2 read addr=0x40000748 bm=0xff data=0x0000000000000194 hit
SITAR-L2 read addr=0x40000768 bm=0xff data=0x0000000000000194 hit
SITAR-L2 read addr=0x40000750 bm=0xff data=0x0000000000000194 hit
SITAR-L2 read addr=0x40000770 bm=0xff data=0x0000000000000194 hit
SITAR-L2 read addr=0x40000758 bm=0xff data=0x0000000000000194 hit
SITAR-L2 read addr=0x40000778 bm=0xff data=0x0000000000000194 hit
SITAR-L2 read addr=0x40000760 bm=0xff data=0x0000000000000194 hit
SITAR-L2 write addr=0xffffef94 bm=0x0f data=0x0000000000000195 hit
SITAR-L2 read addr=0x40000768 bm=0xff data=0x0000000000000195 hit
SITAR-L2 read addr=0x40000770 bm=0xff data=0x0000000000000195 hit
SITAR-L2 write addr=0x40000750 bm=0xf0 data=0x0000019500000000 hit
SITAR-L2 read addr=0x40000778 bm=0xff data=0x0000019500000000 hit
SITAR-L2 read addr=0x40000740 bm=0xff data=0x0000019500000000 hit
SITAR-L2 write addr=0x5051ff90 bm=0x0f data=0x0000000000000198 hit
SITAR-L2 read addr=0x40000748 bm=0xff data=0x0000000000000198 hit
SITAR-L2 read addr=0x40000750 bm=0xff data=0x0000000000000198 hit
SITAR-L2 write addr=0x40000758 bm=0x0f data=0x0000000000000198 hit
SITAR-L2 read addr=0x40000758 bm=0xff data=0x0000000000000198 hit
SITAR-L2 read addr=0x40000740 bm=0xff data=0x0000000000000198 hit
SITAR-L2 read addr=0x40000760 bm=0xff data=0x0000000000000198 hit
SITAR-L2 read addr=0x40000748 bm=0xff data=0x0000000000000198 hit
SITAR-L2 read addr=0x40000768 bm=0xff data=0x0000000000000198 hit
SITAR-L2 read addr=0x40000750 bm=0xff data=0x0000000000000198 hit
SITAR-L2 read addr=0x40000770 bm=0xff data=0x0000000000000198 hit
SITAR-L2 read addr=0x40000758 bm=0xff data=0x0000000000000198 hit
SITAR-L2 read addr=0x40000778 bm=0xff data=0x0000000000000198 hit
SITAR-L2 read addr=0x40000760 bm=0xff data=0x0000000000000198 hit
SITAR-L2 write addr=0xffffef94 bm=0x0f data=0x0000000000000199 hit
SITAR-L2 read addr=0x40000768 bm=0xff data=0x0000000000000199 hit
SITAR-L2 read addr=0x40000770 bm=0xff data=0x0000000000000199 hit
SITAR-L2 write addr=0x40000760 bm=0xf0 data=0x0000019900000000 hit
SITAR-L2 read addr=0x40000778 bm=0xff data=0x0000019900000000 hit
SITAR-L2 read addr=0x40000740 bm=0xff data=0x0000019900000000 hit
SITAR-L2 write addr=0x5051ff90 bm=0x0f data=0x000000000000019c hit
SITAR-L2 read addr=0x40000748 bm=0xff data=0x000000000000019c hit
SITAR-L2 read addr=0x40000750 bm=0xff data=0x000000000000019c hit
SITAR-L2 write addr=0x40000768 bm=0x0f data=0x000000000000019c hit
SITAR-L2 read addr=0x40000758 bm=0xff data=0x000000000000019c hit
SITAR-L2 read addr=0x40000740 bm=0xff data=0x000000000000019c hit
SITAR-L2 read addr=0x40000760 bm=0xff data=0x000000000000019c hit
SITAR-L2 read addr=0x40000748 bm=0xff data=0x000000000000019c hit
SITAR-L2 read addr=0x40000768 bm=0xff data=0x000000000000019c hit
SITAR-L2 read addr=0x40000750 bm=0xff data=0x000000000000019c hit
SITAR-L2 read addr=0x40000770 bm=0xff data=0x000000000000019c hit
SITAR-L2 read addr=0x40000758 bm=0xff data=0x000000000000019c hit
SITAR-L2 read addr=0x40000778 bm=0xff data=0x000000000000019c hit
SITAR-L2 read addr=0x40000760 bm=0xff data=0x000000000000019c hit
SITAR-L2 write addr=0xffffef94 bm=0x0f data=0x000000000000019d hit
SITAR-L2 read addr=0x40000768 bm=0xff data=0x000000000000019d hit
SITAR-L2 read addr=0x40000770 bm=0xff data=0x000000000000019d hit
SITAR-L2 write addr=0x40000770 bm=0xf0 data=0x0000019d00000000 hit
SITAR-L2 read addr=0x40000778 bm=0xff data=0x0000019d00000000 hit
SITAR-L2 read addr=0x40000740 bm=0xff data=0x0000019d00000000 hit
SITAR-L2 write addr=0x5051ff90 bm=0x0f data=0x00000000000001a0 hit
SITAR-L2 read addr=0x40000748 bm=0xff data=0x00000000000001a0 hit
SITAR-L2 read addr=0x40000750 bm=0xff data=0x00000000000001a0 hit
SITAR-L2 write addr=0x40000778 bm=0x0f data=0x00000000000001a0 hit
SITAR-L2 read addr=0x40000758 bm=0xff data=0x00000000000001a0 hit
SITAR-L2 read addr=0x40000740 bm=0xff data=0x00000000000001a0 hit
SITAR-L2 read addr=0x40000760 bm=0xff data=0x00000000000001a0 hit
SITAR-L2 read addr=0x40000748 bm=0xff data=0x00000000000001a0 hit
SITAR-L2 read addr=0x40000768 bm=0xff data=0x00000000000001a0 hit
SITAR-L2 read addr=0x40000750 bm=0xff data=0x00000000000001a0 hit
SITAR-L2 read addr=0x40000770 bm=0xff data=0x00000000000001a0 hit
SITAR-L2 read addr=0x40000758 bm=0xff data=0x00000000000001a0 hit
SITAR-L2 read addr=0x40000778 bm=0xff data=0x00000000000001a0 hit
SITAR-L2 read addr=0x40000760 bm=0xff data=0x00000000000001a0 hit
SITAR-L2 write addr=0xffffef94 bm=0x0f data=0x00000000000001a1 hit
SITAR-L2 read addr=0x40000768 bm=0xff data=0x00000000000001a1 hit
SITAR-L2 read addr=0x40000770 bm=0xff data=0x00000000000001a1 hit
SITAR-L2 write addr=0x40000780 bm=0xf0 data=0x000001a100000000 miss
SITAR-L2 read addr=0x40000778 bm=0xff data=0x000001a100000000 hit
SITAR-L2 read addr=0x40000780 bm=0xff data=0x000001a100000000 hit
SITAR-L2 write addr=0x5051ff90 bm=0x0f data=0x00000000000001a4 hit
SITAR-L2 read addr=0x40000788 bm=0xff data=0x00000000000001a4 hit
SITAR-L2 read addr=0x40000790 bm=0xff data=0x00000000000001a4 hit
SITAR-L2 write addr=0x40000788 bm=0x0f data=0x00000000000001a4 hit
SITAR-L2 read addr=0x40000798 bm=0xff data=0x00000000000001a4 hit
SITAR-L2 read addr=0x40000780 bm=0xff data=0x00000000000001a4 hit
SITAR-L2 read addr=0x400007a0 bm=0xff data=0x00000000000001a4 hit
SITAR-L2 read addr=0x40000788 bm=0xff data=0x00000000000001a4 hit
SITAR-L2 read addr=0x400007a8 bm=0xff data=0x00000000000001a4 hit
SITAR-L2 read addr=0x40000790 bm=0xff data=0x00000000000001a4 hit
SITAR-L2 read addr=0x400007b0 bm=0xff data=0x00000000000001a4 hit
SITAR-L2 read addr=0x40000798 bm=0xff data=0x00000000000001a4 hit
SITAR-L2 read addr=0x400007b8 bm=0xff data=0x00000000000001a4 hit
SITAR-L2 read addr=0x400007a0 bm=0xff data=0x00000000000001a4 hit
SITAR-L2 write addr=0xffffef94 bm=0x0f data=0x00000000000001a5 hit
SITAR-L2 read addr=0x400007a8 bm=0xff data=0x00000000000001a5 hit
SITAR-L2 read addr=0x400007b0 bm=0xff data=0x00000000000001a5 hit
SITAR-L2 write addr=0x40000790 bm=0xf0 data=0x000001a500000000 hit
SITAR-L2 read addr=0x400007b8 bm=0xff data=0x000001a500000000 hit
SITAR-L2 read addr=0x40000780 bm=0xff data=0x000001a500000000 hit
SITAR-L2 write addr=0x5051ff90 bm=0x0f data=0x00000000000001a8 hit
SITAR-L2 read addr=0x40000788 bm=0xff data=0x00000000000001a8 hit
SITAR-L2 read addr=0x40000790 bm=0xff data=0x00000000000001a8 hit
SITAR-L2 write addr=0x40000798 bm=0x0f data=0x00000000000001a8 hit
SITAR-L2 read addr=0x40000798 bm=0xff data=0x00000000000001a8 hit
SITAR-L2 read addr=0x40000780 bm=0xff data=0x00000000000001a8 hit
SITAR-L2 read addr=0x400007a0 bm=0xff data=0x00000000000001a8 hit
SITAR-L2 read addr=0x40000788 bm=0xff data=0x00000000000001a8 hit
SITAR-L2 read addr=0x400007a8 bm=0xff data=0x00000000000001a8 hit
SITAR-L2 read addr=0x40000790 bm=0xff data=0x00000000000001a8 hit
SITAR-L2 read addr=0x400007b0 bm=0xff data=0x00000000000001a8 hit
SITAR-L2 read addr=0x40000798 bm=0xff data=0x00000000000001a8 hit
SITAR-L2 read addr=0x400007b8 bm=0xff data=0x00000000000001a8 hit
SITAR-L2 read addr=0x400007a0 bm=0xff data=0x00000000000001a8 hit
SITAR-L2 write addr=0xffffef94 bm=0x0f data=0x00000000000001a9 hit
SITAR-L2 read addr=0x400007a8 bm=0xff data=0x00000000000001a9 hit
SITAR-L2 read addr=0x400007b0 bm=0xff data=0x00000000000001a9 hit
SITAR-L2 write addr=0x400007a0 bm=0xf0 data=0x000001a900000000 hit
SITAR-L2 read addr=0x400007b8 bm=0xff data=0x000001a900000000 hit
SITAR-L2 read addr=0x40000780 bm=0xff data=0x000001a900000000 hit
SITAR-L2 write addr=0x5051ff90 bm=0x0f data=0x00000000000001ac hit
SITAR-L2 read addr=0x40000788 bm=0xff data=0x00000000000001ac hit
SITAR-L2 read addr=0x40000790 bm=0xff data=0x00000000000001ac hit
SITAR-L2 write addr=0x400007a8 bm=0x0f data=0x00000000000001ac hit
SITAR-L2 read addr=0x40000798 bm=0xff data=0x00000000000001ac hit
SITAR-L2 read addr=0x40000780 bm=0xff data=0x00000000000001ac hit
SITAR-L2 read addr=0x400007a0 bm=0xff data=0x00000000000001ac hit
SITAR-L2 read addr=0x40000788 bm=0xff data=0x00000000000001ac hit
SITAR-L2 read addr=0x400007a8 bm=0xff data=0x00000000000001ac hit
SITAR-L2 read addr=0x40000790 bm=0xff data=0x00000000000001ac hit
SITAR-L2 read addr=0x400007b0 bm=0xff data=0x00000000000001ac hit
SITAR-L2 read addr=0x40000798 bm=0xff data=0x00000000000001ac hit
SITAR-L2 read addr=0x400007b8 bm=0xff data=0x00000000000001ac hit
SITAR-L2 read addr=0x400007a0 bm=0xff data=0x00000000000001ac hit
SITAR-L2 write addr=0xffffef94 bm=0x0f data=0x00000000000001ad hit
SITAR-L2 read addr=0x400007a8 bm=0xff data=0x00000000000001ad hit
SITAR-L2 read addr=0x400007b0 bm=0xff data=0x00000000000001ad hit
SITAR-L2 write addr=0x400007b0 bm=0xf0 data=0x000001ad00000000 hit
SITAR-L2 read addr=0x400007b8 bm=0xff data=0x000001ad00000000 hit
SITAR-L2 read addr=0x40000780 bm=0xff data=0x000001ad00000000 hit
SITAR-L2 write addr=0x5051ff90 bm=0x0f data=0x00000000000001b0 hit
SITAR-L2 read addr=0x40000788 bm=0xff data=0x00000000000001b0 hit
SITAR-L2 read addr=0x40000790 bm=0xff data=0x00000000000001b0 hit
SITAR-L2 write addr=0x400007b8 bm=0x0f data=0x00000000000001b0 hit
SITAR-L2 read addr=0x40000798 bm=0xff data=0x00000000000001b0 hit
SITAR-L2 read addr=0x40000780 bm=0xff data=0x00000000000001b0 hit
SITAR-L2 read addr=0x400007a0 bm=0xff data=0x00000000000001b0 hit
SITAR-L2 read addr=0x40000788 bm=0xff data=0x00000000000001b0 hit
SITAR-L2 read addr=0x400007a8 bm=0xff data=0x00000000000001b0 hit
SITAR-L2 read addr=0x40000790 bm=0xff data=0x00000000000001b0 hit
SITAR-L2 read addr=0x400007b0 bm=0xff data=0x00000000000001b0 hit
SITAR-L2 read addr=0x40000798 bm=0xff data=0x00000000000001b0 hit
SITAR-L2 read addr=0x400007b8 bm=0xff data=0x00000000000001b0 hit
SITAR-L2 read addr=0x400007a0 bm=0xff data=0x00000000000001b0 hit
SITAR-L2 write addr=0xffffef94 bm=0x0f data=0x00000000000001b1 hit
SITAR-L2 read addr=0x400007a8 bm=0xff data=0x00000000000001b1 hit
SITAR-L2 read addr=0x400007b0 bm=0xff data=0x00000000000001b1 hit
SITAR-L2 write addr=0x400007c0 bm=0xf0 data=0x000001b100000000 miss
SITAR-L2 read addr=0x400007b8 bm=0xff data=0x000001b100000000 hit
SITAR-L2 read addr=0x400007c0 bm=0xff data=0x000001b100000000 hit
SITAR-L2 write addr=0x5051ff90 bm=0x0f data=0x00000000000001b4 hit
SITAR-L2 read addr=0x400007c8 bm=0xff data=0x00000000000001b4 hit
SITAR-L2 read addr=0x400007d0 bm=0xff data=0x00000000000001b4 hit
SITAR-L2 write addr=0x400007c8 bm=0x0f data=0x00000000000001b4 hit
SITAR-L2 read addr=0x400007d8 bm=0xff data=0x00000000000001b4 hit
SITAR-L2 read addr=0x400007c0 bm=0xff data=0x00000000000001b4 hit
SITAR-L2 read addr=0x400007e0 bm=0xff data=0x00000000000001b4 hit
SITAR-L2 read addr=0x400007c8 bm=0xff data=0x00000000000001b4 hit
SITAR-L2 read addr=0x400007e8 bm=0xff data=0x00000000000001b4 hit
SITAR-L2 read addr=0x400007d0 bm=0xff data=0x00000000000001b4 hit
SITAR-L2 read addr=0x400007f0 bm=0xff data=0x00000000000001b4 hit
SITAR-L2 read addr=0x400007d8 bm=0xff data=0x00000000000001b4 hit
SITAR-L2 read addr=0x400007f8 bm=0xff data=0x00000000000001b4 hit
SITAR-L2 read addr=0x400007e0 bm=0xff data=0x00000000000001b4 hit
SITAR-L2 write addr=0xffffef94 bm=0x0f data=0x00000000000001b5 hit
SITAR-L2 read addr=0x400007e8 bm=0xff data=0x00000000000001b5 hit
SITAR-L2 read addr=0x400007f0 bm=0xff data=0x00000000000001b5 hit
SITAR-L2 write addr=0x400007d0 bm=0xf0 data=0x000001b500000000 hit
SITAR-L2 read addr=0x400007f8 bm=0xff data=0x000001b500000000 hit
SITAR-L2 read addr=0x400007c0 bm=0xff data=0x000001b500000000 hit
SITAR-L2 write addr=0x5051ff90 bm=0x0f data=0x00000000000001b8 hit
SITAR-L2 read addr=0x400007c8 bm=0xff data=0x00000000000001b8 hit
SITAR-L2 read addr=0x400007d0 bm=0xff data=0x00000000000001b8 hit
SITAR-L2 write addr=0x400007d8 bm=0x0f data=0x00000000000001b8 hit
SITAR-L2 read addr=0x400007d8 bm=0xff data=0x00000000000001b8 hit
SITAR-L2 read addr=0x400007c0 bm=0xff data=0x00000000000001b8 hit
SITAR-L2 read addr=0x400007e0 bm=0xff data=0x00000000000001b8 hit
SITAR-L2 read addr=0x400007c8 bm=0xff data=0x00000000000001b8 hit
SITAR-L2 read addr=0x400007e8 bm=0xff data=0x00000000000001b8 hit
SITAR-L2 read addr=0x400007d0 bm=0xff data=0x00000000000001b8 hit
SITAR-L2 read addr=0x400007f0 bm=0xff data=0x00000000000001b8 hit
SITAR-L2 read addr=0x400007d8 bm=0xff data=0x00000000000001b8 hit
SITAR-L2 read addr=0x400007f8 bm=0xff data=0x00000000000001b8 hit
SITAR-L2 read addr=0x400007e0 bm=0xff data=0x00000000000001b8 hit
SITAR-L2 write addr=0xffffef94 bm=0x0f data=0x00000000000001b9 hit
SITAR-L2 read addr=0x400007e8 bm=0xff data=0x00000000000001b9 hit
SITAR-L2 read addr=0x400007f0 bm=0xff data=0x00000000000001b9 hit
SITAR-L2 write addr=0x400007e0 bm=0xf0 data=0x000001b900000000 hit
SITAR-L2 read addr=0x400007f8 bm=0xff data=0x000001b900000000 hit
SITAR-L2 read addr=0x400007c0 bm=0xff data=0x000001b900000000 hit
SITAR-L2 write addr=0x5051ff90 bm=0x0f data=0x00000000000001bc hit
SITAR-L2 read addr=0x400007c8 bm=0xff data=0x00000000000001bc hit
SITAR-L2 read addr=0x400007d0 bm=0xff data=0x00000000000001bc hit
SITAR-L2 write addr=0x400007e8 bm=0x0f data=0x00000000000001bc hit
SITAR-L2 read addr=0x400007d8 bm=0xff data=0x00000000000001bc hit
SITAR-L2 read addr=0x400007c0 bm=0xff data=0x00000000000001bc hit
SITAR-L2 read addr=0x400007e0 bm=0xff data=0x00000000000001bc hit
SITAR-L2 read addr=0x400007c8 bm=0xff data=0x00000000000001bc hit
SITAR-L2 read addr=0x400007e8 bm=0xff data=0x00000000000001bc hit
SITAR-L2 read addr=0x400007d0 bm=0xff data=0x00000000000001bc hit
SITAR-L2 read addr=0x400007f0 bm=0xff data=0x00000000000001bc hit
SITAR-L2 read addr=0x400007d8 bm=0xff data=0x00000000000001bc hit
SITAR-L2 read addr=0x400007f8 bm=0xff data=0x00000000000001bc hit
SITAR-L2 read addr=0x400007e0 bm=0xff data=0x00000000000001bc hit
SITAR-L2 write addr=0xffffef94 bm=0x0f data=0x00000000000001bd hit
SITAR-L2 read addr=0x400007e8 bm=0xff data=0x00000000000001bd hit
SITAR-L2 read addr=0x400007f0 bm=0xff data=0x00000000000001bd hit
SITAR-L2 write addr=0x400007f0 bm=0xf0 data=0x000001bd00000000 hit
SITAR-L2 read addr=0x400007f8 bm=0xff data=0x000001bd00000000 hit
SITAR-L2 read addr=0x400007c0 bm=0xff data=0x000001bd00000000 hit
SITAR-L2 write addr=0x5051ff90 bm=0x0f data=0x00000000000001c0 hit
SITAR-L2 read addr=0x400007c8 bm=0xff data=0x00000000000001c0 hit
SITAR-L2 read addr=0x400007d0 bm=0xff data=0x00000000000001c0 hit
SITAR-L2 write addr=0x400007f8 bm=0x0f data=0x00000000000001c0 hit
SITAR-L2 read addr=0x400007d8 bm=0xff data=0x00000000000001c0 hit
SITAR-L2 read addr=0x400007c0 bm=0xff data=0x00000000000001c0 hit
SITAR-L2 read addr=0x400007e0 bm=0xff data=0x00000000000001c0 hit
SITAR-L2 read addr=0x400007c8 bm=0xff data=0x00000000000001c0 hit
SITAR-L2 read addr=0x400007e8 bm=0xff data=0x00000000000001c0 hit
SITAR-L2 read addr=0x400007d0 bm=0xff data=0x00000000000001c0 hit
SITAR-L2 read addr=0x400007f0 bm=0xff data=0x00000000000001c0 hit
SITAR-L2 read addr=0x400007d8 bm=0xff data=0x00000000000001c0 hit
SITAR-L2 read addr=0x400007f8 bm=0xff data=0x00000000000001c0 hit
SITAR-L2 read addr=0x400007e0 bm=0xff data=0x00000000000001c0 hit
SITAR-L2 write addr=0xffffef94 bm=0x0f data=0x00000000000001c1 hit
SITAR-L2 read addr=0x400007e8 bm=0xff data=0x00000000000001c1 hit
SITAR-L2 read addr=0x400007f0 bm=0xff data=0x00000000000001c1 hit
SITAR-L2 write addr=0x40000800 bm=0xf0 data=0x000001c100000000 miss
SITAR-L2 read addr=0x400007f8 bm=0xff data=0x000001c100000000 hit
SITAR-L2 read addr=0x40000800 bm=0xff data=0x000001c100000000 hit
SITAR-L2 write addr=0x5051ff90 bm=0x0f data=0x00000000000001c4 hit
SITAR-L2 read addr=0x40000808 bm=0xff data=0x00000000000001c4 hit
SITAR-L2 read addr=0x40000810 bm=0xff data=0x00000000000001c4 hit
SITAR-L2 write addr=0x40000808 bm=0x0f data=0x00000000000001c4 hit
SITAR-L2 read addr=0x40000818 bm=0xff data=0x00000000000001c4 hit
SITAR-L2 read addr=0x40000800 bm=0xff data=0x00000000000001c4 hit
SITAR-L2 read addr=0x40000820 bm=0xff data=0x00000000000001c4 hit
SITAR-L2 read addr=0x40000808 bm=0xff data=0x00000000000001c4 hit
SITAR-L2 read addr=0x40000828 bm=0xff data=0x00000000000001c4 hit
SITAR-L2 read addr=0x40000810 bm=0xff data=0x00000000000001c4 hit
SITAR-L2 read addr=0x40000830 bm=0xff data=0x00000000000001c4 hit
SITAR-L2 read addr=0x40000818 bm=0xff data=0x00000000000001c4 hit
SITAR-L2 read addr=0x40000838 bm=0xff data=0x00000000000001c4 hit
SITAR-L2 read addr=0x40000820 bm=0xff data=0x00000000000001c4 hit
SITAR-L2 write addr=0xffffef94 bm=0x0f data=0x00000000000001c5 hit
SITAR-L2 read addr=0x40000828 bm=0xff data=0x00000000000001c5 hit
SITAR-L2 read addr=0x40000830 bm=0xff data=0x00000000000001c5 hit
SITAR-L2 write addr=0x40000810 bm=0xf0 data=0x000001c500000000 hit
SITAR-L2 read addr=0x40000838 bm=0xff data=0x000001c500000000 hit
SITAR-L2 read addr=0x40000800 bm=0xff data=0x000001c500000000 hit
SITAR-L2 write addr=0x5051ff90 bm=0x0f data=0x00000000000001c8 hit
SITAR-L2 read addr=0x40000808 bm=0xff data=0x00000000000001c8 hit
SITAR-L2 read addr=0x40000810 bm=0xff data=0x00000000000001c8 hit
SITAR-L2 write addr=0x40000818 bm=0x0f data=0x00000000000001c8 hit
SITAR-L2 read addr=0x40000818 bm=0xff data=0x00000000000001c8 hit
SITAR-L2 read addr=0x40000800 bm=0xff data=0x00000000000001c8 hit
SITAR-L2 read addr=0x40000820 bm=0xff data=0x00000000000001c8 hit
SITAR-L2 read addr=0x40000808 bm=0xff data=0x00000000000001c8 hit
SITAR-L2 read addr=0x40000828 bm=0xff data=0x00000000000001c8 hit
SITAR-L2 read addr=0x40000810 bm=0xff data=0x00000000000001c8 hit
SITAR-L2 read addr=0x40000830 bm=0xff data=0x00000000000001c8 hit
SITAR-L2 read addr=0x40000818 bm=0xff data=0x00000000000001c8 hit
SITAR-L2 read addr=0x40000838 bm=0xff data=0x00000000000001c8 hit
SITAR-L2 read addr=0x40000820 bm=0xff data=0x00000000000001c8 hit
SITAR-L2 write addr=0xffffef94 bm=0x0f data=0x00000000000001c9 hit
SITAR-L2 read addr=0x40000828 bm=0xff data=0x00000000000001c9 hit
SITAR-L2 read addr=0x40000830 bm=0xff data=0x00000000000001c9 hit
SITAR-L2 write addr=0x40000820 bm=0xf0 data=0x000001c900000000 hit
SITAR-L2 read addr=0x40000838 bm=0xff data=0x000001c900000000 hit
SITAR-L2 read addr=0x40000800 bm=0xff data=0x000001c900000000 hit
SITAR-L2 write addr=0x5051ff90 bm=0x0f data=0x00000000000001cc hit
SITAR-L2 read addr=0x40000808 bm=0xff data=0x00000000000001cc hit
SITAR-L2 read addr=0x40000810 bm=0xff data=0x00000000000001cc hit
SITAR-L2 write addr=0x40000828 bm=0x0f data=0x00000000000001cc hit
SITAR-L2 read addr=0x40000818 bm=0xff data=0x00000000000001cc hit
SITAR-L2 read addr=0x40000800 bm=0xff data=0x00000000000001cc hit
SITAR-L2 read addr=0x40000820 bm=0xff data=0x00000000000001cc hit
SITAR-L2 read addr=0x40000808 bm=0xff data=0x00000000000001cc hit
SITAR-L2 read addr=0x40000828 bm=0xff data=0x00000000000001cc hit
SITAR-L2 read addr=0x40000810 bm=0xff data=0x00000000000001cc hit
SITAR-L2 read addr=0x40000830 bm=0xff data=0x00000000000001cc hit
SITAR-L2 read addr=0x40000818 bm=0xff data=0x00000000000001cc hit
SITAR-L2 read addr=0x40000838 bm=0xff data=0x00000000000001cc hit
SITAR-L2 read addr=0x40000820 bm=0xff data=0x00000000000001cc hit
SITAR-L2 write addr=0xffffef94 bm=0x0f data=0x00000000000001cd hit
SITAR-L2 read addr=0x40000828 bm=0xff data=0x00000000000001cd hit
SITAR-L2 read addr=0x40000830 bm=0xff data=0x00000000000001cd hit
SITAR-L2 write addr=0x40000830 bm=0xf0 data=0x000001cd00000000 hit
SITAR-L2 read addr=0x40000838 bm=0xff data=0x000001cd00000000 hit
SITAR-L2 read addr=0x40000800 bm=0xff data=0x000001cd00000000 hit
SITAR-L2 write addr=0x5051ff90 bm=0x0f data=0x00000000000001d0 hit
SITAR-L2 read addr=0x40000808 bm=0xff data=0x00000000000001d0 hit
SITAR-L2 read addr=0x40000810 bm=0xff data=0x00000000000001d0 hit
SITAR-L2 write addr=0x40000838 bm=0x0f data=0x00000000000001d0 hit
SITAR-L2 read addr=0x40000818 bm=0xff data=0x00000000000001d0 hit
SITAR-L2 read addr=0x40000800 bm=0xff data=0x00000000000001d0 hit
SITAR-L2 read addr=0x40000820 bm=0xff data=0x00000000000001d0 hit
SITAR-L2 read addr=0x40000808 bm=0xff data=0x00000000000001d0 hit
SITAR-L2 read addr=0x40000828 bm=0xff data=0x00000000000001d0 hit
SITAR-L2 read addr=0x40000810 bm=0xff data=0x00000000000001d0 hit
SITAR-L2 read addr=0x40000830 bm=0xff data=0x00000000000001d0 hit
SITAR-L2 read addr=0x40000818 bm=0xff data=0x00000000000001d0 hit
SITAR-L2 read addr=0x40000838 bm=0xff data=0x00000000000001d0 hit
SITAR-L2 read addr=0x40000820 bm=0xff data=0x00000000000001d0 hit
SITAR-L2 write addr=0xffffef94 bm=0x0f data=0x00000000000001d1 hit
SITAR-L2 read addr=0x40000828 bm=0xff data=0x00000000000001d1 hit
SITAR-L2 read addr=0x40000830 bm=0xff data=0x00000000000001d1 hit
SITAR-L2 write addr=0x40000840 bm=0xf0 data=0x000001d100000000 miss
SITAR-L2 read addr=0x40000838 bm=0xff data=0x000001d100000000 hit
SITAR-L2 read addr=0x40000840 bm=0xff data=0x000001d100000000 hit
SITAR-L2 write addr=0x5051ff90 bm=0x0f data=0x00000000000001d4 hit
SITAR-L2 read addr=0x40000848 bm=0xff data=0x00000000000001d4 hit
SITAR-L2 read addr=0x40000850 bm=0xff data=0x00000000000001d4 hit
SITAR-L2 write addr=0x40000848 bm=0x0f data=0x00000000000001d4 hit
SITAR-L2 read addr=0x40000858 bm=0xff data=0x00000000000001d4 hit
SITAR-L2 read addr=0x40000840 bm=0xff data=0x00000000000001d4 hit
SITAR-L2 read addr=0x40000860 bm=0xff data=0x00000000000001d4 hit
SITAR-L2 read addr=0x40000848 bm=0xff data=0x00000000000001d4 hit
SITAR-L2 read addr=0x40000868 bm=0xff data=0x00000000000001d4 hit
SITAR-L2 read addr=0x40000850 bm=0xff data=0x00000000000001d4 hit
SITAR-L2 read addr=0x40000870 bm=0xff data=0x00000000000001d4 hit
SITAR-L2 read addr=0x40000858 bm=0xff data=0x00000000000001d4 hit
SITAR-L2 read addr=0x40000878 bm=0xff data=0x00000000000001d4 hit
SITAR-L2 read addr=0x40000860 bm=0xff data=0x00000000000001d4 hit
SITAR-L2 write addr=0xffffef94 bm=0x0f data=0x00000000000001d5 hit
SITAR-L2 read addr=0x40000868 bm=0xff data=0x00000000000001d5 hit
SITAR-L2 read addr=0x40000870 bm=0xff data=0x00000000000001d5 hit
SITAR-L2 write addr=0x40000850 bm=0xf0 data=0x000001d500000000 hit
SITAR-L2 read addr=0x40000878 bm=0xff data=0x000001d500000000 hit
SITAR-L2 read addr=0x40000840 bm=0xff data=0x000001d500000000 hit
SITAR-L2 write addr=0x5051ff90 bm=0x0f data=0x00000000000001d8 hit
SITAR-L2 read addr=0x40000848 bm=0xff data=0x00000000000001d8 hit
SITAR-L2 read addr=0x40000850 bm=0xff data=0x00000000000001d8 hit
SITAR-L2 write addr=0x40000858 bm=0x0f data=0x00000000000001d8 hit
SITAR-L2 read addr=0x40000858 bm=0xff data=0x00000000000001d8 hit
SITAR-L2 read addr=0x40000840 bm=0xff data=0x00000000000001d8 hit
SITAR-L2 read addr=0x40000860 bm=0xff data=0x00000000000001d8 hit
SITAR-L2 read addr=0x40000848 bm=0xff data=0x00000000000001d8 hit
SITAR-L2 read addr=0x40000868 bm=0xff data=0x00000000000001d8 hit
SITAR-L2 read addr=0x40000850 bm=0xff data=0x00000000000001d8 hit
SITAR-L2 read addr=0x40000870 bm=0xff data=0x00000000000001d8 hit
SITAR-L2 read addr=0x40000858 bm=0xff data=0x00000000000001d8 hit
SITAR-L2 read addr=0x40000878 bm=0xff data=0x00000000000001d8 hit
SITAR-L2 read addr=0x40000860 bm=0xff data=0x00000000000001d8 hit
SITAR-L2 write addr=0xffffef94 bm=0x0f data=0x00000000000001d9 hit
SITAR-L2 read addr=0x40000868 bm=0xff data=0x00000000000001d9 hit
SITAR-L2 read addr=0x40000870 bm=0xff data=0x00000000000001d9 hit
SITAR-L2 write addr=0x40000860 bm=0xf0 data=0x000001d900000000 hit
SITAR-L2 read addr=0x40000878 bm=0xff data=0x000001d900000000 hit
SITAR-L2 read addr=0x40000840 bm=0xff data=0x000001d900000000 hit
SITAR-L2 write addr=0x5051ff90 bm=0x0f data=0x00000000000001dc hit
SITAR-L2 read addr=0x40000848 bm=0xff data=0x00000000000001dc hit
SITAR-L2 read addr=0x40000850 bm=0xff data=0x00000000000001dc hit
SITAR-L2 write addr=0x40000868 bm=0x0f data=0x00000000000001dc hit
SITAR-L2 read addr=0x40000858 bm=0xff data=0x00000000000001dc hit
SITAR-L2 read addr=0x40000840 bm=0xff data=0x00000000000001dc hit
SITAR-L2 read addr=0x40000860 bm=0xff data=0x00000000000001dc hit
SITAR-L2 read addr=0x40000848 bm=0xff data=0x00000000000001dc hit
SITAR-L2 read addr=0x40000868 bm=0xff data=0x00000000000001dc hit
SITAR-L2 read addr=0x40000850 bm=0xff data=0x00000000000001dc hit
SITAR-L2 read addr=0x40000870 bm=0xff data=0x00000000000001dc hit
SITAR-L2 read addr=0x40000858 bm=0xff data=0x00000000000001dc hit
SITAR-L2 read addr=0x40000878 bm=0xff data=0x00000000000001dc hit
SITAR-L2 read addr=0x40000860 bm=0xff data=0x00000000000001dc hit
SITAR-L2 write addr=0xffffef94 bm=0x0f data=0x00000000000001dd hit
SITAR-L2 read addr=0x40000868 bm=0xff data=0x00000000000001dd hit
SITAR-L2 read addr=0x40000870 bm=0xff data=0x00000000000001dd hit
SITAR-L2 write addr=0x40000870 bm=0xf0 data=0x000001dd00000000 hit
SITAR-L2 read addr=0x40000878 bm=0xff data=0x000001dd00000000 hit
SITAR-L2 read addr=0x40000840 bm=0xff data=0x000001dd00000000 hit
SITAR-L2 write addr=0x5051ff90 bm=0x0f data=0x00000000000001e0 hit
SITAR-L2 read addr=0x40000848 bm=0xff data=0x00000000000001e0 hit
SITAR-L2 read addr=0x40000850 bm=0xff data=0x00000000000001e0 hit
SITAR-L2 write addr=0x40000878 bm=0x0f data=0x00000000000001e0 hit
SITAR-L2 read addr=0x40000858 bm=0xff data=0x00000000000001e0 hit
SITAR-L2 read addr=0x40000840 bm=0xff data=0x00000000000001e0 hit
SITAR-L2 read addr=0x40000860 bm=0xff data=0x00000000000001e0 hit
SITAR-L2 read addr=0x40000848 bm=0xff data=0x00000000000001e0 hit
SITAR-L2 read addr=0x40000868 bm=0xff data=0x00000000000001e0 hit
SITAR-L2 read addr=0x40000850 bm=0xff data=0x00000000000001e0 hit
SITAR-L2 read addr=0x40000870 bm=0xff data=0x00000000000001e0 hit
SITAR-L2 read addr=0x40000858 bm=0xff data=0x00000000000001e0 hit
SITAR-L2 read addr=0x40000878 bm=0xff data=0x00000000000001e0 hit
SITAR-L2 read addr=0x40000860 bm=0xff data=0x00000000000001e0 hit
SITAR-L2 write addr=0xffffef94 bm=0x0f data=0x00000000000001e1 hit
SITAR-L2 read addr=0x40000868 bm=0xff data=0x00000000000001e1 hit
SITAR-L2 read addr=0x40000870 bm=0xff data=0x00000000000001e1 hit
SITAR-L2 write addr=0x40000880 bm=0xf0 data=0x000001e100000000 miss
SITAR-L2 read addr=0x40000878 bm=0xff data=0x000001e100000000 hit
SITAR-L2 read addr=0x40000880 bm=0xff data=0x000001e100000000 hit
SITAR-L2 write addr=0x5051ff90 bm=0x0f data=0x00000000000001e4 hit
SITAR-L2 read addr=0x40000888 bm=0xff data=0x00000000000001e4 hit
SITAR-L2 read addr=0x40000890 bm=0xff data=0x00000000000001e4 hit
SITAR-L2 write addr=0x40000888 bm=0x0f data=0x00000000000001e4 hit
SITAR-L2 read addr=0x40000898 bm=0xff data=0x00000000000001e4 hit
SITAR-L2 read addr=0x40000880 bm=0xff data=0x00000000000001e4 hit
SITAR-L2 read addr=0x400008a0 bm=0xff data=0x00000000000001e4 hit
SITAR-L2 read addr=0x40000888 bm=0xff data=0x00000000000001e4 hit
SITAR-L2 read addr=0x400008a8 bm=0xff data=0x00000000000001e4 hit
SITAR-L2 read addr=0x40000890 bm=0xff data=0x00000000000001e4 hit
SITAR-L2 read addr=0x400008b0 bm=0xff data=0x00000000000001e4 hit
SITAR-L2 read addr=0x40000898 bm=0xff data=0x00000000000001e4 hit
SITAR-L2 read addr=0x400008b8 bm=0xff data=0x00000000000001e4 hit
SITAR-L2 read addr=0x400008a0 bm=0xff data=0x00000000000001e4 hit
SITAR-L2 write addr=0xffffef94 bm=0x0f data=0x00000000000001e5 hit
SITAR-L2 read addr=0x400008a8 bm=0xff data=0x00000000000001e5 hit
SITAR-L2 read addr=0x400008b0 bm=0xff data=0x00000000000001e5 hit
SITAR-L2 write addr=0x40000890 bm=0xf0 data=0x000001e500000000 hit
SITAR-L2 read addr=0x400008b8 bm=0xff data=0x000001e500000000 hit
SITAR-L2 read addr=0x40000880 bm=0xff data=0x000001e500000000 hit
SITAR-L2 write addr=0x5051ff90 bm=0x0f data=0x00000000000001e8 hit
SITAR-L2 read addr=0x40000888 bm=0xff data=0x00000000000001e8 hit
SITAR-L2 read addr=0x40000890 bm=0xff data=0x00000000000001e8 hit
SITAR-L2 write addr=0x40000898 bm=0x0f data=0x00000000000001e8 hit
SITAR-L2 read addr=0x40000898 bm=0xff data=0x00000000000001e8 hit
SITAR-L2 read addr=0x40000880 bm=0xff data=0x00000000000001e8 hit
SITAR-L2 read addr=0x400008a0 bm=0xff data=0x00000000000001e8 hit
SITAR-L2 read addr=0x40000888 bm=0xff data=0x00000000000001e8 hit
SITAR-L2 read addr=0x400008a8 bm=0xff data=0x00000000000001e8 hit
SITAR-L2 read addr=0x40000890 bm=0xff data=0x00000000000001e8 hit
SITAR-L2 read addr=0x400008b0 bm=0xff data=0x00000000000001e8 hit
SITAR-L2 read addr=0x40000898 bm=0xff data=0x00000000000001e8 hit
SITAR-L2 read addr=0x400008b8 bm=0xff data=0x00000000000001e8 hit
SITAR-L2 read addr=0x400008a0 bm=0xff data=0x00000000000001e8 hit
SITAR-L2 write addr=0xffffef94 bm=0x0f data=0x00000000000001e9 hit
SITAR-L2 read addr=0x400008a8 bm=0xff data=0x00000000000001e9 hit
SITAR-L2 read addr=0x400008b0 bm=0xff data=0x00000000000001e9 hit
SITAR-L2 write addr=0x400008a0 bm=0xf0 data=0x000001e900000000 hit
SITAR-L2 read addr=0x400008b8 bm=0xff data=0x000001e900000000 hit
SITAR-L2 read addr=0x40000880 bm=0xff data=0x000001e900000000 hit
SITAR-L2 write addr=0x5051ff90 bm=0x0f data=0x00000000000001ec hit
SITAR-L2 read addr=0x40000888 bm=0xff data=0x00000000000001ec hit
SITAR-L2 read addr=0x40000890 bm=0xff data=0x00000000000001ec hit
SITAR-L2 write addr=0x400008a8 bm=0x0f data=0x00000000000001ec hit
SITAR-L2 read addr=0x40000898 bm=0xff data=0x00000000000001ec hit
SITAR-L2 read addr=0x40000880 bm=0xff data=0x00000000000001ec hit
SITAR-L2 read addr=0x400008a0 bm=0xff data=0x00000000000001ec hit
SITAR-L2 read addr=0x40000888 bm=0xff data=0x00000000000001ec hit
SITAR-L2 read addr=0x400008a8 bm=0xff data=0x00000000000001ec hit
SITAR-L2 read addr=0x40000890 bm=0xff data=0x00000000000001ec hit
SITAR-L2 read addr=0x400008b0 bm=0xff data=0x00000000000001ec hit
SITAR-L2 read addr=0x40000898 bm=0xff data=0x00000000000001ec hit
SITAR-L2 read addr=0x400008b8 bm=0xff data=0x00000000000001ec hit
SITAR-L2 read addr=0x400008a0 bm=0xff data=0x00000000000001ec hit
SITAR-L2 write addr=0xffffef94 bm=0x0f data=0x00000000000001ed hit
SITAR-L2 read addr=0x400008a8 bm=0xff data=0x00000000000001ed hit
SITAR-L2 read addr=0x400008b0 bm=0xff data=0x00000000000001ed hit
SITAR-L2 write addr=0x400008b0 bm=0xf0 data=0x000001ed00000000 hit
SITAR-L2 read addr=0x400008b8 bm=0xff data=0x000001ed00000000 hit
SITAR-L2 read addr=0x40000880 bm=0xff data=0x000001ed00000000 hit
SITAR-L2 write addr=0x5051ff90 bm=0x0f data=0x00000000000001f0 hit
SITAR-L2 read addr=0x40000888 bm=0xff data=0x00000000000001f0 hit
SITAR-L2 read addr=0x40000890 bm=0xff data=0x00000000000001f0 hit
SITAR-L2 write addr=0x400008b8 bm=0x0f data=0x00000000000001f0 hit
SITAR-L2 read addr=0x40000898 bm=0xff data=0x00000000000001f0 hit
SITAR-L2 read addr=0x40000880 bm=0xff data=0x00000000000001f0 hit
SITAR-L2 read addr=0x400008a0 bm=0xff data=0x00000000000001f0 hit
SITAR-L2 read addr=0x40000888 bm=0xff data=0x00000000000001f0 hit
SITAR-L2 read addr=0x400008a8 bm=0xff data=0x00000000000001f0 hit
SITAR-L2 read addr=0x40000890 bm=0xff data=0x00000000000001f0 hit
SITAR-L2 read addr=0x400008b0 bm=0xff data=0x00000000000001f0 hit
SITAR-L2 read addr=0x40000898 bm=0xff data=0x00000000000001f0 hit
SITAR-L2 read addr=0x400008b8 bm=0xff data=0x00000000000001f0 hit
SITAR-L2 read addr=0x400008a0 bm=0xff data=0x00000000000001f0 hit
SITAR-L2 write addr=0xffffef94 bm=0x0f data=0x00000000000001f1 hit
SITAR-L2 read addr=0x400008a8 bm=0xff data=0x00000000000001f1 hit
SITAR-L2 read addr=0x400008b0 bm=0xff data=0x00000000000001f1 hit
SITAR-L2 write addr=0x400008c0 bm=0xf0 data=0x000001f100000000 miss
SITAR-L2 read addr=0x400008b8 bm=0xff data=0x000001f100000000 hit
SITAR-L2 read addr=0x400008c0 bm=0xff data=0x000001f100000000 hit
SITAR-L2 write addr=0x5051ff90 bm=0x0f data=0x00000000000001f4 hit
SITAR-L2 read addr=0x400008c8 bm=0xff data=0x00000000000001f4 hit
SITAR-L2 read addr=0x400008d0 bm=0xff data=0x00000000000001f4 hit
SITAR-L2 write addr=0x400008c8 bm=0x0f data=0x00000000000001f4 hit
SITAR-L2 read addr=0x400008d8 bm=0xff data=0x00000000000001f4 hit
SITAR-L2 read addr=0x400008c0 bm=0xff data=0x00000000000001f4 hit
SITAR-L2 read addr=0x400008e0 bm=0xff data=0x00000000000001f4 hit
SITAR-L2 read addr=0x400008c8 bm=0xff data=0x00000000000001f4 hit
SITAR-L2 read addr=0x400008e8 bm=0xff data=0x00000000000001f4 hit
SITAR-L2 read addr=0x400008d0 bm=0xff data=0x00000000000001f4 hit
SITAR-L2 read addr=0x400008f0 bm=0xff data=0x00000000000001f4 hit
SITAR-L2 read addr=0x400008d8 bm=0xff data=0x00000000000001f4 hit
SITAR-L2 read addr=0x400008f8 bm=0xff data=0x00000000000001f4 hit
SITAR-L2 read addr=0x400008e0 bm=0xff data=0x00000000000001f4 hit
SITAR-L2 write addr=0xffffef94 bm=0x0f data=0x00000000000001f5 hit
SITAR-L2 read addr=0x400008e8 bm=0xff data=0x00000000000001f5 hit
SITAR-L2 read addr=0x400008f0 bm=0xff data=0x00000000000001f5 hit
SITAR-L2 write addr=0x400008d0 bm=0xf0 data=0x000001f500000000 hit
SITAR-L2 read addr=0x400008f8 bm=0xff data=0x000001f500000000 hit
SITAR-L2 read addr=0x400008c0 bm=0xff data=0x000001f500000000 hit
SITAR-L2 write addr=0x5051ff90 bm=0x0f data=0x00000000000001f8 hit
SITAR-L2 read addr=0x400008c8 bm=0xff data=0x00000000000001f8 hit
SITAR-L2 read addr=0x400008d0 bm=0xff data=0x00000000000001f8 hit
SITAR-L2 write addr=0x400008d8 bm=0x0f data=0x00000000000001f8 hit
SITAR-L2 read addr=0x400008d8 bm=0xff data=0x00000000000001f8 hit
SITAR-L2 read addr=0x400008c0 bm=0xff data=0x00000000000001f8 hit
SITAR-L2 read addr=0x400008e0 bm=0xff data=0x00000000000001f8 hit
SITAR-L2 read addr=0x400008c8 bm=0xff data=0x00000000000001f8 hit
SITAR-L2 read addr=0x400008e8 bm=0xff data=0x00000000000001f8 hit
SITAR-L2 read addr=0x400008d0 bm=0xff data=0x00000000000001f8 hit
SITAR-L2 read addr=0x400008f0 bm=0xff data=0x00000000000001f8 hit
SITAR-L2 read addr=0x400008d8 bm=0xff data=0x00000000000001f8 hit
SITAR-L2 read addr=0x400008f8 bm=0xff data=0x00000000000001f8 hit
SITAR-L2 read addr=0x400008e0 bm=0xff data=0x00000000000001f8 hit
SITAR-L2 write addr=0xffffef94 bm=0x0f data=0x00000000000001f9 hit
SITAR-L2 read addr=0x400008e8 bm=0xff data=0x00000000000001f9 hit
SITAR-L2 read addr=0x400008f0 bm=0xff data=0x00000000000001f9 hit
SITAR-L2 write addr=0x400008e0 bm=0xf0 data=0x000001f900000000 hit
SITAR-L2 read addr=0x400008f8 bm=0xff data=0x000001f900000000 hit
SITAR-L2 read addr=0x400008c0 bm=0xff data=0x000001f900000000 hit
SITAR-L2 write addr=0x5051ff90 bm=0x0f data=0x00000000000001fc hit
SITAR-L2 read addr=0x400008c8 bm=0xff data=0x00000000000001fc hit
SITAR-L2 read addr=0x400008d0 bm=0xff data=0x00000000000001fc hit
SITAR-L2 write addr=0x400008e8 bm=0x0f data=0x00000000000001fc hit
SITAR-L2 read addr=0x400008d8 bm=0xff data=0x00000000000001fc hit
SITAR-L2 read addr=0x400008c0 bm=0xff data=0x00000000000001fc hit
SITAR-L2 read addr=0x400008e0 bm=0xff data=0x00000000000001fc hit
SITAR-L2 read addr=0x400008c8 bm=0xff data=0x00000000000001fc hit
SITAR-L2 read addr=0x400008e8 bm=0xff data=0x00000000000001fc hit
SITAR-L2 read addr=0x400008d0 bm=0xff data=0x00000000000001fc hit
SITAR-L2 read addr=0x400008f0 bm=0xff data=0x00000000000001fc hit
SITAR-L2 read addr=0x400008d8 bm=0xff data=0x00000000000001fc hit
SITAR-L2 read addr=0x400008f8 bm=0xff data=0x00000000000001fc hit
SITAR-L2 read addr=0x400008e0 bm=0xff data=0x00000000000001fc hit
SITAR-L2 write addr=0xffffef94 bm=0x0f data=0x00000000000001fd hit
SITAR-L2 read addr=0x400008e8 bm=0xff data=0x00000000000001fd hit
SITAR-L2 read addr=0x400008f0 bm=0xff data=0x00000000000001fd hit
SITAR-L2 write addr=0x400008f0 bm=0xf0 data=0x000001fd00000000 hit
SITAR-L2 read addr=0x400008f8 bm=0xff data=0x000001fd00000000 hit
SITAR-L2 read addr=0x400008c0 bm=0xff data=0x000001fd00000000 hit
SITAR-L2 write addr=0x5051ff90 bm=0x0f data=0x0000000000000200 hit
SITAR-L2 read addr=0x400008c8 bm=0xff data=0x0000000000000200 hit
SITAR-L2 read addr=0x400008d0 bm=0xff data=0x0000000000000200 hit
SITAR-L2 write addr=0x400008f8 bm=0x0f data=0x0000000000000200 hit
SITAR-L2 read addr=0x400008d8 bm=0xff data=0x0000000000000200 hit
SITAR-L2 read addr=0x400008c0 bm=0xff data=0x0000000000000200 hit
SITAR-L2 read addr=0x400008e0 bm=0xff data=0x0000000000000200 hit
SITAR-L2 read addr=0x400008c8 bm=0xff data=0x0000000000000200 hit
SITAR-L2 read addr=0x400008e8 bm=0xff data=0x0000000000000200 hit
SITAR-L2 read addr=0x400008d0 bm=0xff data=0x0000000000000200 hit
SITAR-L2 read addr=0x400008f0 bm=0xff data=0x0000000000000200 hit
SITAR-L2 read addr=0x400008d8 bm=0xff data=0x0000000000000200 hit
SITAR-L2 read addr=0x400008f8 bm=0xff data=0x0000000000000200 hit
SITAR-L2 read addr=0x400008e0 bm=0xff data=0x0000000000000200 hit
SITAR-L2 write addr=0xffffef94 bm=0x0f data=0x0000000000000201 hit
SITAR-L2 read addr=0x400008e8 bm=0xff data=0x0000000000000201 hit
SITAR-L2 read addr=0x400008f0 bm=0xff data=0x0000000000000201 hit
SITAR-L2 write addr=0x40000900 bm=0xf0 data=0x0000020100000000 miss
SITAR-L2 read addr=0x400008f8 bm=0xff data=0x0000020100000000 hit
SITAR-L2 read addr=0x40000900 bm=0xff data=0x0000020100000000 hit
SITAR-L2 write addr=0x5051ff90 bm=0x0f data=0x0000000000000204 hit
SITAR-L2 read addr=0x40000908 bm=0xff data=0x0000000000000204 hit
SITAR-L2 read addr=0x40000910 bm=0xff data=0x0000000000000204 hit
SITAR-L2 write addr=0x40000908 bm=0x0f data=0x0000000000000204 hit
SITAR-L2 read addr=0x40000918 bm=0xff data=0x0000000000000204 hit
SITAR-L2 read addr=0x40000900 bm=0xff data=0x0000000000000204 hit
SITAR-L2 read addr=0x40000920 bm=0xff data=0x0000000000000204 hit
SITAR-L2 read addr=0x40000908 bm=0xff data=0x0000000000000204 hit
SITAR-L2 read addr=0x40000928 bm=0xff data=0x0000000000000204 hit
SITAR-L2 read addr=0x40000910 bm=0xff data=0x0000000000000204 hit
SITAR-L2 read addr=0x40000930 bm=0xff data=0x0000000000000204 hit
SITAR-L2 read addr=0x40000918 bm=0xff data=0x0000000000000204 hit
SITAR-L2 read addr=0x40000938 bm=0xff data=0x0000000000000204 hit
SITAR-L2 read addr=0x40000920 bm=0xff data=0x0000000000000204 hit
SITAR-L2 write addr=0xffffef94 bm=0x0f data=0x0000000000000205 hit
SITAR-L2 read addr=0x40000928 bm=0xff data=0x0000000000000205 hit
SITAR-L2 read addr=0x40000930 bm=0xff data=0x0000000000000205 hit
SITAR-L2 write addr=0x40000910 bm=0xf0 data=0x0000020500000000 hit
SITAR-L2 read addr=0x40000938 bm=0xff data=0x0000020500000000 hit
SITAR-L2 read addr=0x40000900 bm=0xff data=0x0000020500000000 hit
SITAR-L2 write addr=0x5051ff90 bm=0x0f data=0x0000000000000208 hit
SITAR-L2 read addr=0x40000908 bm=0xff data=0x0000000000000208 hit
SITAR-L2 read addr=0x40000910 bm=0xff data=0x0000000000000208 hit
SITAR-L2 write addr=0x40000918 bm=0x0f data=0x0000000000000208 hit
SITAR-L2 read addr=0x40000918 bm=0xff data=0x0000000000000208 hit
SITAR-L2 read addr=0x40000900 bm=0xff data=0x0000000000000208 hit
SITAR-L2 read addr=0x40000920 bm=0xff data=0x0000000000000208 hit
SITAR-L2 read addr=0x40000908 bm=0xff data=0x0000000000000208 hit
SITAR-L2 read addr=0x40000928 bm=0xff data=0x0000000000000208 hit
SITAR-L2 read addr=0x40000910 bm=0xff data=0x0000000000000208 hit
SITAR-L2 read addr=0x40000930 bm=0xff data=0x0000000000000208 hit
SITAR-L2 read addr=0x40000918 bm=0xff data=0x0000000000000208 hit
SITAR-L2 read addr=0x40000938 bm=0xff data=0x0000000000000208 hit
SITAR-L2 read addr=0x40000920 bm=0xff data=0x0000000000000208 hit
SITAR-L2 write addr=0xffffef94 bm=0x0f data=0x0000000000000209 hit
SITAR-L2 read addr=0x40000928 bm=0xff data=0x0000000000000209 hit
SITAR-L2 read addr=0x40000930 bm=0xff data=0x0000000000000209 hit
SITAR-L2 write addr=0x40000920 bm=0xf0 data=0x0000020900000000 hit
SITAR-L2 read addr=0x40000938 bm=0xff data=0x0000020900000000 hit
SITAR-L2 read addr=0x40000900 bm=0xff data=0x0000020900000000 hit
SITAR-L2 write addr=0x5051ff90 bm=0x0f data=0x000000000000020c hit
SITAR-L2 read addr=0x40000908 bm=0xff data=0x000000000000020c hit
SITAR-L2 read addr=0x40000910 bm=0xff data=0x000000000000020c hit
SITAR-L2 write addr=0x40000928 bm=0x0f data=0x000000000000020c hit
SITAR-L2 read addr=0x40000918 bm=0xff data=0x000000000000020c hit
SITAR-L2 read addr=0x40000900 bm=0xff data=0x000000000000020c hit
SITAR-L2 read addr=0x40000920 bm=0xff data=0x000000000000020c hit
SITAR-L2 read addr=0x40000908 bm=0xff data=0x000000000000020c hit
SITAR-L2 read addr=0x40000928 bm=0xff data=0x000000000000020c hit
SITAR-L2 read addr=0x40000910 bm=0xff data=0x000000000000020c hit
SITAR-L2 read addr=0x40000930 bm=0xff data=0x000000000000020c hit
SITAR-L2 read addr=0x40000918 bm=0xff data=0x000000000000020c hit
SITAR-L2 read addr=0x40000938 bm=0xff data=0x000000000000020c hit
SITAR-L2 read addr=0x40000920 bm=0xff data=0x000000000000020c hit
SITAR-L2 write addr=0xffffef94 bm=0x0f data=0x000000000000020d hit
SITAR-L2 read addr=0x40000928 bm=0xff data=0x000000000000020d hit
SITAR-L2 read addr=0x40000930 bm=0xff data=0x000000000000020d hit
SITAR-L2 write addr=0x40000930 bm=0xf0 data=0x0000020d00000000 hit
SITAR-L2 read addr=0x40000938 bm=0xff data=0x0000020d00000000 hit
SITAR-L2 read addr=0x40000900 bm=0xff data=0x0000020d00000000 hit
SITAR-L2 write addr=0x5051ff90 bm=0x0f data=0x0000000000000210 hit
SITAR-L2 read addr=0x40000908 bm=0xff data=0x0000000000000210 hit
SITAR-L2 read addr=0x40000910 bm=0xff data=0x0000000000000210 hit
SITAR-L2 write addr=0x40000938 bm=0x0f data=0x0000000000000210 hit
SITAR-L2 read addr=0x40000918 bm=0xff data=0x0000000000000210 hit
SITAR-L2 read addr=0x40000900 bm=0xff data=0x0000000000000210 hit
SITAR-L2 read addr=0x40000920 bm=0xff data=0x0000000000000210 hit
SITAR-L2 read addr=0x40000908 bm=0xff data=0x0000000000000210 hit
SITAR-L2 read addr=0x40000928 bm=0xff data=0x0000000000000210 hit
SITAR-L2 read addr=0x40000910 bm=0xff data=0x0000000000000210 hit
SITAR-L2 read addr=0x40000930 bm=0xff data=0x0000000000000210 hit
SITAR-L2 read addr=0x40000918 bm=0xff data=0x0000000000000210 hit
SITAR-L2 read addr=0x40000938 bm=0xff data=0x0000000000000210 hit
SITAR-L2 read addr=0x40000920 bm=0xff data=0x0000000000000210 hit
SITAR-L2 write addr=0xffffef94 bm=0x0f data=0x0000000000000211 hit
SITAR-L2 read addr=0x40000928 bm=0xff data=0x0000000000000211 hit
SITAR-L2 read addr=0x40000930 bm=0xff data=0x0000000000000211 hit
SITAR-L2 write addr=0x40000940 bm=0xf0 data=0x0000021100000000 miss
SITAR-L2 read addr=0x40000938 bm=0xff data=0x0000021100000000 hit
SITAR-L2 read addr=0x40000940 bm=0xff data=0x0000021100000000 hit
SITAR-L2 write addr=0x5051ff90 bm=0x0f data=0x0000000000000214 hit
SITAR-L2 read addr=0x40000948 bm=0xff data=0x0000000000000214 hit
SITAR-L2 read addr=0x40000950 bm=0xff data=0x0000000000000214 hit
SITAR-L2 write addr=0x40000948 bm=0x0f data=0x0000000000000214 hit
SITAR-L2 read addr=0x40000958 bm=0xff data=0x0000000000000214 hit
SITAR-L2 read addr=0x40000940 bm=0xff data=0x0000000000000214 hit
SITAR-L2 read addr=0x40000960 bm=0xff data=0x0000000000000214 hit
SITAR-L2 read addr=0x40000948 bm=0xff data=0x0000000000000214 hit
SITAR-L2 read addr=0x40000968 bm=0xff data=0x0000000000000214 hit
SITAR-L2 read addr=0x40000950 bm=0xff data=0x0000000000000214 hit
SITAR-L2 read addr=0x40000970 bm=0xff data=0x0000000000000214 hit
SITAR-L2 read addr=0x40000958 bm=0xff data=0x0000000000000214 hit
SITAR-L2 read addr=0x40000978 bm=0xff data=0x0000000000000214 hit
SITAR-L2 read addr=0x40000960 bm=0xff data=0x0000000000000214 hit
SITAR-L2 write addr=0xffffef94 bm=0x0f data=0x0000000000000215 hit
SITAR-L2 read addr=0x40000968 bm=0xff data=0x0000000000000215 hit
SITAR-L2 read addr=0x40000970 bm=0xff data=0x0000000000000215 hit
SITAR-L2 write addr=0x40000950 bm=0xf0 data=0x0000021500000000 hit
SITAR-L2 read addr=0x40000978 bm=0xff data=0x0000021500000000 hit
SITAR-L2 read addr=0x40000940 bm=0xff data=0x0000021500000000 hit
SITAR-L2 write addr=0x5051ff90 bm=0x0f data=0x0000000000000218 hit
SITAR-L2 read addr=0x40000948 bm=0xff data=0x0000000000000218 hit
SITAR-L2 read addr=0x40000950 bm=0xff data=0x0000000000000218 hit
SITAR-L2 write addr=0x40000958 bm=0x0f data=0x0000000000000218 hit
SITAR-L2 read addr=0x40000958 bm=0xff data=0x0000000000000218 hit
SITAR-L2 read addr=0x40000940 bm=0xff data=0x0000000000000218 hit
SITAR-L2 read addr=0x40000960 bm=0xff data=0x0000000000000218 hit
SITAR-L2 read addr=0x40000948 bm=0xff data=0x0000000000000218 hit
SITAR-L2 read addr=0x40000968 bm=0xff data=0x0000000000000218 hit
SITAR-L2 read addr=0x40000950 bm=0xff data=0x0000000000000218 hit
SITAR-L2 read addr=0x40000970 bm=0xff data=0x0000000000000218 hit
SITAR-L2 read addr=0x40000958 bm=0xff data=0x0000000000000218 hit
SITAR-L2 read addr=0x40000978 bm=0xff data=0x0000000000000218 hit
SITAR-L2 read addr=0x40000960 bm=0xff data=0x0000000000000218 hit
SITAR-L2 write addr=0xffffef94 bm=0x0f data=0x0000000000000219 hit
SITAR-L2 read addr=0x40000968 bm=0xff data=0x0000000000000219 hit
SITAR-L2 read addr=0x40000970 bm=0xff data=0x0000000000000219 hit
SITAR-L2 write addr=0x40000960 bm=0xf0 data=0x0000021900000000 hit
SITAR-L2 read addr=0x40000978 bm=0xff data=0x0000021900000000 hit
SITAR-L2 read addr=0x40000940 bm=0xff data=0x0000021900000000 hit
SITAR-L2 write addr=0x5051ff90 bm=0x0f data=0x000000000000021c hit
SITAR-L2 read addr=0x40000948 bm=0xff data=0x000000000000021c hit
SITAR-L2 read addr=0x40000950 bm=0xff data=0x000000000000021c hit
SITAR-L2 write addr=0x40000968 bm=0x0f data=0x000000000000021c hit
SITAR-L2 read addr=0x40000958 bm=0xff data=0x000000000000021c hit
SITAR-L2 read addr=0x40000940 bm=0xff data=0x000000000000021c hit
SITAR-L2 read addr=0x40000960 bm=0xff data=0x000000000000021c hit
SITAR-L2 read addr=0x40000948 bm=0xff data=0x000000000000021c hit
SITAR-L2 read addr=0x40000968 bm=0xff data=0x000000000000021c hit
SITAR-L2 read addr=0x40000950 bm=0xff data=0x000000000000021c hit
SITAR-L2 read addr=0x40000970 bm=0xff data=0x000000000000021c hit
SITAR-L2 read addr=0x40000958 bm=0xff data=0x000000000000021c hit
SITAR-L2 read addr=0x40000978 bm=0xff data=0x000000000000021c hit
SITAR-L2 read addr=0x40000960 bm=0xff data=0x000000000000021c hit
SITAR-L2 write addr=0xffffef94 bm=0x0f data=0x000000000000021d hit
SITAR-L2 read addr=0x40000968 bm=0xff data=0x000000000000021d hit
SITAR-L2 read addr=0x40000970 bm=0xff data=0x000000000000021d hit
SITAR-L2 write addr=0x40000970 bm=0xf0 data=0x0000021d00000000 hit
SITAR-L2 read addr=0x40000978 bm=0xff data=0x0000021d00000000 hit
SITAR-L2 read addr=0x40000940 bm=0xff data=0x0000021d00000000 hit
SITAR-L2 write addr=0x5051ff90 bm=0x0f data=0x0000000000000220 hit
SITAR-L2 read addr=0x40000948 bm=0xff data=0x0000000000000220 hit
SITAR-L2 read addr=0x40000950 bm=0xff data=0x0000000000000220 hit
SITAR-L2 write addr=0x40000978 bm=0x0f data=0x0000000000000220 hit
SITAR-L2 read addr=0x40000958 bm=0xff data=0x0000000000000220 hit
SITAR-L2 read addr=0x40000940 bm=0xff data=0x0000000000000220 hit
SITAR-L2 read addr=0x40000960 bm=0xff data=0x0000000000000220 hit
SITAR-L2 read addr=0x40000948 bm=0xff data=0x0000000000000220 hit
SITAR-L2 read addr=0x40000968 bm=0xff data=0x0000000000000220 hit
SITAR-L2 read addr=0x40000950 bm=0xff data=0x0000000000000220 hit
SITAR-L2 read addr=0x40000970 bm=0xff data=0x0000000000000220 hit
SITAR-L2 read addr=0x40000958 bm=0xff data=0x0000000000000220 hit
SITAR-L2 read addr=0x40000978 bm=0xff data=0x0000000000000220 hit
SITAR-L2 read addr=0x40000960 bm=0xff data=0x0000000000000220 hit
SITAR-L2 write addr=0xffffef94 bm=0x0f data=0x0000000000000221 hit
SITAR-L2 read addr=0x40000968 bm=0xff data=0x0000000000000221 hit
SITAR-L2 read addr=0x40000970 bm=0xff data=0x0000000000000221 hit
SITAR-L2 write addr=0x40000980 bm=0xf0 data=0x0000022100000000 miss
SITAR-L2 read addr=0x40000978 bm=0xff data=0x0000022100000000 hit
SITAR-L2 read addr=0x40000980 bm=0xff data=0x0000022100000000 hit
SITAR-L2 write addr=0x5051ff90 bm=0x0f data=0x0000000000000224 hit
SITAR-L2 read addr=0x40000988 bm=0xff data=0x0000000000000224 hit
SITAR-L2 read addr=0x40000990 bm=0xff data=0x0000000000000224 hit
SITAR-L2 write addr=0x40000988 bm=0x0f data=0x0000000000000224 hit
SITAR-L2 read addr=0x40000998 bm=0xff data=0x0000000000000224 hit
SITAR-L2 read addr=0x40000980 bm=0xff data=0x0000000000000224 hit
SITAR-L2 read addr=0x400009a0 bm=0xff data=0x0000000000000224 hit
SITAR-L2 read addr=0x40000988 bm=0xff data=0x0000000000000224 hit
SITAR-L2 read addr=0x400009a8 bm=0xff data=0x0000000000000224 hit
SITAR-L2 read addr=0x40000990 bm=0xff data=0x0000000000000224 hit
SITAR-L2 read addr=0x400009b0 bm=0xff data=0x0000000000000224 hit
SITAR-L2 read addr=0x40000998 bm=0xff data=0x0000000000000224 hit
SITAR-L2 read addr=0x400009b8 bm=0xff data=0x0000000000000224 hit
SITAR-L2 read addr=0x400009a0 bm=0xff data=0x0000000000000224 hit
SITAR-L2 write addr=0xffffef94 bm=0x0f data=0x0000000000000225 hit
SITAR-L2 read addr=0x400009a8 bm=0xff data=0x0000000000000225 hit
SITAR-L2 read addr=0x400009b0 bm=0xff data=0x0000000000000225 hit
SITAR-L2 write addr=0x40000990 bm=0xf0 data=0x0000022500000000 hit
SITAR-L2 read addr=0x400009b8 bm=0xff data=0x0000022500000000 hit
SITAR-L2 read addr=0x40000980 bm=0xff data=0x0000022500000000 hit
SITAR-L2 write addr=0x5051ff90 bm=0x0f data=0x0000000000000228 hit
SITAR-L2 read addr=0x40000988 bm=0xff data=0x0000000000000228 hit
SITAR-L2 read addr=0x40000990 bm=0xff data=0x0000000000000228 hit
SITAR-L2 write addr=0x40000998 bm=0x0f data=0x0000000000000228 hit
SITAR-L2 read addr=0x40000998 bm=0xff data=0x0000000000000228 hit
SITAR-L2 read addr=0x40000980 bm=0xff data=0x0000000000000228 hit
SITAR-L2 read addr=0x400009a0 bm=0xff data=0x0000000000000228 hit
SITAR-L2 read addr=0x40000988 bm=0xff data=0x0000000000000228 hit
SITAR-L2 read addr=0x400009a8 bm=0xff data=0x0000000000000228 hit
SITAR-L2 read addr=0x40000990 bm=0xff data=0x0000000000000228 hit
SITAR-L2 read addr=0x400009b0 bm=0xff data=0x0000000000000228 hit
SITAR-L2 read addr=0x40000998 bm=0xff data=0x0000000000000228 hit
SITAR-L2 read addr=0x400009b8 bm=0xff data=0x0000000000000228 hit
SITAR-L2 read addr=0x400009a0 bm=0xff data=0x0000000000000228 hit
SITAR-L2 write addr=0xffffef94 bm=0x0f data=0x0000000000000229 hit
SITAR-L2 read addr=0x400009a8 bm=0xff data=0x0000000000000229 hit
SITAR-L2 read addr=0x400009b0 bm=0xff data=0x0000000000000229 hit
SITAR-L2 write addr=0x400009a0 bm=0xf0 data=0x0000022900000000 hit
SITAR-L2 read addr=0x400009b8 bm=0xff data=0x0000022900000000 hit
SITAR-L2 read addr=0x40000980 bm=0xff data=0x0000022900000000 hit
SITAR-L2 write addr=0x5051ff90 bm=0x0f data=0x000000000000022c hit
SITAR-L2 read addr=0x40000988 bm=0xff data=0x000000000000022c hit
SITAR-L2 read addr=0x40000990 bm=0xff data=0x000000000000022c hit
SITAR-L2 write addr=0x400009a8 bm=0x0f data=0x000000000000022c hit
SITAR-L2 read addr=0x40000998 bm=0xff data=0x000000000000022c hit
SITAR-L2 read addr=0x40000980 bm=0xff data=0x000000000000022c hit
SITAR-L2 read addr=0x400009a0 bm=0xff data=0x000000000000022c hit
SITAR-L2 read addr=0x40000988 bm=0xff data=0x000000000000022c hit
SITAR-L2 read addr=0x400009a8 bm=0xff data=0x000000000000022c hit
SITAR-L2 read addr=0x40000990 bm=0xff data=0x000000000000022c hit
SITAR-L2 read addr=0x400009b0 bm=0xff data=0x000000000000022c hit
SITAR-L2 read addr=0x40000998 bm=0xff data=0x000000000000022c hit
SITAR-L2 read addr=0x400009b8 bm=0xff data=0x000000000000022c hit
SITAR-L2 read addr=0x400009a0 bm=0xff data=0x000000000000022c hit
SITAR-L2 write addr=0xffffef94 bm=0x0f data=0x000000000000022d hit
SITAR-L2 read addr=0x400009a8 bm=0xff data=0x000000000000022d hit
SITAR-L2 read addr=0x400009b0 bm=0xff data=0x000000000000022d hit
SITAR-L2 write addr=0x400009b0 bm=0xf0 data=0x0000022d00000000 hit
SITAR-L2 read addr=0x400009b8 bm=0xff data=0x0000022d00000000 hit
SITAR-L2 read addr=0x40000980 bm=0xff data=0x0000022d00000000 hit
SITAR-L2 write addr=0x5051ff90 bm=0x0f data=0x0000000000000230 hit
SITAR-L2 read addr=0x40000988 bm=0xff data=0x0000000000000230 hit
SITAR-L2 read addr=0x40000990 bm=0xff data=0x0000000000000230 hit
SITAR-L2 write addr=0x400009b8 bm=0x0f data=0x0000000000000230 hit
SITAR-L2 read addr=0x40000998 bm=0xff data=0x0000000000000230 hit
SITAR-L2 read addr=0x40000980 bm=0xff data=0x0000000000000230 hit
SITAR-L2 read addr=0x400009a0 bm=0xff data=0x0000000000000230 hit
SITAR-L2 read addr=0x40000988 bm=0xff data=0x0000000000000230 hit
SITAR-L2 read addr=0x400009a8 bm=0xff data=0x0000000000000230 hit
SITAR-L2 read addr=0x40000990 bm=0xff data=0x0000000000000230 hit
SITAR-L2 read addr=0x400009b0 bm=0xff data=0x0000000000000230 hit
SITAR-L2 read addr=0x40000998 bm=0xff data=0x0000000000000230 hit
SITAR-L2 read addr=0x400009b8 bm=0xff data=0x0000000000000230 hit
SITAR-L2 read addr=0x400009a0 bm=0xff data=0x0000000000000230 hit
SITAR-L2 write addr=0xffffef94 bm=0x0f data=0x0000000000000231 hit
SITAR-L2 read addr=0x400009a8 bm=0xff data=0x0000000000000231 hit
SITAR-L2 read addr=0x400009b0 bm=0xff data=0x0000000000000231 hit
SITAR-L2 write addr=0x400009c0 bm=0xf0 data=0x0000023100000000 miss
SITAR-L2 read addr=0x400009b8 bm=0xff data=0x0000023100000000 hit
SITAR-L2 read addr=0x400009c0 bm=0xff data=0x0000023100000000 hit
SITAR-L2 write addr=0x5051ff90 bm=0x0f data=0x0000000000000234 hit
SITAR-L2 read addr=0x400009c8 bm=0xff data=0x0000000000000234 hit
SITAR-L2 read addr=0x400009d0 bm=0xff data=0x0000000000000234 hit
SITAR-L2 write addr=0x400009c8 bm=0x0f data=0x0000000000000234 hit
SITAR-L2 read addr=0x400009d8 bm=0xff data=0x0000000000000234 hit
SITAR-L2 read addr=0x400009c0 bm=0xff data=0x0000000000000234 hit
SITAR-L2 read addr=0x400009e0 bm=0xff data=0x0000000000000234 hit
SITAR-L2 read addr=0x400009c8 bm=0xff data=0x0000000000000234 hit
SITAR-L2 read addr=0x400009e8 bm=0xff data=0x0000000000000234 hit
SITAR-L2 read addr=0x400009d0 bm=0xff data=0x0000000000000234 hit
SITAR-L2 read addr=0x400009f0 bm=0xff data=0x0000000000000234 hit
SITAR-L2 read addr=0x400009d8 bm=0xff data=0x0000000000000234 hit
SITAR-L2 read addr=0x400009f8 bm=0xff data=0x0000000000000234 hit
SITAR-L2 read addr=0x400009e0 bm=0xff data=0x0000000000000234 hit
SITAR-L2 write addr=0xffffef94 bm=0x0f data=0x0000000000000235 hit
SITAR-L2 read addr=0x400009e8 bm=0xff data=0x0000000000000235 hit
SITAR-L2 read addr=0x400009f0 bm=0xff data=0x0000000000000235 hit
SITAR-L2 write addr=0x400009d0 bm=0xf0 data=0x0000023500000000 hit
SITAR-L2 read addr=0x400009f8 bm=0xff data=0x0000023500000000 hit
SITAR-L2 read addr=0x400009c0 bm=0xff data=0x0000023500000000 hit
SITAR-L2 write addr=0x5051ff90 bm=0x0f data=0x0000000000000238 hit
SITAR-L2 read addr=0x400009c8 bm=0xff data=0x0000000000000238 hit
SITAR-L2 read addr=0x400009d0 bm=0xff data=0x0000000000000238 hit
SITAR-L2 write addr=0x400009d8 bm=0x0f data=0x0000000000000238 hit
SITAR-L2 read addr=0x400009d8 bm=0xff data=0x0000000000000238 hit
SITAR-L2 read addr=0x400009c0 bm=0xff data=0x0000000000000238 hit
SITAR-L2 read addr=0x400009e0 bm=0xff data=0x0000000000000238 hit
SITAR-L2 read addr=0x400009c8 bm=0xff data=0x0000000000000238 hit
SITAR-L2 read addr=0x400009e8 bm=0xff data=0x0000000000000238 hit
SITAR-L2 read addr=0x400009d0 bm=0xff data=0x0000000000000238 hit
SITAR-L2 read addr=0x400009f0 bm=0xff data=0x0000000000000238 hit
SITAR-L2 read addr=0x400009d8 bm=0xff data=0x0000000000000238 hit
SITAR-L2 read addr=0x400009f8 bm=0xff data=0x0000000000000238 hit
SITAR-L2 read addr=0x400009e0 bm=0xff data=0x0000000000000238 hit
SITAR-L2 write addr=0xffffef94 bm=0x0f data=0x0000000000000239 hit
SITAR-L2 read addr=0x400009e8 bm=0xff data=0x0000000000000239 hit
SITAR-L2 read addr=0x400009f0 bm=0xff data=0x0000000000000239 hit
SITAR-L2 write addr=0x400009e0 bm=0xf0 data=0x0000023900000000 hit
SITAR-L2 read addr=0x400009f8 bm=0xff data=0x0000023900000000 hit
SITAR-L2 read addr=0x400009c0 bm=0xff data=0x0000023900000000 hit
SITAR-L2 write addr=0x5051ff90 bm=0x0f data=0x000000000000023c hit
SITAR-L2 read addr=0x400009c8 bm=0xff data=0x000000000000023c hit
SITAR-L2 read addr=0x400009d0 bm=0xff data=0x000000000000023c hit
SITAR-L2 write addr=0x400009e8 bm=0x0f data=0x000000000000023c hit
SITAR-L2 read addr=0x400009d8 bm=0xff data=0x000000000000023c hit
SITAR-L2 read addr=0x400009c0 bm=0xff data=0x000000000000023c hit
SITAR-L2 read addr=0x400009e0 bm=0xff data=0x000000000000023c hit
SITAR-L2 read addr=0x400009c8 bm=0xff data=0x000000000000023c hit
SITAR-L2 read addr=0x400009e8 bm=0xff data=0x000000000000023c hit
SITAR-L2 read addr=0x400009d0 bm=0xff data=0x000000000000023c hit
SITAR-L2 read addr=0x400009f0 bm=0xff data=0x000000000000023c hit
SITAR-L2 read addr=0x400009d8 bm=0xff data=0x000000000000023c hit
SITAR-L2 read addr=0x400009f8 bm=0xff data=0x000000000000023c hit
SITAR-L2 read addr=0x400009e0 bm=0xff data=0x000000000000023c hit
SITAR-L2 write addr=0xffffef94 bm=0x0f data=0x000000000000023d hit
SITAR-L2 read addr=0x400009e8 bm=0xff data=0x000000000000023d hit
SITAR-L2 read addr=0x400009f0 bm=0xff data=0x000000000000023d hit
SITAR-L2 write addr=0x400009f0 bm=0xf0 data=0x0000023d00000000 hit
SITAR-L2 read addr=0x400009f8 bm=0xff data=0x0000023d00000000 hit
SITAR-L2 read addr=0x400009c0 bm=0xff data=0x0000023d00000000 hit
SITAR-L2 write addr=0x5051ff90 bm=0x0f data=0x0000000000000240 hit
SITAR-L2 read addr=0x400009c8 bm=0xff data=0x0000000000000240 hit
SITAR-L2 read addr=0x400009d0 bm=0xff data=0x0000000000000240 hit
SITAR-L2 write addr=0x400009f8 bm=0x0f data=0x0000000000000240 hit
SITAR-L2 read addr=0x400009d8 bm=0xff data=0x0000000000000240 hit
SITAR-L2 read addr=0x400009c0 bm=0xff data=0x0000000000000240 hit
SITAR-L2 read addr=0x400009e0 bm=0xff data=0x0000000000000240 hit
SITAR-L2 read addr=0x400009c8 bm=0xff data=0x0000000000000240 hit
SITAR-L2 read addr=0x400009e8 bm=0xff data=0x0000000000000240 hit
SITAR-L2 read addr=0x400009d0 bm=0xff data=0x0000000000000240 hit
SITAR-L2 read addr=0x400009f0 bm=0xff data=0x0000000000000240 hit
SITAR-L2 read addr=0x400009d8 bm=0xff data=0x0000000000000240 hit
SITAR-L2 read addr=0x400009f8 bm=0xff data=0x0000000000000240 hit
SITAR-L2 read addr=0x400009e0 bm=0xff data=0x0000000000000240 hit
SITAR-L2 write addr=0xffffef94 bm=0x0f data=0x0000000000000241 hit
SITAR-L2 read addr=0x400009e8 bm=0xff data=0x0000000000000241 hit
SITAR-L2 read addr=0x400009f0 bm=0xff data=0x0000000000000241 hit
SITAR-L2 write addr=0x40000a00 bm=0xf0 data=0x0000024100000000 miss
SITAR-L2 read addr=0x400009f8 bm=0xff data=0x0000024100000000 hit
SITAR-L2 read addr=0x40000a00 bm=0xff data=0x0000024100000000 hit
SITAR-L2 write addr=0x5051ff90 bm=0x0f data=0x0000000000000244 hit
SITAR-L2 read addr=0x40000a08 bm=0xff data=0x0000000000000244 hit
SITAR-L2 read addr=0x40000a10 bm=0xff data=0x0000000000000244 hit
SITAR-L2 write addr=0x40000a08 bm=0x0f data=0x0000000000000244 hit
SITAR-L2 read addr=0x40000a18 bm=0xff data=0x0000000000000244 hit
SITAR-L2 read addr=0x40000a00 bm=0xff data=0x0000000000000244 hit
SITAR-L2 read addr=0x40000a20 bm=0xff data=0x0000000000000244 hit
SITAR-L2 read addr=0x40000a08 bm=0xff data=0x0000000000000244 hit
SITAR-L2 read addr=0x40000a28 bm=0xff data=0x0000000000000244 hit
SITAR-L2 read addr=0x40000a10 bm=0xff data=0x0000000000000244 hit
SITAR-L2 read addr=0x40000a30 bm=0xff data=0x0000000000000244 hit
SITAR-L2 read addr=0x40000a18 bm=0xff data=0x0000000000000244 hit
SITAR-L2 read addr=0x40000a38 bm=0xff data=0x0000000000000244 hit
SITAR-L2 read addr=0x40000a20 bm=0xff data=0x0000000000000244 hit
SITAR-L2 write addr=0xffffef94 bm=0x0f data=0x0000000000000245 hit
SITAR-L2 read addr=0x40000a28 bm=0xff data=0x0000000000000245 hit
SITAR-L2 read addr=0x40000a30 bm=0xff data=0x0000000000000245 hit
SITAR-L2 write addr=0x40000a10 bm=0xf0 data=0x0000024500000000 hit
SITAR-L2 read addr=0x40000a38 bm=0xff data=0x0000024500000000 hit
SITAR-L2 read addr=0x40000a00 bm=0xff data=0x0000024500000000 hit
SITAR-L2 write addr=0x5051ff90 bm=0x0f data=0x0000000000000248 hit
SITAR-L2 read addr=0x40000a08 bm=0xff data=0x0000000000000248 hit
SITAR-L2 read addr=0x40000a10 bm=0xff data=0x0000000000000248 hit
SITAR-L2 write addr=0x40000a18 bm=0x0f data=0x0000000000000248 hit
SITAR-L2 read addr=0x40000a18 bm=0xff data=0x0000000000000248 hit
SITAR-L2 read addr=0x40000a00 bm=0xff data=0x0000000000000248 hit
SITAR-L2 read addr=0x40000a20 bm=0xff data=0x0000000000000248 hit
SITAR-L2 read addr=0x40000a08 bm=0xff data=0x0000000000000248 hit
SITAR-L2 read addr=0x40000a28 bm=0xff data=0x0000000000000248 hit
SITAR-L2 read addr=0x40000a10 bm=0xff data=0x0000000000000248 hit
SITAR-L2 read addr=0x40000a30 bm=0xff data=0x0000000000000248 hit
SITAR-L2 read addr=0x40000a18 bm=0xff data=0x0000000000000248 hit
SITAR-L2 read addr=0x40000a38 bm=0xff data=0x0000000000000248 hit
SITAR-L2 read addr=0x40000a20 bm=0xff data=0x0000000000000248 hit
SITAR-L2 write addr=0xffffef94 bm=0x0f data=0x0000000000000249 hit
SITAR-L2 read addr=0x40000a28 bm=0xff data=0x0000000000000249 hit
SITAR-L2 read addr=0x40000a30 bm=0xff data=0x0000000000000249 hit
SITAR-L2 write addr=0x40000a20 bm=0xf0 data=0x0000024900000000 hit
SITAR-L2 read addr=0x40000a38 bm=0xff data=0x0000024900000000 hit
SITAR-L2 read addr=0x40000a00 bm=0xff data=0x0000024900000000 hit
SITAR-L2 write addr=0x5051ff90 bm=0x0f data=0x000000000000024c hit
SITAR-L2 read addr=0x40000a08 bm=0xff data=0x000000000000024c hit
SITAR-L2 read addr=0x40000a10 bm=0xff data=0x000000000000024c hit
SITAR-L2 write addr=0x40000a28 bm=0x0f data=0x000000000000024c hit
SITAR-L2 read addr=0x40000a18 bm=0xff data=0x000000000000024c hit
SITAR-L2 read addr=0x40000a00 bm=0xff data=0x000000000000024c hit
SITAR-L2 read addr=0x40000a20 bm=0xff data=0x000000000000024c hit
SITAR-L2 read addr=0x40000a08 bm=0xff data=0x000000000000024c hit
SITAR-L2 read addr=0x40000a28 bm=0xff data=0x000000000000024c hit
SITAR-L2 read addr=0x40000a10 bm=0xff data=0x000000000000024c hit
SITAR-L2 read addr=0x40000a30 bm=0xff data=0x000000000000024c hit
SITAR-L2 read addr=0x40000a18 bm=0xff data=0x000000000000024c hit
SITAR-L2 read addr=0x40000a38 bm=0xff data=0x000000000000024c hit
SITAR-L2 read addr=0x40000a20 bm=0xff data=0x000000000000024c hit
SITAR-L2 write addr=0xffffef94 bm=0x0f data=0x000000000000024d hit
SITAR-L2 read addr=0x40000a28 bm=0xff data=0x000000000000024d hit
SITAR-L2 read addr=0x40000a30 bm=0xff data=0x000000000000024d hit
SITAR-L2 write addr=0x40000a30 bm=0xf0 data=0x0000024d00000000 hit
SITAR-L2 read addr=0x40000a38 bm=0xff data=0x0000024d00000000 hit
SITAR-L2 read addr=0x40000a00 bm=0xff data=0x0000024d00000000 hit
SITAR-L2 write addr=0x5051ff90 bm=0x0f data=0x0000000000000250 hit
SITAR-L2 read addr=0x40000a08 bm=0xff data=0x0000000000000250 hit
SITAR-L2 read addr=0x40000a10 bm=0xff data=0x0000000000000250 hit
SITAR-L2 write addr=0x40000a38 bm=0x0f data=0x0000000000000250 hit
SITAR-L2 read addr=0x40000a18 bm=0xff data=0x0000000000000250 hit
SITAR-L2 read addr=0x40000a00 bm=0xff data=0x0000000000000250 hit
SITAR-L2 read addr=0x40000a20 bm=0xff data=0x0000000000000250 hit
SITAR-L2 read addr=0x40000a08 bm=0xff data=0x0000000000000250 hit
SITAR-L2 read addr=0x40000a28 bm=0xff data=0x0000000000000250 hit
SITAR-L2 read addr=0x40000a10 bm=0xff data=0x0000000000000250 hit
SITAR-L2 read addr=0x40000a30 bm=0xff data=0x0000000000000250 hit
SITAR-L2 read addr=0x40000a18 bm=0xff data=0x0000000000000250 hit
SITAR-L2 read addr=0x40000a38 bm=0xff data=0x0000000000000250 hit
SITAR-L2 read addr=0x40000a20 bm=0xff data=0x0000000000000250 hit
SITAR-L2 write addr=0xffffef94 bm=0x0f data=0x0000000000000251 hit
SITAR-L2 read addr=0x40000a28 bm=0xff data=0x0000000000000251 hit
SITAR-L2 read addr=0x40000a30 bm=0xff data=0x0000000000000251 hit
SITAR-L2 write addr=0x40000a40 bm=0xf0 data=0x0000025100000000 miss
SITAR-L2 read addr=0x40000a38 bm=0xff data=0x0000025100000000 hit
SITAR-L2 read addr=0x40000a40 bm=0xff data=0x0000025100000000 hit
SITAR-L2 write addr=0x5051ff90 bm=0x0f data=0x0000000000000254 hit
SITAR-L2 read addr=0x40000a48 bm=0xff data=0x0000000000000254 hit
SITAR-L2 read addr=0x40000a50 bm=0xff data=0x0000000000000254 hit
SITAR-L2 write addr=0x40000a48 bm=0x0f data=0x0000000000000254 hit
SITAR-L2 read addr=0x40000a58 bm=0xff data=0x0000000000000254 hit
SITAR-L2 read addr=0x40000a40 bm=0xff data=0x0000000000000254 hit
SITAR-L2 read addr=0x40000a60 bm=0xff data=0x0000000000000254 hit
SITAR-L2 read addr=0x40000a48 bm=0xff data=0x0000000000000254 hit
SITAR-L2 read addr=0x40000a68 bm=0xff data=0x0000000000000254 hit
SITAR-L2 read addr=0x40000a50 bm=0xff data=0x0000000000000254 hit
SITAR-L2 read addr=0x40000a70 bm=0xff data=0x0000000000000254 hit
SITAR-L2 read addr=0x40000a58 bm=0xff data=0x0000000000000254 hit
SITAR-L2 read addr=0x40000a78 bm=0xff data=0x0000000000000254 hit
SITAR-L2 read addr=0x40000a60 bm=0xff data=0x0000000000000254 hit
SITAR-L2 write addr=0xffffef94 bm=0x0f data=0x0000000000000255 hit
SITAR-L2 read addr=0x40000a68 bm=0xff data=0x0000000000000255 hit
SITAR-L2 read addr=0x40000a70 bm=0xff data=0x0000000000000255 hit
SITAR-L2 write addr=0x40000a50 bm=0xf0 data=0x0000025500000000 hit
SITAR-L2 read addr=0x40000a78 bm=0xff data=0x0000025500000000 hit
SITAR-L2 read addr=0x40000a40 bm=0xff data=0x0000025500000000 hit
SITAR-L2 write addr=0x5051ff90 bm=0x0f data=0x0000000000000258 hit
SITAR-L2 read addr=0x40000a48 bm=0xff data=0x0000000000000258 hit
SITAR-L2 read addr=0x40000a50 bm=0xff data=0x0000000000000258 hit
SITAR-L2 write addr=0x40000a58 bm=0x0f data=0x0000000000000258 hit
SITAR-L2 read addr=0x40000a58 bm=0xff data=0x0000000000000258 hit
SITAR-L2 read addr=0x40000a40 bm=0xff data=0x0000000000000258 hit
SITAR-L2 read addr=0x40000a60 bm=0xff data=0x0000000000000258 hit
SITAR-L2 read addr=0x40000a48 bm=0xff data=0x0000000000000258 hit
SITAR-L2 read addr=0x40000a68 bm=0xff data=0x0000000000000258 hit
SITAR-L2 read addr=0x40000a50 bm=0xff data=0x0000000000000258 hit
SITAR-L2 read addr=0x40000a70 bm=0xff data=0x0000000000000258 hit
SITAR-L2 read addr=0x40000a58 bm=0xff data=0x0000000000000258 hit
SITAR-L2 read addr=0x40000a78 bm=0xff data=0x0000000000000258 hit
SITAR-L2 read addr=0x40000a60 bm=0xff data=0x0000000000000258 hit
SITAR-L2 write addr=0xffffef94 bm=0x0f data=0x0000000000000259 hit
SITAR-L2 read addr=0x40000a68 bm=0xff data=0x0000000000000259 hit
SITAR-L2 read addr=0x40000a70 bm=0xff data=0x0000000000000259 hit
SITAR-L2 write addr=0x40000a60 bm=0xf0 data=0x0000025900000000 hit
SITAR-L2 read addr=0x40000a78 bm=0xff data=0x0000025900000000 hit
SITAR-L2 read addr=0x40000a40 bm=0xff data=0x0000025900000000 hit
SITAR-L2 write addr=0x5051ff90 bm=0x0f data=0x000000000000025c hit
SITAR-L2 read addr=0x40000a48 bm=0xff data=0x000000000000025c hit
SITAR-L2 read addr=0x40000a50 bm=0xff data=0x000000000000025c hit
SITAR-L2 write addr=0x40000a68 bm=0x0f data=0x000000000000025c hit
SITAR-L2 read addr=0x40000a58 bm=0xff data=0x000000000000025c hit
SITAR-L2 read addr=0x40000a40 bm=0xff data=0x000000000000025c hit
SITAR-L2 read addr=0x40000a60 bm=0xff data=0x000000000000025c hit
SITAR-L2 read addr=0x40000a48 bm=0xff data=0x000000000000025c hit
SITAR-L2 read addr=0x40000a68 bm=0xff data=0x000000000000025c hit
SITAR-L2 read addr=0x40000a50 bm=0xff data=0x000000000000025c hit
SITAR-L2 read addr=0x40000a70 bm=0xff data=0x000000000000025c hit
SITAR-L2 read addr=0x40000a58 bm=0xff data=0x000000000000025c hit
SITAR-L2 read addr=0x40000a78 bm=0xff data=0x000000000000025c hit
SITAR-L2 read addr=0x40000a60 bm=0xff data=0x000000000000025c hit
SITAR-L2 write addr=0xffffef94 bm=0x0f data=0x000000000000025d hit
SITAR-L2 read addr=0x40000a68 bm=0xff data=0x000000000000025d hit
SITAR-L2 read addr=0x40000a70 bm=0xff data=0x000000000000025d hit
SITAR-L2 write addr=0x40000a70 bm=0xf0 data=0x0000025d00000000 hit
SITAR-L2 read addr=0x40000a78 bm=0xff data=0x0000025d00000000 hit
SITAR-L2 read addr=0x40000a40 bm=0xff data=0x0000025d00000000 hit
SITAR-L2 write addr=0x5051ff90 bm=0x0f data=0x0000000000000260 hit
SITAR-L2 read addr=0x40000a48 bm=0xff data=0x0000000000000260 hit
SITAR-L2 read addr=0x40000a50 bm=0xff data=0x0000000000000260 hit
SITAR-L2 write addr=0x40000a78 bm=0x0f data=0x0000000000000260 hit
SITAR-L2 read addr=0x40000a58 bm=0xff data=0x0000000000000260 hit
SITAR-L2 read addr=0x40000a40 bm=0xff data=0x0000000000000260 hit
SITAR-L2 read addr=0x40000a60 bm=0xff data=0x0000000000000260 hit
SITAR-L2 read addr=0x40000a48 bm=0xff data=0x0000000000000260 hit
SITAR-L2 read addr=0x40000a68 bm=0xff data=0x0000000000000260 hit
SITAR-L2 read addr=0x40000a50 bm=0xff data=0x0000000000000260 hit
SITAR-L2 read addr=0x40000a70 bm=0xff data=0x0000000000000260 hit
SITAR-L2 read addr=0x40000a58 bm=0xff data=0x0000000000000260 hit
SITAR-L2 read addr=0x40000a78 bm=0xff data=0x0000000000000260 hit
SITAR-L2 read addr=0x40000a60 bm=0xff data=0x0000000000000260 hit
SITAR-L2 write addr=0xffffef94 bm=0x0f data=0x0000000000000261 hit
SITAR-L2 read addr=0x40000a68 bm=0xff data=0x0000000000000261 hit
SITAR-L2 read addr=0x40000a70 bm=0xff data=0x0000000000000261 hit
SITAR-L2 write addr=0x40000a80 bm=0xf0 data=0x0000026100000000 miss
SITAR-L2 read addr=0x40000a78 bm=0xff data=0x0000026100000000 hit
SITAR-L2 read addr=0x40000a80 bm=0xff data=0x0000026100000000 hit
SITAR-L2 write addr=0x5051ff90 bm=0x0f data=0x0000000000000264 hit
SITAR-L2 read addr=0x40000a88 bm=0xff data=0x0000000000000264 hit
SITAR-L2 read addr=0x40000a90 bm=0xff data=0x0000000000000264 hit
SITAR-L2 write addr=0x40000a88 bm=0x0f data=0x0000000000000264 hit
SITAR-L2 read addr=0x40000a98 bm=0xff data=0x0000000000000264 hit
SITAR-L2 read addr=0x40000a80 bm=0xff data=0x0000000000000264 hit
SITAR-L2 read addr=0x40000aa0 bm=0xff data=0x0000000000000264 hit
SITAR-L2 read addr=0x40000a88 bm=0xff data=0x0000000000000264 hit
SITAR-L2 read addr=0x40000aa8 bm=0xff data=0x0000000000000264 hit
SITAR-L2 read addr=0x40000a90 bm=0xff data=0x0000000000000264 hit
SITAR-L2 read addr=0x40000ab0 bm=0xff data=0x0000000000000264 hit
SITAR-L2 read addr=0x40000a98 bm=0xff data=0x0000000000000264 hit
SITAR-L2 read addr=0x40000ab8 bm=0xff data=0x0000000000000264 hit
SITAR-L2 read addr=0x40000aa0 bm=0xff data=0x0000000000000264 hit
SITAR-L2 write addr=0xffffef94 bm=0x0f data=0x0000000000000265 hit
SITAR-L2 read addr=0x40000aa8 bm=0xff data=0x0000000000000265 hit
SITAR-L2 read addr=0x40000ab0 bm=0xff data=0x0000000000000265 hit
SITAR-L2 write addr=0x40000a90 bm=0xf0 data=0x0000026500000000 hit
SITAR-L2 read addr=0x40000ab8 bm=0xff data=0x0000026500000000 hit
SITAR-L2 read addr=0x40000a80 bm=0xff data=0x0000026500000000 hit
SITAR-L2 write addr=0x5051ff90 bm=0x0f data=0x0000000000000268 hit
SITAR-L2 read addr=0x40000a88 bm=0xff data=0x0000000000000268 hit
SITAR-L2 read addr=0x40000a90 bm=0xff data=0x0000000000000268 hit
SITAR-L2 write addr=0x40000a98 bm=0x0f data=0x0000000000000268 hit
SITAR-L2 read addr=0x40000a98 bm=0xff data=0x0000000000000268 hit
SITAR-L2 read addr=0x40000a80 bm=0xff data=0x0000000000000268 hit
SITAR-L2 read addr=0x40000aa0 bm=0xff data=0x0000000000000268 hit
SITAR-L2 read addr=0x40000a88 bm=0xff data=0x0000000000000268 hit
SITAR-L2 read addr=0x40000aa8 bm=0xff data=0x0000000000000268 hit
SITAR-L2 read addr=0x40000a90 bm=0xff data=0x0000000000000268 hit
SITAR-L2 read addr=0x40000ab0 bm=0xff data=0x0000000000000268 hit
SITAR-L2 read addr=0x40000a98 bm=0xff data=0x0000000000000268 hit
SITAR-L2 read addr=0x40000ab8 bm=0xff data=0x0000000000000268 hit
SITAR-L2 read addr=0x40000aa0 bm=0xff data=0x0000000000000268 hit
SITAR-L2 write addr=0xffffef94 bm=0x0f data=0x0000000000000269 hit
SITAR-L2 read addr=0x40000aa8 bm=0xff data=0x0000000000000269 hit
SITAR-L2 read addr=0x40000ab0 bm=0xff data=0x0000000000000269 hit
SITAR-L2 write addr=0x40000aa0 bm=0xf0 data=0x0000026900000000 hit
SITAR-L2 read addr=0x40000ab8 bm=0xff data=0x0000026900000000 hit
SITAR-L2 read addr=0x40000a80 bm=0xff data=0x0000026900000000 hit
SITAR-L2 write addr=0x5051ff90 bm=0x0f data=0x000000000000026c hit
SITAR-L2 read addr=0x40000a88 bm=0xff data=0x000000000000026c hit
SITAR-L2 read addr=0x40000a90 bm=0xff data=0x000000000000026c hit
SITAR-L2 write addr=0x40000aa8 bm=0x0f data=0x000000000000026c hit
SITAR-L2 read addr=0x40000a98 bm=0xff data=0x000000000000026c hit
SITAR-L2 read addr=0x40000a80 bm=0xff data=0x000000000000026c hit
SITAR-L2 read addr=0x40000aa0 bm=0xff data=0x000000000000026c hit
SITAR-L2 read addr=0x40000a88 bm=0xff data=0x000000000000026c hit
SITAR-L2 read addr=0x40000aa8 bm=0xff data=0x000000000000026c hit
SITAR-L2 read addr=0x40000a90 bm=0xff data=0x000000000000026c hit
SITAR-L2 read addr=0x40000ab0 bm=0xff data=0x000000000000026c hit
SITAR-L2 read addr=0x40000a98 bm=0xff data=0x000000000000026c hit
SITAR-L2 read addr=0x40000ab8 bm=0xff data=0x000000000000026c hit
SITAR-L2 read addr=0x40000aa0 bm=0xff data=0x000000000000026c hit
SITAR-L2 write addr=0xffffef94 bm=0x0f data=0x000000000000026d hit
SITAR-L2 read addr=0x40000aa8 bm=0xff data=0x000000000000026d hit
SITAR-L2 read addr=0x40000ab0 bm=0xff data=0x000000000000026d hit
SITAR-L2 write addr=0x40000ab0 bm=0xf0 data=0x0000026d00000000 hit
SITAR-L2 read addr=0x40000ab8 bm=0xff data=0x0000026d00000000 hit
SITAR-L2 read addr=0x40000a80 bm=0xff data=0x0000026d00000000 hit
SITAR-L2 write addr=0x5051ff90 bm=0x0f data=0x0000000000000270 hit
SITAR-L2 read addr=0x40000a88 bm=0xff data=0x0000000000000270 hit
SITAR-L2 read addr=0x40000a90 bm=0xff data=0x0000000000000270 hit
SITAR-L2 write addr=0x40000ab8 bm=0x0f data=0x0000000000000270 hit
SITAR-L2 read addr=0x40000a98 bm=0xff data=0x0000000000000270 hit
SITAR-L2 read addr=0x40000a80 bm=0xff data=0x0000000000000270 hit
SITAR-L2 read addr=0x40000aa0 bm=0xff data=0x0000000000000270 hit
SITAR-L2 read addr=0x40000a88 bm=0xff data=0x0000000000000270 hit
SITAR-L2 read addr=0x40000aa8 bm=0xff data=0x0000000000000270 hit
SITAR-L2 read addr=0x40000a90 bm=0xff data=0x0000000000000270 hit
SITAR-L2 read addr=0x40000ab0 bm=0xff data=0x0000000000000270 hit
SITAR-L2 read addr=0x40000a98 bm=0xff data=0x0000000000000270 hit
SITAR-L2 read addr=0x40000ab8 bm=0xff data=0x0000000000000270 hit
SITAR-L2 read addr=0x40000aa0 bm=0xff data=0x0000000000000270 hit
SITAR-L2 write addr=0xffffef94 bm=0x0f data=0x0000000000000271 hit
SITAR-L2 read addr=0x40000aa8 bm=0xff data=0x0000000000000271 hit
SITAR-L2 read addr=0x40000ab0 bm=0xff data=0x0000000000000271 hit
SITAR-L2 write addr=0x40000ac0 bm=0xf0 data=0x0000027100000000 miss
SITAR-L2 read addr=0x40000ab8 bm=0xff data=0x0000027100000000 hit
SITAR-L2 read addr=0x40000ac0 bm=0xff data=0x0000027100000000 hit
SITAR-L2 write addr=0x5051ff90 bm=0x0f data=0x0000000000000274 hit
SITAR-L2 read addr=0x40000ac8 bm=0xff data=0x0000000000000274 hit
SITAR-L2 read addr=0x40000ad0 bm=0xff data=0x0000000000000274 hit
SITAR-L2 write addr=0x40000ac8 bm=0x0f data=0x0000000000000274 hit
SITAR-L2 read addr=0x40000ad8 bm=0xff data=0x0000000000000274 hit
SITAR-L2 read addr=0x40000ac0 bm=0xff data=0x0000000000000274 hit
SITAR-L2 read addr=0x40000ae0 bm=0xff data=0x0000000000000274 hit
SITAR-L2 read addr=0x40000ac8 bm=0xff data=0x0000000000000274 hit
SITAR-L2 read addr=0x40000ae8 bm=0xff data=0x0000000000000274 hit
SITAR-L2 read addr=0x40000ad0 bm=0xff data=0x0000000000000274 hit
SITAR-L2 read addr=0x40000af0 bm=0xff data=0x0000000000000274 hit
SITAR-L2 read addr=0x40000ad8 bm=0xff data=0x0000000000000274 hit
SITAR-L2 read addr=0x40000af8 bm=0xff data=0x0000000000000274 hit
SITAR-L2 read addr=0x40000ae0 bm=0xff data=0x0000000000000274 hit
SITAR-L2 write addr=0xffffef94 bm=0x0f data=0x0000000000000275 hit
SITAR-L2 read addr=0x40000ae8 bm=0xff data=0x0000000000000275 hit
SITAR-L2 read addr=0x40000af0 bm=0xff data=0x0000000000000275 hit
SITAR-L2 write addr=0x40000ad0 bm=0xf0 data=0x0000027500000000 hit
SITAR-L2 read addr=0x40000af8 bm=0xff data=0x0000027500000000 hit
SITAR-L2 read addr=0x40000ac0 bm=0xff data=0x0000027500000000 hit
SITAR-L2 write addr=0x5051ff90 bm=0x0f data=0x0000000000000278 hit
SITAR-L2 read addr=0x40000ac8 bm=0xff data=0x0000000000000278 hit
SITAR-L2 read addr=0x40000ad0 bm=0xff data=0x0000000000000278 hit
SITAR-L2 write addr=0x40000ad8 bm=0x0f data=0x0000000000000278 hit
SITAR-L2 read addr=0x40000ad8 bm=0xff data=0x0000000000000278 hit
SITAR-L2 read addr=0x40000ac0 bm=0xff data=0x0000000000000278 hit
SITAR-L2 read addr=0x40000ae0 bm=0xff data=0x0000000000000278 hit
SITAR-L2 read addr=0x40000ac8 bm=0xff data=0x0000000000000278 hit
SITAR-L2 read addr=0x40000ae8 bm=0xff data=0x0000000000000278 hit
SITAR-L2 read addr=0x40000ad0 bm=0xff data=0x0000000000000278 hit
SITAR-L2 read addr=0x40000af0 bm=0xff data=0x0000000000000278 hit
SITAR-L2 read addr=0x40000ad8 bm=0xff data=0x0000000000000278 hit
SITAR-L2 read addr=0x40000af8 bm=0xff data=0x0000000000000278 hit
SITAR-L2 read addr=0x40000ae0 bm=0xff data=0x0000000000000278 hit
SITAR-L2 write addr=0xffffef94 bm=0x0f data=0x0000000000000279 hit
SITAR-L2 read addr=0x40000ae8 bm=0xff data=0x0000000000000279 hit
SITAR-L2 read addr=0x40000af0 bm=0xff data=0x0000000000000279 hit
SITAR-L2 write addr=0x40000ae0 bm=0xf0 data=0x0000027900000000 hit
SITAR-L2 read addr=0x40000af8 bm=0xff data=0x0000027900000000 hit
SITAR-L2 read addr=0x40000ac0 bm=0xff data=0x0000027900000000 hit
SITAR-L2 write addr=0x5051ff90 bm=0x0f data=0x000000000000027c hit
SITAR-L2 read addr=0x40000ac8 bm=0xff data=0x000000000000027c hit
SITAR-L2 read addr=0x40000ad0 bm=0xff data=0x000000000000027c hit
SITAR-L2 write addr=0x40000ae8 bm=0x0f data=0x000000000000027c hit
SITAR-L2 read addr=0x40000ad8 bm=0xff data=0x000000000000027c hit
SITAR-L2 read addr=0x40000ac0 bm=0xff data=0x000000000000027c hit
SITAR-L2 read addr=0x40000ae0 bm=0xff data=0x000000000000027c hit
SITAR-L2 read addr=0x40000ac8 bm=0xff data=0x000000000000027c hit
SITAR-L2 read addr=0x40000ae8 bm=0xff data=0x000000000000027c hit
SITAR-L2 read addr=0x40000ad0 bm=0xff data=0x000000000000027c hit
SITAR-L2 read addr=0x40000af0 bm=0xff data=0x000000000000027c hit
SITAR-L2 read addr=0x40000ad8 bm=0xff data=0x000000000000027c hit
SITAR-L2 read addr=0x40000af8 bm=0xff data=0x000000000000027c hit
SITAR-L2 read addr=0x40000ae0 bm=0xff data=0x000000000000027c hit
SITAR-L2 write addr=0xffffef94 bm=0x0f data=0x000000000000027d hit
SITAR-L2 read addr=0x40000ae8 bm=0xff data=0x000000000000027d hit
SITAR-L2 read addr=0x40000af0 bm=0xff data=0x000000000000027d hit
SITAR-L2 write addr=0x40000af0 bm=0xf0 data=0x0000027d00000000 hit
SITAR-L2 read addr=0x40000af8 bm=0xff data=0x0000027d00000000 hit
SITAR-L2 read addr=0x40000ac0 bm=0xff data=0x0000027d00000000 hit
SITAR-L2 write addr=0x5051ff90 bm=0x0f data=0x0000000000000280 hit
SITAR-L2 read addr=0x40000ac8 bm=0xff data=0x0000000000000280 hit
SITAR-L2 read addr=0x40000ad0 bm=0xff data=0x0000000000000280 hit
SITAR-L2 write addr=0x40000af8 bm=0x0f data=0x0000000000000280 hit
SITAR-L2 read addr=0x40000ad8 bm=0xff data=0x0000000000000280 hit
SITAR-L2 read addr=0x40000ac0 bm=0xff data=0x0000000000000280 hit
SITAR-L2 read addr=0x40000ae0 bm=0xff data=0x0000000000000280 hit
SITAR-L2 read addr=0x40000ac8 bm=0xff data=0x0000000000000280 hit
SITAR-L2 read addr=0x40000ae8 bm=0xff data=0x0000000000000280 hit
SITAR-L2 read addr=0x40000ad0 bm=0xff data=0x0000000000000280 hit
SITAR-L2 read addr=0x40000af0 bm=0xff data=0x0000000000000280 hit
SITAR-L2 read addr=0x40000ad8 bm=0xff data=0x0000000000000280 hit
SITAR-L2 read addr=0x40000af8 bm=0xff data=0x0000000000000280 hit
SITAR-L2 read addr=0x40000ae0 bm=0xff data=0x0000000000000280 hit
SITAR-L2 write addr=0xffffef94 bm=0x0f data=0x0000000000000281 hit
SITAR-L2 read addr=0x40000ae8 bm=0xff data=0x0000000000000281 hit
SITAR-L2 read addr=0x40000af0 bm=0xff data=0x0000000000000281 hit
SITAR-L2 write addr=0x40000b00 bm=0xf0 data=0x0000028100000000 miss
SITAR-L2 read addr=0x40000af8 bm=0xff data=0x0000028100000000 hit
SITAR-L2 read addr=0x40000b00 bm=0xff data=0x0000028100000000 hit
SITAR-L2 write addr=0x5051ff90 bm=0x0f data=0x0000000000000284 hit
SITAR-L2 read addr=0x40000b08 bm=0xff data=0x0000000000000284 hit
SITAR-L2 read addr=0x40000b10 bm=0xff data=0x0000000000000284 hit
SITAR-L2 write addr=0x40000b08 bm=0x0f data=0x0000000000000284 hit
SITAR-L2 read addr=0x40000b18 bm=0xff data=0x0000000000000284 hit
SITAR-L2 read addr=0x40000b00 bm=0xff data=0x0000000000000284 hit
SITAR-L2 read addr=0x40000b20 bm=0xff data=0x0000000000000284 hit
SITAR-L2 read addr=0x40000b08 bm=0xff data=0x0000000000000284 hit
SITAR-L2 read addr=0x40000b28 bm=0xff data=0x0000000000000284 hit
SITAR-L2 read addr=0x40000b10 bm=0xff data=0x0000000000000284 hit
SITAR-L2 read addr=0x40000b30 bm=0xff data=0x0000000000000284 hit
SITAR-L2 read addr=0x40000b18 bm=0xff data=0x0000000000000284 hit
SITAR-L2 read addr=0x40000b38 bm=0xff data=0x0000000000000284 hit
SITAR-L2 read addr=0x40000b20 bm=0xff data=0x0000000000000284 hit
SITAR-L2 write addr=0xffffef94 bm=0x0f data=0x0000000000000285 hit
SITAR-L2 read addr=0x40000b28 bm=0xff data=0x0000000000000285 hit
SITAR-L2 read addr=0x40000b30 bm=0xff data=0x0000000000000285 hit
SITAR-L2 write addr=0x40000b10 bm=0xf0 data=0x0000028500000000 hit
SITAR-L2 read addr=0x40000b38 bm=0xff data=0x0000028500000000 hit
SITAR-L2 read addr=0x40000b00 bm=0xff data=0x0000028500000000 hit
SITAR-L2 write addr=0x5051ff90 bm=0x0f data=0x0000000000000288 hit
SITAR-L2 read addr=0x40000b08 bm=0xff data=0x0000000000000288 hit
SITAR-L2 read addr=0x40000b10 bm=0xff data=0x0000000000000288 hit
SITAR-L2 write addr=0x40000b18 bm=0x0f data=0x0000000000000288 hit
SITAR-L2 read addr=0x40000b18 bm=0xff data=0x0000000000000288 hit
SITAR-L2 read addr=0x40000b00 bm=0xff data=0x0000000000000288 hit
SITAR-L2 read addr=0x40000b20 bm=0xff data=0x0000000000000288 hit
SITAR-L2 read addr=0x40000b08 bm=0xff data=0x0000000000000288 hit
SITAR-L2 read addr=0x40000b28 bm=0xff data=0x0000000000000288 hit
SITAR-L2 read addr=0x40000b10 bm=0xff data=0x0000000000000288 hit
SITAR-L2 read addr=0x40000b30 bm=0xff data=0x0000000000000288 hit
SITAR-L2 read addr=0x40000b18 bm=0xff data=0x0000000000000288 hit
SITAR-L2 read addr=0x40000b38 bm=0xff data=0x0000000000000288 hit
SITAR-L2 read addr=0x40000b20 bm=0xff data=0x0000000000000288 hit
SITAR-L2 write addr=0xffffef94 bm=0x0f data=0x0000000000000289 hit
SITAR-L2 read addr=0x40000b28 bm=0xff data=0x0000000000000289 hit
SITAR-L2 read addr=0x40000b30 bm=0xff data=0x0000000000000289 hit
SITAR-L2 write addr=0x40000b20 bm=0xf0 data=0x0000028900000000 hit
SITAR-L2 read addr=0x40000b38 bm=0xff data=0x0000028900000000 hit
SITAR-L2 read addr=0x40000b00 bm=0xff data=0x0000028900000000 hit
SITAR-L2 write addr=0x5051ff90 bm=0x0f data=0x000000000000028c hit
SITAR-L2 read addr=0x40000b08 bm=0xff data=0x000000000000028c hit
SITAR-L2 read addr=0x40000b10 bm=0xff data=0x000000000000028c hit
SITAR-L2 write addr=0x40000b28 bm=0x0f data=0x000000000000028c hit
SITAR-L2 read addr=0x40000b18 bm=0xff data=0x000000000000028c hit
SITAR-L2 read addr=0x40000b00 bm=0xff data=0x000000000000028c hit
SITAR-L2 read addr=0x40000b20 bm=0xff data=0x000000000000028c hit
SITAR-L2 read addr=0x40000b08 bm=0xff data=0x000000000000028c hit
SITAR-L2 read addr=0x40000b28 bm=0xff data=0x000000000000028c hit
SITAR-L2 read addr=0x40000b10 bm=0xff data=0x000000000000028c hit
SITAR-L2 read addr=0x40000b30 bm=0xff data=0x000000000000028c hit
SITAR-L2 read addr=0x40000b18 bm=0xff data=0x000000000000028c hit
SITAR-L2 read addr=0x40000b38 bm=0xff data=0x000000000000028c hit
SITAR-L2 read addr=0x40000b20 bm=0xff data=0x000000000000028c hit
SITAR-L2 write addr=0xffffef94 bm=0x0f data=0x000000000000028d hit
SITAR-L2 read addr=0x40000b28 bm=0xff data=0x000000000000028d hit
SITAR-L2 read addr=0x40000b30 bm=0xff data=0x000000000000028d hit
SITAR-L2 write addr=0x40000b30 bm=0xf0 data=0x0000028d00000000 hit
SITAR-L2 read addr=0x40000b38 bm=0xff data=0x0000028d00000000 hit
SITAR-L2 read addr=0x40000b00 bm=0xff data=0x0000028d00000000 hit
SITAR-L2 write addr=0x5051ff90 bm=0x0f data=0x0000000000000290 hit
SITAR-L2 read addr=0x40000b08 bm=0xff data=0x0000000000000290 hit
SITAR-L2 read addr=0x40000b10 bm=0xff data=0x0000000000000290 hit
SITAR-L2 write addr=0x40000b38 bm=0x0f data=0x0000000000000290 hit
SITAR-L2 read addr=0x40000b18 bm=0xff data=0x0000000000000290 hit
SITAR-L2 read addr=0x40000b00 bm=0xff data=0x0000000000000290 hit
SITAR-L2 read addr=0x40000b20 bm=0xff data=0x0000000000000290 hit
SITAR-L2 read addr=0x40000b08 bm=0xff data=0x0000000000000290 hit
SITAR-L2 read addr=0x40000b28 bm=0xff data=0x0000000000000290 hit
SITAR-L2 read addr=0x40000b10 bm=0xff data=0x0000000000000290 hit
SITAR-L2 read addr=0x40000b30 bm=0xff data=0x0000000000000290 hit
SITAR-L2 read addr=0x40000b18 bm=0xff data=0x0000000000000290 hit
SITAR-L2 read addr=0x40000b38 bm=0xff data=0x0000000000000290 hit
SITAR-L2 read addr=0x40000b20 bm=0xff data=0x0000000000000290 hit
SITAR-L2 write addr=0xffffef94 bm=0x0f data=0x0000000000000291 hit
SITAR-L2 read addr=0x40000b28 bm=0xff data=0x0000000000000291 hit
SITAR-L2 read addr=0x40000b30 bm=0xff data=0x0000000000000291 hit
SITAR-L2 write addr=0x40000b40 bm=0xf0 data=0x0000029100000000 miss
SITAR-L2 read addr=0x40000b38 bm=0xff data=0x0000029100000000 hit
SITAR-L2 read addr=0x40000b40 bm=0xff data=0x0000029100000000 hit
SITAR-L2 write addr=0x5051ff90 bm=0x0f data=0x0000000000000294 hit
SITAR-L2 read addr=0x40000b48 bm=0xff data=0x0000000000000294 hit
SITAR-L2 read addr=0x40000b50 bm=0xff data=0x0000000000000294 hit
SITAR-L2 write addr=0x40000b48 bm=0x0f data=0x0000000000000294 hit
SITAR-L2 read addr=0x40000b58 bm=0xff data=0x0000000000000294 hit
SITAR-L2 read addr=0x40000b40 bm=0xff data=0x0000000000000294 hit
SITAR-L2 read addr=0x40000b60 bm=0xff data=0x0000000000000294 hit
SITAR-L2 read addr=0x40000b48 bm=0xff data=0x0000000000000294 hit
SITAR-L2 read addr=0x40000b68 bm=0xff data=0x0000000000000294 hit
SITAR-L2 read addr=0x40000b50 bm=0xff data=0x0000000000000294 hit
SITAR-L2 read addr=0x40000b70 bm=0xff data=0x0000000000000294 hit
SITAR-L2 read addr=0x40000b58 bm=0xff data=0x0000000000000294 hit
SITAR-L2 read addr=0x40000b78 bm=0xff data=0x0000000000000294 hit
SITAR-L2 read addr=0x40000b60 bm=0xff data=0x0000000000000294 hit
SITAR-L2 write addr=0xffffef94 bm=0x0f data=0x0000000000000295 hit
SITAR-L2 read addr=0x40000b68 bm=0xff data=0x0000000000000295 hit
SITAR-L2 read addr=0x40000b70 bm=0xff data=0x0000000000000295 hit
SITAR-L2 write addr=0x40000b50 bm=0xf0 data=0x0000029500000000 hit
SITAR-L2 read addr=0x40000b78 bm=0xff data=0x0000029500000000 hit
SITAR-L2 read addr=0x40000b40 bm=0xff data=0x0000029500000000 hit
SITAR-L2 write addr=0x5051ff90 bm=0x0f data=0x0000000000000298 hit
SITAR-L2 read addr=0x40000b48 bm=0xff data=0x0000000000000298 hit
SITAR-L2 read addr=0x40000b50 bm=0xff data=0x0000000000000298 hit
SITAR-L2 write addr=0x40000b58 bm=0x0f data=0x0000000000000298 hit
SITAR-L2 read addr=0x40000b58 bm=0xff data=0x0000000000000298 hit
SITAR-L2 read addr=0x40000b40 bm=0xff data=0x0000000000000298 hit
SITAR-L2 read addr=0x40000b60 bm=0xff data=0x0000000000000298 hit
SITAR-L2 read addr=0x40000b48 bm=0xff data=0x0000000000000298 hit
SITAR-L2 read addr=0x40000b68 bm=0xff data=0x0000000000000298 hit
SITAR-L2 read addr=0x40000b50 bm=0xff data=0x0000000000000298 hit
SITAR-L2 read addr=0x40000b70 bm=0xff data=0x0000000000000298 hit
SITAR-L2 read addr=0x40000b58 bm=0xff data=0x0000000000000298 hit
SITAR-L2 read addr=0x40000b78 bm=0xff data=0x0000000000000298 hit
SITAR-L2 read addr=0x40000b60 bm=0xff data=0x0000000000000298 hit
SITAR-L2 write addr=0xffffef94 bm=0x0f data=0x0000000000000299 hit
SITAR-L2 read addr=0x40000b68 bm=0xff data=0x0000000000000299 hit
SITAR-L2 read addr=0x40000b70 bm=0xff data=0x0000000000000299 hit
SITAR-L2 write addr=0x40000b60 bm=0xf0 data=0x0000029900000000 hit
SITAR-L2 read addr=0x40000b78 bm=0xff data=0x0000029900000000 hit
SITAR-L2 read addr=0x40000b40 bm=0xff data=0x0000029900000000 hit
SITAR-L2 write addr=0x5051ff90 bm=0x0f data=0x000000000000029c hit
SITAR-L2 read addr=0x40000b48 bm=0xff data=0x000000000000029c hit
SITAR-L2 read addr=0x40000b50 bm=0xff data=0x000000000000029c hit
SITAR-L2 write addr=0x40000b68 bm=0x0f data=0x000000000000029c hit
SITAR-L2 read addr=0x40000b58 bm=0xff data=0x000000000000029c hit
SITAR-L2 read addr=0x40000b40 bm=0xff data=0x000000000000029c hit
SITAR-L2 read addr=0x40000b60 bm=0xff data=0x000000000000029c hit
SITAR-L2 read addr=0x40000b48 bm=0xff data=0x000000000000029c hit
SITAR-L2 read addr=0x40000b68 bm=0xff data=0x000000000000029c hit
SITAR-L2 read addr=0x40000b50 bm=0xff data=0x000000000000029c hit
SITAR-L2 read addr=0x40000b70 bm=0xff data=0x000000000000029c hit
SITAR-L2 read addr=0x40000b58 bm=0xff data=0x000000000000029c hit
SITAR-L2 read addr=0x40000b78 bm=0xff data=0x000000000000029c hit
SITAR-L2 read addr=0x40000b60 bm=0xff data=0x000000000000029c hit
SITAR-L2 write addr=0xffffef94 bm=0x0f data=0x000000000000029d hit
SITAR-L2 read addr=0x40000b68 bm=0xff data=0x000000000000029d hit
SITAR-L2 read addr=0x40000b70 bm=0xff data=0x000000000000029d hit
SITAR-L2 write addr=0x40000b70 bm=0xf0 data=0x0000029d00000000 hit
SITAR-L2 read addr=0x40000b78 bm=0xff data=0x0000029d00000000 hit
SITAR-L2 read addr=0x40000b40 bm=0xff data=0x0000029d00000000 hit
SITAR-L2 write addr=0x5051ff90 bm=0x0f data=0x00000000000002a0 hit
SITAR-L2 read addr=0x40000b48 bm=0xff data=0x00000000000002a0 hit
SITAR-L2 read addr=0x40000b50 bm=0xff data=0x00000000000002a0 hit
SITAR-L2 write addr=0x40000b78 bm=0x0f data=0x00000000000002a0 hit
SITAR-L2 read addr=0x40000b58 bm=0xff data=0x00000000000002a0 hit
SITAR-L2 read addr=0x40000b40 bm=0xff data=0x00000000000002a0 hit
SITAR-L2 read addr=0x40000b60 bm=0xff data=0x00000000000002a0 hit
SITAR-L2 read addr=0x40000b48 bm=0xff data=0x00000000000002a0 hit
SITAR-L2 read addr=0x40000b68 bm=0xff data=0x00000000000002a0 hit
SITAR-L2 read addr=0x40000b50 bm=0xff data=0x00000000000002a0 hit
SITAR-L2 read addr=0x40000b70 bm=0xff data=0x00000000000002a0 hit
SITAR-L2 read addr=0x40000b58 bm=0xff data=0x00000000000002a0 hit
SITAR-L2 read addr=0x40000b78 bm=0xff data=0x00000000000002a0 hit
SITAR-L2 read addr=0x40000b60 bm=0xff data=0x00000000000002a0 hit
SITAR-L2 write addr=0xffffef94 bm=0x0f data=0x00000000000002a1 hit
SITAR-L2 read addr=0x40000b68 bm=0xff data=0x00000000000002a1 hit
SITAR-L2 read addr=0x40000b70 bm=0xff data=0x00000000000002a1 hit
SITAR-L2 write addr=0x40000b80 bm=0xf0 data=0x000002a100000000 miss
SITAR-L2 read addr=0x40000b78 bm=0xff data=0x000002a100000000 hit
SITAR-L2 read addr=0x40000b80 bm=0xff data=0x000002a100000000 hit
SITAR-L2 write addr=0x5051ff90 bm=0x0f data=0x00000000000002a4 hit
SITAR-L2 read addr=0x40000b88 bm=0xff data=0x00000000000002a4 hit
SITAR-L2 read addr=0x40000b90 bm=0xff data=0x00000000000002a4 hit
SITAR-L2 write addr=0x40000b88 bm=0x0f data=0x00000000000002a4 hit
SITAR-L2 read addr=0x40000b98 bm=0xff data=0x00000000000002a4 hit
SITAR-L2 read addr=0x40000b80 bm=0xff data=0x00000000000002a4 hit
SITAR-L2 read addr=0x40000ba0 bm=0xff data=0x00000000000002a4 hit
SITAR-L2 read addr=0x40000b88 bm=0xff data=0x00000000000002a4 hit
SITAR-L2 read addr=0x40000ba8 bm=0xff data=0x00000000000002a4 hit
SITAR-L2 read addr=0x40000b90 bm=0xff data=0x00000000000002a4 hit
SITAR-L2 read addr=0x40000bb0 bm=0xff data=0x00000000000002a4 hit
SITAR-L2 read addr=0x40000b98 bm=0xff data=0x00000000000002a4 hit
SITAR-L2 read addr=0x40000bb8 bm=0xff data=0x00000000000002a4 hit
SITAR-L2 read addr=0x40000ba0 bm=0xff data=0x00000000000002a4 hit
SITAR-L2 write addr=0xffffef94 bm=0x0f data=0x00000000000002a5 hit
SITAR-L2 read addr=0x40000ba8 bm=0xff data=0x00000000000002a5 hit
SITAR-L2 read addr=0x40000bb0 bm=0xff data=0x00000000000002a5 hit
SITAR-L2 write addr=0x40000b90 bm=0xf0 data=0x000002a500000000 hit
SITAR-L2 read addr=0x40000bb8 bm=0xff data=0x000002a500000000 hit
SITAR-L2 read addr=0x40000b80 bm=0xff data=0x000002a500000000 hit
SITAR-L2 write addr=0x5051ff90 bm=0x0f data=0x00000000000002a8 hit
SITAR-L2 read addr=0x40000b88 bm=0xff data=0x00000000000002a8 hit
SITAR-L2 read addr=0x40000b90 bm=0xff data=0x00000000000002a8 hit
SITAR-L2 write addr=0x40000b98 bm=0x0f data=0x00000000000002a8 hit
SITAR-L2 read addr=0x40000b98 bm=0xff data=0x00000000000002a8 hit
SITAR-L2 read addr=0x40000b80 bm=0xff data=0x00000000000002a8 hit
SITAR-L2 read addr=0x40000ba0 bm=0xff data=0x00000000000002a8 hit
SITAR-L2 read addr=0x40000b88 bm=0xff data=0x00000000000002a8 hit
SITAR-L2 read addr=0x40000ba8 bm=0xff data=0x00000000000002a8 hit
SITAR-L2 read addr=0x40000b90 bm=0xff data=0x00000000000002a8 hit
SITAR-L2 read addr=0x40000bb0 bm=0xff data=0x00000000000002a8 hit
SITAR-L2 read addr=0x40000b98 bm=0xff data=0x00000000000002a8 hit
SITAR-L2 read addr=0x40000bb8 bm=0xff data=0x00000000000002a8 hit
SITAR-L2 read addr=0x40000ba0 bm=0xff data=0x00000000000002a8 hit
SITAR-L2 write addr=0xffffef94 bm=0x0f data=0x00000000000002a9 hit
SITAR-L2 read addr=0x40000ba8 bm=0xff data=0x00000000000002a9 hit
SITAR-L2 read addr=0x40000bb0 bm=0xff data=0x00000000000002a9 hit
SITAR-L2 write addr=0x40000ba0 bm=0xf0 data=0x000002a900000000 hit
SITAR-L2 read addr=0x40000bb8 bm=0xff data=0x000002a900000000 hit
SITAR-L2 read addr=0x40000b80 bm=0xff data=0x000002a900000000 hit
SITAR-L2 write addr=0x5051ff90 bm=0x0f data=0x00000000000002ac hit
SITAR-L2 read addr=0x40000b88 bm=0xff data=0x00000000000002ac hit
SITAR-L2 read addr=0x40000b90 bm=0xff data=0x00000000000002ac hit
SITAR-L2 write addr=0x40000ba8 bm=0x0f data=0x00000000000002ac hit
SITAR-L2 read addr=0x40000b98 bm=0xff data=0x00000000000002ac hit
SITAR-L2 read addr=0x40000b80 bm=0xff data=0x00000000000002ac hit
SITAR-L2 read addr=0x40000ba0 bm=0xff data=0x00000000000002ac hit
SITAR-L2 read addr=0x40000b88 bm=0xff data=0x00000000000002ac hit
SITAR-L2 read addr=0x40000ba8 bm=0xff data=0x00000000000002ac hit
SITAR-L2 read addr=0x40000b90 bm=0xff data=0x00000000000002ac hit
SITAR-L2 read addr=0x40000bb0 bm=0xff data=0x00000000000002ac hit
SITAR-L2 read addr=0x40000b98 bm=0xff data=0x00000000000002ac hit
SITAR-L2 read addr=0x40000bb8 bm=0xff data=0x00000000000002ac hit
SITAR-L2 read addr=0x40000ba0 bm=0xff data=0x00000000000002ac hit
SITAR-L2 write addr=0xffffef94 bm=0x0f data=0x00000000000002ad hit
SITAR-L2 read addr=0x40000ba8 bm=0xff data=0x00000000000002ad hit
SITAR-L2 read addr=0x40000bb0 bm=0xff data=0x00000000000002ad hit
SITAR-L2 write addr=0x40000bb0 bm=0xf0 data=0x000002ad00000000 hit
SITAR-L2 read addr=0x40000bb8 bm=0xff data=0x000002ad00000000 hit
SITAR-L2 read addr=0x40000b80 bm=0xff data=0x000002ad00000000 hit
SITAR-L2 write addr=0x5051ff90 bm=0x0f data=0x00000000000002b0 hit
SITAR-L2 read addr=0x40000b88 bm=0xff data=0x00000000000002b0 hit
SITAR-L2 read addr=0x40000b90 bm=0xff data=0x00000000000002b0 hit
SITAR-L2 write addr=0x40000bb8 bm=0x0f data=0x00000000000002b0 hit
SITAR-L2 read addr=0x40000b98 bm=0xff data=0x00000000000002b0 hit
SITAR-L2 read addr=0x40000b80 bm=0xff data=0x00000000000002b0 hit
SITAR-L2 read addr=0x40000ba0 bm=0xff data=0x00000000000002b0 hit
SITAR-L2 read addr=0x40000b88 bm=0xff data=0x00000000000002b0 hit
SITAR-L2 read addr=0x40000ba8 bm=0xff data=0x00000000000002b0 hit
SITAR-L2 read addr=0x40000b90 bm=0xff data=0x00000000000002b0 hit
SITAR-L2 read addr=0x40000bb0 bm=0xff data=0x00000000000002b0 hit
SITAR-L2 read addr=0x40000b98 bm=0xff data=0x00000000000002b0 hit
SITAR-L2 read addr=0x40000bb8 bm=0xff data=0x00000000000002b0 hit
SITAR-L2 read addr=0x40000ba0 bm=0xff data=0x00000000000002b0 hit
SITAR-L2 write addr=0xffffef94 bm=0x0f data=0x00000000000002b1 hit
SITAR-L2 read addr=0x40000ba8 bm=0xff data=0x00000000000002b1 hit
SITAR-L2 read addr=0x40000bb0 bm=0xff data=0x00000000000002b1 hit
SITAR-L2 write addr=0x40000bc0 bm=0xf0 data=0x000002b100000000 miss
SITAR-L2 read addr=0x40000bb8 bm=0xff data=0x000002b100000000 hit
SITAR-L2 read addr=0x40000bc0 bm=0xff data=0x000002b100000000 hit
SITAR-L2 write addr=0x5051ff90 bm=0x0f data=0x00000000000002b4 hit
SITAR-L2 read addr=0x40000bc8 bm=0xff data=0x00000000000002b4 hit
SITAR-L2 read addr=0x40000bd0 bm=0xff data=0x00000000000002b4 hit
SITAR-L2 write addr=0x40000bc8 bm=0x0f data=0x00000000000002b4 hit
SITAR-L2 read addr=0x40000bd8 bm=0xff data=0x00000000000002b4 hit
SITAR-L2 read addr=0x40000bc0 bm=0xff data=0x00000000000002b4 hit
SITAR-L2 read addr=0x40000be0 bm=0xff data=0x00000000000002b4 hit
SITAR-L2 read addr=0x40000bc8 bm=0xff data=0x00000000000002b4 hit
SITAR-L2 read addr=0x40000be8 bm=0xff data=0x00000000000002b4 hit
SITAR-L2 read addr=0x40000bd0 bm=0xff data=0x00000000000002b4 hit
SITAR-L2 read addr=0x40000bf0 bm=0xff data=0x00000000000002b4 hit
SITAR-L2 read addr=0x40000bd8 bm=0xff data=0x00000000000002b4 hit
SITAR-L2 read addr=0x40000bf8 bm=0xff data=0x00000000000002b4 hit
SITAR-L2 read addr=0x40000be0 bm=0xff data=0x00000000000002b4 hit
SITAR-L2 write addr=0xffffef94 bm=0x0f data=0x00000000000002b5 hit
SITAR-L2 read addr=0x40000be8 bm=0xff data=0x00000000000002b5 hit
SITAR-L2 read addr=0x40000bf0 bm=0xff data=0x00000000000002b5 hit
SITAR-L2 write addr=0x40000bd0 bm=0xf0 data=0x000002b500000000 hit
SITAR-L2 read addr=0x40000bf8 bm=0xff data=0x000002b500000000 hit
SITAR-L2 read addr=0x40000bc0 bm=0xff data=0x000002b500000000 hit
SITAR-L2 write addr=0x5051ff90 bm=0x0f data=0x00000000000002b8 hit
SITAR-L2 read addr=0x40000bc8 bm=0xff data=0x00000000000002b8 hit
SITAR-L2 read addr=0x40000bd0 bm=0xff data=0x00000000000002b8 hit
SITAR-L2 write addr=0x40000bd8 bm=0x0f data=0x00000000000002b8 hit
SITAR-L2 read addr=0x40000bd8 bm=0xff data=0x00000000000002b8 hit
SITAR-L2 read addr=0x40000bc0 bm=0xff data=0x00000000000002b8 hit
SITAR-L2 read addr=0x40000be0 bm=0xff data=0x00000000000002b8 hit
SITAR-L2 read addr=0x40000bc8 bm=0xff data=0x00000000000002b8 hit
SITAR-L2 read addr=0x40000be8 bm=0xff data=0x00000000000002b8 hit
SITAR-L2 read addr=0x40000bd0 bm=0xff data=0x00000000000002b8 hit
SITAR-L2 read addr=0x40000bf0 bm=0xff data=0x00000000000002b8 hit
SITAR-L2 read addr=0x40000bd8 bm=0xff data=0x00000000000002b8 hit
SITAR-L2 read addr=0x40000bf8 bm=0xff data=0x00000000000002b8 hit
SITAR-L2 read addr=0x40000be0 bm=0xff data=0x00000000000002b8 hit
SITAR-L2 write addr=0xffffef94 bm=0x0f data=0x00000000000002b9 hit
SITAR-L2 read addr=0x40000be8 bm=0xff data=0x00000000000002b9 hit
SITAR-L2 read addr=0x40000bf0 bm=0xff data=0x00000000000002b9 hit
SITAR-L2 write addr=0x40000be0 bm=0xf0 data=0x000002b900000000 hit
SITAR-L2 read addr=0x40000bf8 bm=0xff data=0x000002b900000000 hit
SITAR-L2 read addr=0x40000bc0 bm=0xff data=0x000002b900000000 hit
SITAR-L2 write addr=0x5051ff90 bm=0x0f data=0x00000000000002bc hit
SITAR-L2 read addr=0x40000bc8 bm=0xff data=0x00000000000002bc hit
SITAR-L2 read addr=0x40000bd0 bm=0xff data=0x00000000000002bc hit
SITAR-L2 write addr=0x40000be8 bm=0x0f data=0x00000000000002bc hit
SITAR-L2 read addr=0x40000bd8 bm=0xff data=0x00000000000002bc hit
SITAR-L2 read addr=0x40000bc0 bm=0xff data=0x00000000000002bc hit
SITAR-L2 read addr=0x40000be0 bm=0xff data=0x00000000000002bc hit
SITAR-L2 read addr=0x40000bc8 bm=0xff data=0x00000000000002bc hit
SITAR-L2 read addr=0x40000be8 bm=0xff data=0x00000000000002bc hit
SITAR-L2 read addr=0x40000bd0 bm=0xff data=0x00000000000002bc hit
SITAR-L2 read addr=0x40000bf0 bm=0xff data=0x00000000000002bc hit
SITAR-L2 read addr=0x40000bd8 bm=0xff data=0x00000000000002bc hit
SITAR-L2 read addr=0x40000bf8 bm=0xff data=0x00000000000002bc hit
SITAR-L2 read addr=0x40000be0 bm=0xff data=0x00000000000002bc hit
SITAR-L2 write addr=0xffffef94 bm=0x0f data=0x00000000000002bd hit
SITAR-L2 read addr=0x40000be8 bm=0xff data=0x00000000000002bd hit
SITAR-L2 read addr=0x40000bf0 bm=0xff data=0x00000000000002bd hit
SITAR-L2 write addr=0x40000bf0 bm=0xf0 data=0x000002bd00000000 hit
SITAR-L2 read addr=0x40000bf8 bm=0xff data=0x000002bd00000000 hit
SITAR-L2 read addr=0x40000bc0 bm=0xff data=0x000002bd00000000 hit
SITAR-L2 write addr=0x5051ff90 bm=0x0f data=0x00000000000002c0 hit
SITAR-L2 read addr=0x40000bc8 bm=0xff data=0x00000000000002c0 hit
SITAR-L2 read addr=0x40000bd0 bm=0xff data=0x00000000000002c0 hit
SITAR-L2 write addr=0x40000bf8 bm=0x0f data=0x00000000000002c0 hit
SITAR-L2 read addr=0x40000bd8 bm=0xff data=0x00000000000002c0 hit
SITAR-L2 read addr=0x40000bc0 bm=0xff data=0x00000000000002c0 hit
SITAR-L2 read addr=0x40000be0 bm=0xff data=0x00000000000002c0 hit
SITAR-L2 read addr=0x40000bc8 bm=0xff data=0x00000000000002c0 hit
SITAR-L2 read addr=0x40000be8 bm=0xff data=0x00000000000002c0 hit
SITAR-L2 read addr=0x40000bd0 bm=0xff data=0x00000000000002c0 hit
SITAR-L2 read addr=0x40000bf0 bm=0xff data=0x00000000000002c0 hit
SITAR-L2 read addr=0x40000bd8 bm=0xff data=0x00000000000002c0 hit
SITAR-L2 read addr=0x40000bf8 bm=0xff data=0x00000000000002c0 hit
SITAR-L2 read addr=0x40000be0 bm=0xff data=0x00000000000002c0 hit
SITAR-L2 write addr=0xffffef94 bm=0x0f data=0x00000000000002c1 hit
SITAR-L2 read addr=0x40000be8 bm=0xff data=0x00000000000002c1 hit
SITAR-L2 read addr=0x40000bf0 bm=0xff data=0x00000000000002c1 hit
SITAR-L2 write addr=0x40000c00 bm=0xf0 data=0x000002c100000000 miss
SITAR-L2 read addr=0x40000bf8 bm=0xff data=0x000002c100000000 hit
SITAR-L2 read addr=0x40000c00 bm=0xff data=0x000002c100000000 hit
SITAR-L2 write addr=0x5051ff90 bm=0x0f data=0x00000000000002c4 hit
SITAR-L2 read addr=0x40000c08 bm=0xff data=0x00000000000002c4 hit
SITAR-L2 read addr=0x40000c10 bm=0xff data=0x00000000000002c4 hit
SITAR-L2 write addr=0x40000c08 bm=0x0f data=0x00000000000002c4 hit
SITAR-L2 read addr=0x40000c18 bm=0xff data=0x00000000000002c4 hit
SITAR-L2 read addr=0x40000c00 bm=0xff data=0x00000000000002c4 hit
SITAR-L2 read addr=0x40000c20 bm=0xff data=0x00000000000002c4 hit
SITAR-L2 read addr=0x40000c08 bm=0xff data=0x00000000000002c4 hit
SITAR-L2 read addr=0x40000c28 bm=0xff data=0x00000000000002c4 hit
SITAR-L2 read addr=0x40000c10 bm=0xff data=0x00000000000002c4 hit
SITAR-L2 read addr=0x40000c30 bm=0xff data=0x00000000000002c4 hit
SITAR-L2 read addr=0x40000c18 bm=0xff data=0x00000000000002c4 hit
SITAR-L2 read addr=0x40000c38 bm=0xff data=0x00000000000002c4 hit
SITAR-L2 read addr=0x40000c20 bm=0xff data=0x00000000000002c4 hit
SITAR-L2 write addr=0xffffef94 bm=0x0f data=0x00000000000002c5 hit
SITAR-L2 read addr=0x40000c28 bm=0xff data=0x00000000000002c5 hit
SITAR-L2 read addr=0x40000c30 bm=0xff data=0x00000000000002c5 hit
SITAR-L2 write addr=0x40000c10 bm=0xf0 data=0x000002c500000000 hit
SITAR-L2 read addr=0x40000c38 bm=0xff data=0x000002c500000000 hit
SITAR-L2 read addr=0x40000c00 bm=0xff data=0x000002c500000000 hit
SITAR-L2 write addr=0x5051ff90 bm=0x0f data=0x00000000000002c8 hit
SITAR-L2 read addr=0x40000c08 bm=0xff data=0x00000000000002c8 hit
SITAR-L2 read addr=0x40000c10 bm=0xff data=0x00000000000002c8 hit
SITAR-L2 write addr=0x40000c18 bm=0x0f data=0x00000000000002c8 hit
SITAR-L2 read addr=0x40000c18 bm=0xff data=0x00000000000002c8 hit
SITAR-L2 read addr=0x40000c00 bm=0xff data=0x00000000000002c8 hit
SITAR-L2 read addr=0x40000c20 bm=0xff data=0x00000000000002c8 hit
SITAR-L2 read addr=0x40000c08 bm=0xff data=0x00000000000002c8 hit
SITAR-L2 read addr=0x40000c28 bm=0xff data=0x00000000000002c8 hit
SITAR-L2 read addr=0x40000c10 bm=0xff data=0x00000000000002c8 hit
SITAR-L2 read addr=0x40000c30 bm=0xff data=0x00000000000002c8 hit
SITAR-L2 read addr=0x40000c18 bm=0xff data=0x00000000000002c8 hit
SITAR-L2 read addr=0x40000c38 bm=0xff data=0x00000000000002c8 hit
SITAR-L2 read addr=0x40000c20 bm=0xff data=0x00000000000002c8 hit
SITAR-L2 write addr=0xffffef94 bm=0x0f data=0x00000000000002c9 hit
SITAR-L2 read addr=0x40000c28 bm=0xff data=0x00000000000002c9 hit
SITAR-L2 read addr=0x40000c30 bm=0xff data=0x00000000000002c9 hit
SITAR-L2 write addr=0x40000c20 bm=0xf0 data=0x000002c900000000 hit
SITAR-L2 read addr=0x40000c38 bm=0xff data=0x000002c900000000 hit
SITAR-L2 read addr=0x40000c00 bm=0xff data=0x000002c900000000 hit
SITAR-L2 write addr=0x5051ff90 bm=0x0f data=0x00000000000002cc hit
SITAR-L2 read addr=0x40000c08 bm=0xff data=0x00000000000002cc hit
SITAR-L2 read addr=0x40000c10 bm=0xff data=0x00000000000002cc hit
SITAR-L2 write addr=0x40000c28 bm=0x0f data=0x00000000000002cc hit
SITAR-L2 read addr=0x40000c18 bm=0xff data=0x00000000000002cc hit
SITAR-L2 read addr=0x40000c00 bm=0xff data=0x00000000000002cc hit
SITAR-L2 read addr=0x40000c20 bm=0xff data=0x00000000000002cc hit
SITAR-L2 read addr=0x40000c08 bm=0xff data=0x00000000000002cc hit
SITAR-L2 read addr=0x40000c28 bm=0xff data=0x00000000000002cc hit
SITAR-L2 read addr=0x40000c10 bm=0xff data=0x00000000000002cc hit
SITAR-L2 read addr=0x40000c30 bm=0xff data=0x00000000000002cc hit
SITAR-L2 read addr=0x40000c18 bm=0xff data=0x00000000000002cc hit
SITAR-L2 read addr=0x40000c38 bm=0xff data=0x00000000000002cc hit
SITAR-L2 read addr=0x40000c20 bm=0xff data=0x00000000000002cc hit
SITAR-L2 write addr=0xffffef94 bm=0x0f data=0x00000000000002cd hit
SITAR-L2 read addr=0x40000c28 bm=0xff data=0x00000000000002cd hit
SITAR-L2 read addr=0x40000c30 bm=0xff data=0x00000000000002cd hit
SITAR-L2 write addr=0x40000c30 bm=0xf0 data=0x000002cd00000000 hit
SITAR-L2 read addr=0x40000c38 bm=0xff data=0x000002cd00000000 hit
SITAR-L2 read addr=0x40000c00 bm=0xff data=0x000002cd00000000 hit
SITAR-L2 write addr=0x5051ff90 bm=0x0f data=0x00000000000002d0 hit
SITAR-L2 read addr=0x40000c08 bm=0xff data=0x00000000000002d0 hit
SITAR-L2 read addr=0x40000c10 bm=0xff data=0x00000000000002d0 hit
SITAR-L2 write addr=0x40000c38 bm=0x0f data=0x00000000000002d0 hit
SITAR-L2 read addr=0x40000c18 bm=0xff data=0x00000000000002d0 hit
SITAR-L2 read addr=0x40000c00 bm=0xff data=0x00000000000002d0 hit
SITAR-L2 read addr=0x40000c20 bm=0xff data=0x00000000000002d0 hit
SITAR-L2 read addr=0x40000c08 bm=0xff data=0x00000000000002d0 hit
SITAR-L2 read addr=0x40000c28 bm=0xff data=0x00000000000002d0 hit
SITAR-L2 read addr=0x40000c10 bm=0xff data=0x00000000000002d0 hit
SITAR-L2 read addr=0x40000c30 bm=0xff data=0x00000000000002d0 hit
SITAR-L2 read addr=0x40000c18 bm=0xff data=0x00000000000002d0 hit
SITAR-L2 read addr=0x40000c38 bm=0xff data=0x00000000000002d0 hit
SITAR-L2 read addr=0x40000c20 bm=0xff data=0x00000000000002d0 hit
SITAR-L2 write addr=0xffffef94 bm=0x0f data=0x00000000000002d1 hit
SITAR-L2 read addr=0x40000c28 bm=0xff data=0x00000000000002d1 hit
SITAR-L2 read addr=0x40000c30 bm=0xff data=0x00000000000002d1 hit
SITAR-L2 write addr=0x40000c40 bm=0xf0 data=0x000002d100000000 miss
SITAR-L2 read addr=0x40000c38 bm=0xff data=0x000002d100000000 hit
SITAR-L2 read addr=0x40000c40 bm=0xff data=0x000002d100000000 hit
SITAR-L2 write addr=0x5051ff90 bm=0x0f data=0x00000000000002d4 hit
SITAR-L2 read addr=0x40000c48 bm=0xff data=0x00000000000002d4 hit
SITAR-L2 read addr=0x40000c50 bm=0xff data=0x00000000000002d4 hit
SITAR-L2 write addr=0x40000c48 bm=0x0f data=0x00000000000002d4 hit
SITAR-L2 read addr=0x40000c58 bm=0xff data=0x00000000000002d4 hit
SITAR-L2 read addr=0x40000c40 bm=0xff data=0x00000000000002d4 hit
SITAR-L2 read addr=0x40000c60 bm=0xff data=0x00000000000002d4 hit
SITAR-L2 read addr=0x40000c48 bm=0xff data=0x00000000000002d4 hit
SITAR-L2 read addr=0x40000c68 bm=0xff data=0x00000000000002d4 hit
SITAR-L2 read addr=0x40000c50 bm=0xff data=0x00000000000002d4 hit
SITAR-L2 read addr=0x40000c70 bm=0xff data=0x00000000000002d4 hit
SITAR-L2 read addr=0x40000c58 bm=0xff data=0x00000000000002d4 hit
SITAR-L2 read addr=0x40000c78 bm=0xff data=0x00000000000002d4 hit
SITAR-L2 read addr=0x40000c60 bm=0xff data=0x00000000000002d4 hit
SITAR-L2 write addr=0xffffef94 bm=0x0f data=0x00000000000002d5 hit
SITAR-L2 read addr=0x40000c68 bm=0xff data=0x00000000000002d5 hit
SITAR-L2 read addr=0x40000c70 bm=0xff data=0x00000000000002d5 hit
SITAR-L2 write addr=0x40000c50 bm=0xf0 data=0x000002d500000000 hit
SITAR-L2 read addr=0x40000c78 bm=0xff data=0x000002d500000000 hit
SITAR-L2 read addr=0x40000c40 bm=0xff data=0x000002d500000000 hit
SITAR-L2 write addr=0x5051ff90 bm=0x0f data=0x00000000000002d8 hit
SITAR-L2 read addr=0x40000c48 bm=0xff data=0x00000000000002d8 hit
SITAR-L2 read addr=0x40000c50 bm=0xff data=0x00000000000002d8 hit
SITAR-L2 write addr=0x40000c58 bm=0x0f data=0x00000000000002d8 hit
SITAR-L2 read addr=0x40000c58 bm=0xff data=0x00000000000002d8 hit
SITAR-L2 read addr=0x40000c40 bm=0xff data=0x00000000000002d8 hit
SITAR-L2 read addr=0x40000c60 bm=0xff data=0x00000000000002d8 hit
SITAR-L2 read addr=0x40000c48 bm=0xff data=0x00000000000002d8 hit
SITAR-L2 read addr=0x40000c68 bm=0xff data=0x00000000000002d8 hit
SITAR-L2 read addr=0x40000c50 bm=0xff data=0x00000000000002d8 hit
SITAR-L2 read addr=0x40000c70 bm=0xff data=0x00000000000002d8 hit
SITAR-L2 read addr=0x40000c58 bm=0xff data=0x00000000000002d8 hit
SITAR-L2 read addr=0x40000c78 bm=0xff data=0x00000000000002d8 hit
SITAR-L2 read addr=0x40000c60 bm=0xff data=0x00000000000002d8 hit
SITAR-L2 write addr=0xffffef94 bm=0x0f data=0x00000000000002d9 hit
SITAR-L2 read addr=0x40000c68 bm=0xff data=0x00000000000002d9 hit
SITAR-L2 read addr=0x40000c70 bm=0xff data=0x00000000000002d9 hit
SITAR-L2 write addr=0x40000c60 bm=0xf0 data=0x000002d900000000 hit
SITAR-L2 read addr=0x40000c78 bm=0xff data=0x000002d900000000 hit
SITAR-L2 read addr=0x40000c40 bm=0xff data=0x000002d900000000 hit
SITAR-L2 write addr=0x5051ff90 bm=0x0f data=0x00000000000002dc hit
SITAR-L2 read addr=0x40000c48 bm=0xff data=0x00000000000002dc hit
SITAR-L2 read addr=0x40000c50 bm=0xff data=0x00000000000002dc hit
SITAR-L2 write addr=0x40000c68 bm=0x0f data=0x00000000000002dc hit
SITAR-L2 read addr=0x40000c58 bm=0xff data=0x00000000000002dc hit
SITAR-L2 read addr=0x40000c40 bm=0xff data=0x00000000000002dc hit
SITAR-L2 read addr=0x40000c60 bm=0xff data=0x00000000000002dc hit
SITAR-L2 read addr=0x40000c48 bm=0xff data=0x00000000000002dc hit
SITAR-L2 read addr=0x40000c68 bm=0xff data=0x00000000000002dc hit
SITAR-L2 read addr=0x40000c50 bm=0xff data=0x00000000000002dc hit
SITAR-L2 read addr=0x40000c70 bm=0xff data=0x00000000000002dc hit
SITAR-L2 read addr=0x40000c58 bm=0xff data=0x00000000000002dc hit
SITAR-L2 read addr=0x40000c78 bm=0xff data=0x00000000000002dc hit
SITAR-L2 read addr=0x40000c60 bm=0xff data=0x00000000000002dc hit
SITAR-L2 write addr=0xffffef94 bm=0x0f data=0x00000000000002dd hit
SITAR-L2 read addr=0x40000c68 bm=0xff data=0x00000000000002dd hit
SITAR-L2 read addr=0x40000c70 bm=0xff data=0x00000000000002dd hit
SITAR-L2 write addr=0x40000c70 bm=0xf0 data=0x000002dd00000000 hit
SITAR-L2 read addr=0x40000c78 bm=0xff data=0x000002dd00000000 hit
SITAR-L2 read addr=0x40000c40 bm=0xff data=0x000002dd00000000 hit
SITAR-L2 write addr=0x5051ff90 bm=0x0f data=0x00000000000002e0 hit
SITAR-L2 read addr=0x40000c48 bm=0xff data=0x00000000000002e0 hit
SITAR-L2 read addr=0x40000c50 bm=0xff data=0x00000000000002e0 hit
SITAR-L2 write addr=0x40000c78 bm=0x0f data=0x00000000000002e0 hit
SITAR-L2 read addr=0x40000c58 bm=0xff data=0x00000000000002e0 hit
SITAR-L2 read addr=0x40000c40 bm=0xff data=0x00000000000002e0 hit
SITAR-L2 read addr=0x40000c60 bm=0xff data=0x00000000000002e0 hit
SITAR-L2 read addr=0x40000c48 bm=0xff data=0x00000000000002e0 hit
SITAR-L2 read addr=0x40000c68 bm=0xff data=0x00000000000002e0 hit
SITAR-L2 read addr=0x40000c50 bm=0xff data=0x00000000000002e0 hit
SITAR-L2 read addr=0x40000c70 bm=0xff data=0x00000000000002e0 hit
SITAR-L2 read addr=0x40000c58 bm=0xff data=0x00000000000002e0 hit
SITAR-L2 read addr=0x40000c78 bm=0xff data=0x00000000000002e0 hit
SITAR-L2 read addr=0x40000c60 bm=0xff data=0x00000000000002e0 hit
SITAR-L2 write addr=0xffffef94 bm=0x0f data=0x00000000000002e1 hit
SITAR-L2 read addr=0x40000c68 bm=0xff data=0x00000000000002e1 hit
SITAR-L2 read addr=0x40000c70 bm=0xff data=0x00000000000002e1 hit
SITAR-L2 write addr=0x40000c80 bm=0xf0 data=0x000002e100000000 miss
SITAR-L2 read addr=0x40000c78 bm=0xff data=0x000002e100000000 hit
SITAR-L2 read addr=0x40000c80 bm=0xff data=0x000002e100000000 hit
SITAR-L2 write addr=0x5051ff90 bm=0x0f data=0x00000000000002e4 hit
SITAR-L2 read addr=0x40000c88 bm=0xff data=0x00000000000002e4 hit
SITAR-L2 read addr=0x40000c90 bm=0xff data=0x00000000000002e4 hit
SITAR-L2 write addr=0x40000c88 bm=0x0f data=0x00000000000002e4 hit
SITAR-L2 read addr=0x40000c98 bm=0xff data=0x00000000000002e4 hit
SITAR-L2 read addr=0x40000c80 bm=0xff data=0x00000000000002e4 hit
SITAR-L2 read addr=0x40000ca0 bm=0xff data=0x00000000000002e4 hit
SITAR-L2 read addr=0x40000c88 bm=0xff data=0x00000000000002e4 hit
SITAR-L2 read addr=0x40000ca8 bm=0xff data=0x00000000000002e4 hit
SITAR-L2 read addr=0x40000c90 bm=0xff data=0x00000000000002e4 hit
SITAR-L2 read addr=0x40000cb0 bm=0xff data=0x00000000000002e4 hit
SITAR-L2 read addr=0x40000c98 bm=0xff data=0x00000000000002e4 hit
SITAR-L2 read addr=0x40000cb8 bm=0xff data=0x00000000000002e4 hit
SITAR-L2 read addr=0x40000ca0 bm=0xff data=0x00000000000002e4 hit
SITAR-L2 write addr=0xffffef94 bm=0x0f data=0x00000000000002e5 hit
SITAR-L2 read addr=0x40000ca8 bm=0xff data=0x00000000000002e5 hit
SITAR-L2 read addr=0x40000cb0 bm=0xff data=0x00000000000002e5 hit
SITAR-L2 write addr=0x40000c90 bm=0xf0 data=0x000002e500000000 hit
SITAR-L2 read addr=0x40000cb8 bm=0xff data=0x000002e500000000 hit
SITAR-L2 read addr=0x40000c80 bm=0xff data=0x000002e500000000 hit
SITAR-L2 write addr=0x5051ff90 bm=0x0f data=0x00000000000002e8 hit
SITAR-L2 read addr=0x40000c88 bm=0xff data=0x00000000000002e8 hit
SITAR-L2 read addr=0x40000c90 bm=0xff data=0x00000000000002e8 hit
SITAR-L2 write addr=0x40000c98 bm=0x0f data=0x00000000000002e8 hit
SITAR-L2 read addr=0x40000c98 bm=0xff data=0x00000000000002e8 hit
SITAR-L2 read addr=0x40000c80 bm=0xff data=0x00000000000002e8 hit
SITAR-L2 read addr=0x40000ca0 bm=0xff data=0x00000000000002e8 hit
SITAR-L2 read addr=0x40000c88 bm=0xff data=0x00000000000002e8 hit
SITAR-L2 read addr=0x40000ca8 bm=0xff data=0x00000000000002e8 hit
SITAR-L2 read addr=0x40000c90 bm=0xff data=0x00000000000002e8 hit
SITAR-L2 read addr=0x40000cb0 bm=0xff data=0x00000000000002e8 hit
SITAR-L2 read addr=0x40000c98 bm=0xff data=0x00000000000002e8 hit
SITAR-L2 read addr=0x40000cb8 bm=0xff data=0x00000000000002e8 hit
SITAR-L2 read addr=0x40000ca0 bm=0xff data=0x00000000000002e8 hit
SITAR-L2 write addr=0xffffef94 bm=0x0f data=0x00000000000002e9 hit
SITAR-L2 read addr=0x40000ca8 bm=0xff data=0x00000000000002e9 hit
SITAR-L2 read addr=0x40000cb0 bm=0xff data=0x00000000000002e9 hit
SITAR-L2 write addr=0x40000ca0 bm=0xf0 data=0x000002e900000000 hit
SITAR-L2 read addr=0x40000cb8 bm=0xff data=0x000002e900000000 hit
SITAR-L2 read addr=0x40000c80 bm=0xff data=0x000002e900000000 hit
SITAR-L2 write addr=0x5051ff90 bm=0x0f data=0x00000000000002ec hit
SITAR-L2 read addr=0x40000c88 bm=0xff data=0x00000000000002ec hit
SITAR-L2 read addr=0x40000c90 bm=0xff data=0x00000000000002ec hit
SITAR-L2 write addr=0x40000ca8 bm=0x0f data=0x00000000000002ec hit
SITAR-L2 read addr=0x40000c98 bm=0xff data=0x00000000000002ec hit
SITAR-L2 read addr=0x40000c80 bm=0xff data=0x00000000000002ec hit
SITAR-L2 read addr=0x40000ca0 bm=0xff data=0x00000000000002ec hit
SITAR-L2 read addr=0x40000c88 bm=0xff data=0x00000000000002ec hit
SITAR-L2 read addr=0x40000ca8 bm=0xff data=0x00000000000002ec hit
SITAR-L2 read addr=0x40000c90 bm=0xff data=0x00000000000002ec hit
SITAR-L2 read addr=0x40000cb0 bm=0xff data=0x00000000000002ec hit
SITAR-L2 read addr=0x40000c98 bm=0xff data=0x00000000000002ec hit
SITAR-L2 read addr=0x40000cb8 bm=0xff data=0x00000000000002ec hit
SITAR-L2 read addr=0x40000ca0 bm=0xff data=0x00000000000002ec hit
SITAR-L2 write addr=0xffffef94 bm=0x0f data=0x00000000000002ed hit
SITAR-L2 read addr=0x40000ca8 bm=0xff data=0x00000000000002ed hit
SITAR-L2 read addr=0x40000cb0 bm=0xff data=0x00000000000002ed hit
SITAR-L2 write addr=0x40000cb0 bm=0xf0 data=0x000002ed00000000 hit
SITAR-L2 read addr=0x40000cb8 bm=0xff data=0x000002ed00000000 hit
SITAR-L2 read addr=0x40000c80 bm=0xff data=0x000002ed00000000 hit
SITAR-L2 write addr=0x5051ff90 bm=0x0f data=0x00000000000002f0 hit
SITAR-L2 read addr=0x40000c88 bm=0xff data=0x00000000000002f0 hit
SITAR-L2 read addr=0x40000c90 bm=0xff data=0x00000000000002f0 hit
SITAR-L2 write addr=0x40000cb8 bm=0x0f data=0x00000000000002f0 hit
SITAR-L2 read addr=0x40000c98 bm=0xff data=0x00000000000002f0 hit
SITAR-L2 read addr=0x40000c80 bm=0xff data=0x00000000000002f0 hit
SITAR-L2 read addr=0x40000ca0 bm=0xff data=0x00000000000002f0 hit
SITAR-L2 read addr=0x40000c88 bm=0xff data=0x00000000000002f0 hit
SITAR-L2 read addr=0x40000ca8 bm=0xff data=0x00000000000002f0 hit
SITAR-L2 read addr=0x40000c90 bm=0xff data=0x00000000000002f0 hit
SITAR-L2 read addr=0x40000cb0 bm=0xff data=0x00000000000002f0 hit
SITAR-L2 read addr=0x40000c98 bm=0xff data=0x00000000000002f0 hit
SITAR-L2 read addr=0x40000cb8 bm=0xff data=0x00000000000002f0 hit
SITAR-L2 read addr=0x40000ca0 bm=0xff data=0x00000000000002f0 hit
SITAR-L2 write addr=0xffffef94 bm=0x0f data=0x00000000000002f1 hit
SITAR-L2 read addr=0x40000ca8 bm=0xff data=0x00000000000002f1 hit
SITAR-L2 read addr=0x40000cb0 bm=0xff data=0x00000000000002f1 hit
SITAR-L2 write addr=0x40000cc0 bm=0xf0 data=0x000002f100000000 miss
SITAR-L2 read addr=0x40000cb8 bm=0xff data=0x000002f100000000 hit
SITAR-L2 read addr=0x40000cc0 bm=0xff data=0x000002f100000000 hit
SITAR-L2 write addr=0x5051ff90 bm=0x0f data=0x00000000000002f4 hit
SITAR-L2 read addr=0x40000cc8 bm=0xff data=0x00000000000002f4 hit
SITAR-L2 read addr=0x40000cd0 bm=0xff data=0x00000000000002f4 hit
SITAR-L2 write addr=0x40000cc8 bm=0x0f data=0x00000000000002f4 hit
SITAR-L2 read addr=0x40000cd8 bm=0xff data=0x00000000000002f4 hit
SITAR-L2 read addr=0x40000cc0 bm=0xff data=0x00000000000002f4 hit
SITAR-L2 read addr=0x40000ce0 bm=0xff data=0x00000000000002f4 hit
SITAR-L2 read addr=0x40000cc8 bm=0xff data=0x00000000000002f4 hit
SITAR-L2 read addr=0x40000ce8 bm=0xff data=0x00000000000002f4 hit
SITAR-L2 read addr=0x40000cd0 bm=0xff data=0x00000000000002f4 hit
SITAR-L2 read addr=0x40000cf0 bm=0xff data=0x00000000000002f4 hit
SITAR-L2 read addr=0x40000cd8 bm=0xff data=0x00000000000002f4 hit
SITAR-L2 read addr=0x40000cf8 bm=0xff data=0x00000000000002f4 hit
SITAR-L2 read addr=0x40000ce0 bm=0xff data=0x00000000000002f4 hit
SITAR-L2 write addr=0xffffef94 bm=0x0f data=0x00000000000002f5 hit
SITAR-L2 read addr=0x40000ce8 bm=0xff data=0x00000000000002f5 hit
SITAR-L2 read addr=0x40000cf0 bm=0xff data=0x00000000000002f5 hit
SITAR-L2 write addr=0x40000cd0 bm=0xf0 data=0x000002f500000000 hit
SITAR-L2 read addr=0x40000cf8 bm=0xff data=0x000002f500000000 hit
SITAR-L2 read addr=0x40000cc0 bm=0xff data=0x000002f500000000 hit
SITAR-L2 write addr=0x5051ff90 bm=0x0f data=0x00000000000002f8 hit
SITAR-L2 read addr=0x40000cc8 bm=0xff data=0x00000000000002f8 hit
SITAR-L2 read addr=0x40000cd0 bm=0xff data=0x00000000000002f8 hit
SITAR-L2 write addr=0x40000cd8 bm=0x0f data=0x00000000000002f8 hit
SITAR-L2 read addr=0x40000cd8 bm=0xff data=0x00000000000002f8 hit
SITAR-L2 read addr=0x40000cc0 bm=0xff data=0x00000000000002f8 hit
SITAR-L2 read addr=0x40000ce0 bm=0xff data=0x00000000000002f8 hit
SITAR-L2 read addr=0x40000cc8 bm=0xff data=0x00000000000002f8 hit
SITAR-L2 read addr=0x40000ce8 bm=0xff data=0x00000000000002f8 hit
SITAR-L2 read addr=0x40000cd0 bm=0xff data=0x00000000000002f8 hit
SITAR-L2 read addr=0x40000cf0 bm=0xff data=0x00000000000002f8 hit
SITAR-L2 read addr=0x40000cd8 bm=0xff data=0x00000000000002f8 hit
SITAR-L2 read addr=0x40000cf8 bm=0xff data=0x00000000000002f8 hit
SITAR-L2 read addr=0x40000ce0 bm=0xff data=0x00000000000002f8 hit
SITAR-L2 write addr=0xffffef94 bm=0x0f data=0x00000000000002f9 hit
SITAR-L2 read addr=0x40000ce8 bm=0xff data=0x00000000000002f9 hit
SITAR-L2 read addr=0x40000cf0 bm=0xff data=0x00000000000002f9 hit
SITAR-L2 write addr=0x40000ce0 bm=0xf0 data=0x000002f900000000 hit
SITAR-L2 read addr=0x40000cf8 bm=0xff data=0x000002f900000000 hit
SITAR-L2 read addr=0x40000cc0 bm=0xff data=0x000002f900000000 hit
SITAR-L2 write addr=0x5051ff90 bm=0x0f data=0x00000000000002fc hit
SITAR-L2 read addr=0x40000cc8 bm=0xff data=0x00000000000002fc hit
SITAR-L2 read addr=0x40000cd0 bm=0xff data=0x00000000000002fc hit
SITAR-L2 write addr=0x40000ce8 bm=0x0f data=0x00000000000002fc hit
SITAR-L2 read addr=0x40000cd8 bm=0xff data=0x00000000000002fc hit
SITAR-L2 read addr=0x40000cc0 bm=0xff data=0x00000000000002fc hit
SITAR-L2 read addr=0x40000ce0 bm=0xff data=0x00000000000002fc hit
SITAR-L2 read addr=0x40000cc8 bm=0xff data=0x00000000000002fc hit
SITAR-L2 read addr=0x40000ce8 bm=0xff data=0x00000000000002fc hit
SITAR-L2 read addr=0x40000cd0 bm=0xff data=0x00000000000002fc hit
SITAR-L2 read addr=0x40000cf0 bm=0xff data=0x00000000000002fc hit
SITAR-L2 read addr=0x40000cd8 bm=0xff data=0x00000000000002fc hit
SITAR-L2 read addr=0x40000cf8 bm=0xff data=0x00000000000002fc hit
SITAR-L2 read addr=0x40000ce0 bm=0xff data=0x00000000000002fc hit
SITAR-L2 write addr=0xffffef94 bm=0x0f data=0x00000000000002fd hit
SITAR-L2 read addr=0x40000ce8 bm=0xff data=0x00000000000002fd hit
SITAR-L2 read addr=0x40000cf0 bm=0xff data=0x00000000000002fd hit
SITAR-L2 write addr=0x40000cf0 bm=0xf0 data=0x000002fd00000000 hit
SITAR-L2 read addr=0x40000cf8 bm=0xff data=0x000002fd00000000 hit
SITAR-L2 read addr=0x40000cc0 bm=0xff data=0x000002fd00000000 hit
SITAR-L2 write addr=0x5051ff90 bm=0x0f data=0x0000000000000300 hit
SITAR-L2 read addr=0x40000cc8 bm=0xff data=0x0000000000000300 hit
SITAR-L2 read addr=0x40000cd0 bm=0xff data=0x0000000000000300 hit
SITAR-L2 write addr=0x40000cf8 bm=0x0f data=0x0000000000000300 hit
SITAR-L2 read addr=0x40000cd8 bm=0xff data=0x0000000000000300 hit
SITAR-L2 read addr=0x40000cc0 bm=0xff data=0x0000000000000300 hit
SITAR-L2 read addr=0x40000ce0 bm=0xff data=0x0000000000000300 hit
SITAR-L2 read addr=0x40000cc8 bm=0xff data=0x0000000000000300 hit
SITAR-L2 read addr=0x40000ce8 bm=0xff data=0x0000000000000300 hit
SITAR-L2 read addr=0x40000cd0 bm=0xff data=0x0000000000000300 hit
SITAR-L2 read addr=0x40000cf0 bm=0xff data=0x0000000000000300 hit
SITAR-L2 read addr=0x40000cd8 bm=0xff data=0x0000000000000300 hit
SITAR-L2 read addr=0x40000cf8 bm=0xff data=0x0000000000000300 hit
SITAR-L2 read addr=0x40000ce0 bm=0xff data=0x0000000000000300 hit
SITAR-L2 write addr=0xffffef94 bm=0x0f data=0x0000000000000301 hit
SITAR-L2 read addr=0x40000ce8 bm=0xff data=0x0000000000000301 hit
SITAR-L2 read addr=0x40000cf0 bm=0xff data=0x0000000000000301 hit
SITAR-L2 write addr=0x40000d00 bm=0xf0 data=0x0000030100000000 miss
SITAR-L2 read addr=0x40000cf8 bm=0xff data=0x0000030100000000 hit
SITAR-L2 read addr=0x40000d00 bm=0xff data=0x0000030100000000 hit
SITAR-L2 write addr=0x5051ff90 bm=0x0f data=0x0000000000000304 hit
SITAR-L2 read addr=0x40000d08 bm=0xff data=0x0000000000000304 hit
SITAR-L2 read addr=0x40000d10 bm=0xff data=0x0000000000000304 hit
SITAR-L2 write addr=0x40000d08 bm=0x0f data=0x0000000000000304 hit
SITAR-L2 read addr=0x40000d18 bm=0xff data=0x0000000000000304 hit
SITAR-L2 read addr=0x40000d00 bm=0xff data=0x0000000000000304 hit
SITAR-L2 read addr=0x40000d20 bm=0xff data=0x0000000000000304 hit
SITAR-L2 read addr=0x40000d08 bm=0xff data=0x0000000000000304 hit
SITAR-L2 read addr=0x40000d28 bm=0xff data=0x0000000000000304 hit
SITAR-L2 read addr=0x40000d10 bm=0xff data=0x0000000000000304 hit
SITAR-L2 read addr=0x40000d30 bm=0xff data=0x0000000000000304 hit
SITAR-L2 read addr=0x40000d18 bm=0xff data=0x0000000000000304 hit
SITAR-L2 read addr=0x40000d38 bm=0xff data=0x0000000000000304 hit
SITAR-L2 read addr=0x40000d20 bm=0xff data=0x0000000000000304 hit
SITAR-L2 write addr=0xffffef94 bm=0x0f data=0x0000000000000305 hit
SITAR-L2 read addr=0x40000d28 bm=0xff data=0x0000000000000305 hit
SITAR-L2 read addr=0x40000d30 bm=0xff data=0x0000000000000305 hit
SITAR-L2 write addr=0x40000d10 bm=0xf0 data=0x0000030500000000 hit
SITAR-L2 read addr=0x40000d38 bm=0xff data=0x0000030500000000 hit
SITAR-L2 read addr=0x40000d00 bm=0xff data=0x0000030500000000 hit
SITAR-L2 write addr=0x5051ff90 bm=0x0f data=0x0000000000000308 hit
SITAR-L2 read addr=0x40000d08 bm=0xff data=0x0000000000000308 hit
SITAR-L2 read addr=0x40000d10 bm=0xff data=0x0000000000000308 hit
SITAR-L2 write addr=0x40000d18 bm=0x0f data=0x0000000000000308 hit
SITAR-L2 read addr=0x40000d18 bm=0xff data=0x0000000000000308 hit
SITAR-L2 read addr=0x40000d00 bm=0xff data=0x0000000000000308 hit
SITAR-L2 read addr=0x40000d20 bm=0xff data=0x0000000000000308 hit
SITAR-L2 read addr=0x40000d08 bm=0xff data=0x0000000000000308 hit
SITAR-L2 read addr=0x40000d28 bm=0xff data=0x0000000000000308 hit
SITAR-L2 read addr=0x40000d10 bm=0xff data=0x0000000000000308 hit
SITAR-L2 read addr=0x40000d30 bm=0xff data=0x0000000000000308 hit
SITAR-L2 read addr=0x40000d18 bm=0xff data=0x0000000000000308 hit
SITAR-L2 read addr=0x40000d38 bm=0xff data=0x0000000000000308 hit
SITAR-L2 read addr=0x40000d20 bm=0xff data=0x0000000000000308 hit
SITAR-L2 write addr=0xffffef94 bm=0x0f data=0x0000000000000309 hit
SITAR-L2 read addr=0x40000d28 bm=0xff data=0x0000000000000309 hit
SITAR-L2 read addr=0x40000d30 bm=0xff data=0x0000000000000309 hit
SITAR-L2 write addr=0x40000d20 bm=0xf0 data=0x0000030900000000 hit
SITAR-L2 read addr=0x40000d38 bm=0xff data=0x0000030900000000 hit
SITAR-L2 read addr=0x40000d00 bm=0xff data=0x0000030900000000 hit
SITAR-L2 write addr=0x5051ff90 bm=0x0f data=0x000000000000030c hit
SITAR-L2 read addr=0x40000d08 bm=0xff data=0x000000000000030c hit
SITAR-L2 read addr=0x40000d10 bm=0xff data=0x000000000000030c hit
SITAR-L2 write addr=0x40000d28 bm=0x0f data=0x000000000000030c hit
SITAR-L2 read addr=0x40000d18 bm=0xff data=0x000000000000030c hit
SITAR-L2 read addr=0x40000d00 bm=0xff data=0x000000000000030c hit
SITAR-L2 read addr=0x40000d20 bm=0xff data=0x000000000000030c hit
SITAR-L2 read addr=0x40000d08 bm=0xff data=0x000000000000030c hit
SITAR-L2 read addr=0x40000d28 bm=0xff data=0x000000000000030c hit
SITAR-L2 read addr=0x40000d10 bm=0xff data=0x000000000000030c hit
SITAR-L2 read addr=0x40000d30 bm=0xff data=0x000000000000030c hit
SITAR-L2 read addr=0x40000d18 bm=0xff data=0x000000000000030c hit
SITAR-L2 read addr=0x40000d38 bm=0xff data=0x000000000000030c hit
SITAR-L2 read addr=0x40000d20 bm=0xff data=0x000000000000030c hit
SITAR-L2 write addr=0xffffef94 bm=0x0f data=0x000000000000030d hit
SITAR-L2 read addr=0x40000d28 bm=0xff data=0x000000000000030d hit
SITAR-L2 read addr=0x40000d30 bm=0xff data=0x000000000000030d hit
SITAR-L2 write addr=0x40000d30 bm=0xf0 data=0x0000030d00000000 hit
SITAR-L2 read addr=0x40000d38 bm=0xff data=0x0000030d00000000 hit
SITAR-L2 read addr=0x40000d00 bm=0xff data=0x0000030d00000000 hit
SITAR-L2 write addr=0x5051ff90 bm=0x0f data=0x0000000000000310 hit
SITAR-L2 read addr=0x40000d08 bm=0xff data=0x0000000000000310 hit
SITAR-L2 read addr=0x40000d10 bm=0xff data=0x0000000000000310 hit
SITAR-L2 write addr=0x40000d38 bm=0x0f data=0x0000000000000310 hit
SITAR-L2 read addr=0x40000d18 bm=0xff data=0x0000000000000310 hit
SITAR-L2 read addr=0x40000d00 bm=0xff data=0x0000000000000310 hit
SITAR-L2 read addr=0x40000d20 bm=0xff data=0x0000000000000310 hit
SITAR-L2 read addr=0x40000d08 bm=0xff data=0x0000000000000310 hit
SITAR-L2 read addr=0x40000d28 bm=0xff data=0x0000000000000310 hit
SITAR-L2 read addr=0x40000d10 bm=0xff data=0x0000000000000310 hit
SITAR-L2 read addr=0x40000d30 bm=0xff data=0x0000000000000310 hit
SITAR-L2 read addr=0x40000d18 bm=0xff data=0x0000000000000310 hit
SITAR-L2 read addr=0x40000d38 bm=0xff data=0x0000000000000310 hit
SITAR-L2 read addr=0x40000d20 bm=0xff data=0x0000000000000310 hit
SITAR-L2 write addr=0xffffef94 bm=0x0f data=0x0000000000000311 hit
SITAR-L2 read addr=0x40000d28 bm=0xff data=0x0000000000000311 hit
SITAR-L2 read addr=0x40000d30 bm=0xff data=0x0000000000000311 hit
SITAR-L2 write addr=0x40000d40 bm=0xf0 data=0x0000031100000000 miss
SITAR-L2 read addr=0x40000d38 bm=0xff data=0x0000031100000000 hit
SITAR-L2 read addr=0x40000d40 bm=0xff data=0x0000031100000000 hit
SITAR-L2 write addr=0x5051ff90 bm=0x0f data=0x0000000000000314 hit
SITAR-L2 read addr=0x40000d48 bm=0xff data=0x0000000000000314 hit
SITAR-L2 read addr=0x40000d50 bm=0xff data=0x0000000000000314 hit
SITAR-L2 write addr=0x40000d48 bm=0x0f data=0x0000000000000314 hit
SITAR-L2 read addr=0x40000d58 bm=0xff data=0x0000000000000314 hit
SITAR-L2 read addr=0x40000d40 bm=0xff data=0x0000000000000314 hit
SITAR-L2 read addr=0x40000d60 bm=0xff data=0x0000000000000314 hit
SITAR-L2 read addr=0x40000d48 bm=0xff data=0x0000000000000314 hit
SITAR-L2 read addr=0x40000d68 bm=0xff data=0x0000000000000314 hit
SITAR-L2 read addr=0x40000d50 bm=0xff data=0x0000000000000314 hit
SITAR-L2 read addr=0x40000d70 bm=0xff data=0x0000000000000314 hit
SITAR-L2 read addr=0x40000d58 bm=0xff data=0x0000000000000314 hit
SITAR-L2 read addr=0x40000d78 bm=0xff data=0x0000000000000314 hit
SITAR-L2 read addr=0x40000d60 bm=0xff data=0x0000000000000314 hit
SITAR-L2 write addr=0xffffef94 bm=0x0f data=0x0000000000000315 hit
SITAR-L2 read addr=0x40000d68 bm=0xff data=0x0000000000000315 hit
SITAR-L2 read addr=0x40000d70 bm=0xff data=0x0000000000000315 hit
SITAR-L2 write addr=0x40000d50 bm=0xf0 data=0x0000031500000000 hit
SITAR-L2 read addr=0x40000d78 bm=0xff data=0x0000031500000000 hit
SITAR-L2 read addr=0x40000d40 bm=0xff data=0x0000031500000000 hit
SITAR-L2 write addr=0x5051ff90 bm=0x0f data=0x0000000000000318 hit
SITAR-L2 read addr=0x40000d48 bm=0xff data=0x0000000000000318 hit
SITAR-L2 read addr=0x40000d50 bm=0xff data=0x0000000000000318 hit
SITAR-L2 write addr=0x40000d58 bm=0x0f data=0x0000000000000318 hit
SITAR-L2 read addr=0x40000d58 bm=0xff data=0x0000000000000318 hit
SITAR-L2 read addr=0x40000d40 bm=0xff data=0x0000000000000318 hit
SITAR-L2 read addr=0x40000d60 bm=0xff data=0x0000000000000318 hit
SITAR-L2 read addr=0x40000d48 bm=0xff data=0x0000000000000318 hit
SITAR-L2 read addr=0x40000d68 bm=0xff data=0x0000000000000318 hit
SITAR-L2 read addr=0x40000d50 bm=0xff data=0x0000000000000318 hit
SITAR-L2 read addr=0x40000d70 bm=0xff data=0x0000000000000318 hit
SITAR-L2 read addr=0x40000d58 bm=0xff data=0x0000000000000318 hit
SITAR-L2 read addr=0x40000d78 bm=0xff data=0x0000000000000318 hit
SITAR-L2 read addr=0x40000d60 bm=0xff data=0x0000000000000318 hit
SITAR-L2 write addr=0xffffef94 bm=0x0f data=0x0000000000000319 hit
SITAR-L2 read addr=0x40000d68 bm=0xff data=0x0000000000000319 hit
SITAR-L2 read addr=0x40000d70 bm=0xff data=0x0000000000000319 hit
SITAR-L2 write addr=0x40000d60 bm=0xf0 data=0x0000031900000000 hit
SITAR-L2 read addr=0x40000d78 bm=0xff data=0x0000031900000000 hit
SITAR-L2 read addr=0x40000d40 bm=0xff data=0x0000031900000000 hit
SITAR-L2 write addr=0x5051ff90 bm=0x0f data=0x000000000000031c hit
SITAR-L2 read addr=0x40000d48 bm=0xff data=0x000000000000031c hit
SITAR-L2 read addr=0x40000d50 bm=0xff data=0x000000000000031c hit
SITAR-L2 write addr=0x40000d68 bm=0x0f data=0x000000000000031c hit
SITAR-L2 read addr=0x40000d58 bm=0xff data=0x000000000000031c hit
SITAR-L2 read addr=0x40000d40 bm=0xff data=0x000000000000031c hit
SITAR-L2 read addr=0x40000d60 bm=0xff data=0x000000000000031c hit
SITAR-L2 read addr=0x40000d48 bm=0xff data=0x000000000000031c hit
SITAR-L2 read addr=0x40000d68 bm=0xff data=0x000000000000031c hit
SITAR-L2 read addr=0x40000d50 bm=0xff data=0x000000000000031c hit
SITAR-L2 read addr=0x40000d70 bm=0xff data=0x000000000000031c hit
SITAR-L2 read addr=0x40000d58 bm=0xff data=0x000000000000031c hit
SITAR-L2 read addr=0x40000d78 bm=0xff data=0x000000000000031c hit
SITAR-L2 read addr=0x40000d60 bm=0xff data=0x000000000000031c hit
SITAR-L2 write addr=0xffffef94 bm=0x0f data=0x000000000000031d hit
SITAR-L2 read addr=0x40000d68 bm=0xff data=0x000000000000031d hit
SITAR-L2 read addr=0x40000d70 bm=0xff data=0x000000000000031d hit
SITAR-L2 write addr=0x40000d70 bm=0xf0 data=0x0000031d00000000 hit
SITAR-L2 read addr=0x40000d78 bm=0xff data=0x0000031d00000000 hit
SITAR-L2 read addr=0x40000d40 bm=0xff data=0x0000031d00000000 hit
SITAR-L2 write addr=0x5051ff90 bm=0x0f data=0x0000000000000320 hit
SITAR-L2 read addr=0x40000d48 bm=0xff data=0x0000000000000320 hit
SITAR-L2 read addr=0x40000d50 bm=0xff data=0x0000000000000320 hit
SITAR-L2 write addr=0x40000d78 bm=0x0f data=0x0000000000000320 hit
SITAR-L2 read addr=0x40000d58 bm=0xff data=0x0000000000000320 hit
SITAR-L2 read addr=0x40000d40 bm=0xff data=0x0000000000000320 hit
SITAR-L2 read addr=0x40000d60 bm=0xff data=0x0000000000000320 hit
SITAR-L2 read addr=0x40000d48 bm=0xff data=0x0000000000000320 hit
SITAR-L2 read addr=0x40000d68 bm=0xff data=0x0000000000000320 hit
SITAR-L2 read addr=0x40000d50 bm=0xff data=0x0000000000000320 hit
SITAR-L2 read addr=0x40000d70 bm=0xff data=0x0000000000000320 hit
SITAR-L2 read addr=0x40000d58 bm=0xff data=0x0000000000000320 hit
SITAR-L2 read addr=0x40000d78 bm=0xff data=0x0000000000000320 hit
SITAR-L2 read addr=0x40000d60 bm=0xff data=0x0000000000000320 hit
SITAR-L2 write addr=0xffffef94 bm=0x0f data=0x0000000000000321 hit
SITAR-L2 read addr=0x40000d68 bm=0xff data=0x0000000000000321 hit
SITAR-L2 read addr=0x40000d70 bm=0xff data=0x0000000000000321 hit
SITAR-L2 write addr=0x40000d80 bm=0xf0 data=0x0000032100000000 miss
SITAR-L2 read addr=0x40000d78 bm=0xff data=0x0000032100000000 hit
SITAR-L2 read addr=0x40000d80 bm=0xff data=0x0000032100000000 hit
SITAR-L2 write addr=0x5051ff90 bm=0x0f data=0x0000000000000324 hit
SITAR-L2 read addr=0x40000d88 bm=0xff data=0x0000000000000324 hit
SITAR-L2 read addr=0x40000d90 bm=0xff data=0x0000000000000324 hit
SITAR-L2 write addr=0x40000d88 bm=0x0f data=0x0000000000000324 hit
SITAR-L2 read addr=0x40000d98 bm=0xff data=0x0000000000000324 hit
SITAR-L2 read addr=0x40000d80 bm=0xff data=0x0000000000000324 hit
SITAR-L2 read addr=0x40000da0 bm=0xff data=0x0000000000000324 hit
SITAR-L2 read addr=0x40000d88 bm=0xff data=0x0000000000000324 hit
SITAR-L2 read addr=0x40000da8 bm=0xff data=0x0000000000000324 hit
SITAR-L2 read addr=0x40000d90 bm=0xff data=0x0000000000000324 hit
SITAR-L2 read addr=0x40000db0 bm=0xff data=0x0000000000000324 hit
SITAR-L2 read addr=0x40000d98 bm=0xff data=0x0000000000000324 hit
SITAR-L2 read addr=0x40000db8 bm=0xff data=0x0000000000000324 hit
SITAR-L2 read addr=0x40000da0 bm=0xff data=0x0000000000000324 hit
SITAR-L2 write addr=0xffffef94 bm=0x0f data=0x0000000000000325 hit
SITAR-L2 read addr=0x40000da8 bm=0xff data=0x0000000000000325 hit
SITAR-L2 read addr=0x40000db0 bm=0xff data=0x0000000000000325 hit
SITAR-L2 write addr=0x40000d90 bm=0xf0 data=0x0000032500000000 hit
SITAR-L2 read addr=0x40000db8 bm=0xff data=0x0000032500000000 hit
SITAR-L2 read addr=0x40000d80 bm=0xff data=0x0000032500000000 hit
SITAR-L2 write addr=0x5051ff90 bm=0x0f data=0x0000000000000328 hit
SITAR-L2 read addr=0x40000d88 bm=0xff data=0x0000000000000328 hit
SITAR-L2 read addr=0x40000d90 bm=0xff data=0x0000000000000328 hit
SITAR-L2 write addr=0x40000d98 bm=0x0f data=0x0000000000000328 hit
SITAR-L2 read addr=0x40000d98 bm=0xff data=0x0000000000000328 hit
SITAR-L2 read addr=0x40000d80 bm=0xff data=0x0000000000000328 hit
SITAR-L2 read addr=0x40000da0 bm=0xff data=0x0000000000000328 hit
SITAR-L2 read addr=0x40000d88 bm=0xff data=0x0000000000000328 hit
SITAR-L2 read addr=0x40000da8 bm=0xff data=0x0000000000000328 hit
SITAR-L2 read addr=0x40000d90 bm=0xff data=0x0000000000000328 hit
SITAR-L2 read addr=0x40000db0 bm=0xff data=0x0000000000000328 hit
SITAR-L2 read addr=0x40000d98 bm=0xff data=0x0000000000000328 hit
SITAR-L2 read addr=0x40000db8 bm=0xff data=0x0000000000000328 hit
SITAR-L2 read addr=0x40000da0 bm=0xff data=0x0000000000000328 hit
SITAR-L2 write addr=0xffffef94 bm=0x0f data=0x0000000000000329 hit
SITAR-L2 read addr=0x40000da8 bm=0xff data=0x0000000000000329 hit
SITAR-L2 read addr=0x40000db0 bm=0xff data=0x0000000000000329 hit
SITAR-L2 write addr=0x40000da0 bm=0xf0 data=0x0000032900000000 hit
SITAR-L2 read addr=0x40000db8 bm=0xff data=0x0000032900000000 hit
SITAR-L2 read addr=0x40000d80 bm=0xff data=0x0000032900000000 hit
SITAR-L2 write addr=0x5051ff90 bm=0x0f data=0x000000000000032c hit
SITAR-L2 read addr=0x40000d88 bm=0xff data=0x000000000000032c hit
SITAR-L2 read addr=0x40000d90 bm=0xff data=0x000000000000032c hit
SITAR-L2 write addr=0x40000da8 bm=0x0f data=0x000000000000032c hit
SITAR-L2 read addr=0x40000d98 bm=0xff data=0x000000000000032c hit
SITAR-L2 read addr=0x40000d80 bm=0xff data=0x000000000000032c hit
SITAR-L2 read addr=0x40000da0 bm=0xff data=0x000000000000032c hit
SITAR-L2 read addr=0x40000d88 bm=0xff data=0x000000000000032c hit
SITAR-L2 read addr=0x40000da8 bm=0xff data=0x000000000000032c hit
SITAR-L2 read addr=0x40000d90 bm=0xff data=0x000000000000032c hit
SITAR-L2 read addr=0x40000db0 bm=0xff data=0x000000000000032c hit
SITAR-L2 read addr=0x40000d98 bm=0xff data=0x000000000000032c hit
SITAR-L2 read addr=0x40000db8 bm=0xff data=0x000000000000032c hit
SITAR-L2 read addr=0x40000da0 bm=0xff data=0x000000000000032c hit
SITAR-L2 write addr=0xffffef94 bm=0x0f data=0x000000000000032d hit
SITAR-L2 read addr=0x40000da8 bm=0xff data=0x000000000000032d hit
SITAR-L2 read addr=0x40000db0 bm=0xff data=0x000000000000032d hit
SITAR-L2 write addr=0x40000db0 bm=0xf0 data=0x0000032d00000000 hit
SITAR-L2 read addr=0x40000db8 bm=0xff data=0x0000032d00000000 hit
SITAR-L2 read addr=0x40000d80 bm=0xff data=0x0000032d00000000 hit
SITAR-L2 write addr=0x5051ff90 bm=0x0f data=0x0000000000000330 hit
SITAR-L2 read addr=0x40000d88 bm=0xff data=0x0000000000000330 hit
SITAR-L2 read addr=0x40000d90 bm=0xff data=0x0000000000000330 hit
SITAR-L2 write addr=0x40000db8 bm=0x0f data=0x0000000000000330 hit
SITAR-L2 read addr=0x40000d98 bm=0xff data=0x0000000000000330 hit
SITAR-L2 read addr=0x40000d80 bm=0xff data=0x0000000000000330 hit
SITAR-L2 read addr=0x40000da0 bm=0xff data=0x0000000000000330 hit
SITAR-L2 read addr=0x40000d88 bm=0xff data=0x0000000000000330 hit
SITAR-L2 read addr=0x40000da8 bm=0xff data=0x0000000000000330 hit
SITAR-L2 read addr=0x40000d90 bm=0xff data=0x0000000000000330 hit
SITAR-L2 read addr=0x40000db0 bm=0xff data=0x0000000000000330 hit
SITAR-L2 read addr=0x40000d98 bm=0xff data=0x0000000000000330 hit
SITAR-L2 read addr=0x40000db8 bm=0xff data=0x0000000000000330 hit
SITAR-L2 read addr=0x40000da0 bm=0xff data=0x0000000000000330 hit
SITAR-L2 write addr=0xffffef94 bm=0x0f data=0x0000000000000331 hit
SITAR-L2 read addr=0x40000da8 bm=0xff data=0x0000000000000331 hit
SITAR-L2 read addr=0x40000db0 bm=0xff data=0x0000000000000331 hit
SITAR-L2 write addr=0x40000dc0 bm=0xf0 data=0x0000033100000000 miss
SITAR-L2 read addr=0x40000db8 bm=0xff data=0x0000033100000000 hit
SITAR-L2 read addr=0x40000dc0 bm=0xff data=0x0000033100000000 hit
SITAR-L2 write addr=0x5051ff90 bm=0x0f data=0x0000000000000334 hit
SITAR-L2 read addr=0x40000dc8 bm=0xff data=0x0000000000000334 hit
SITAR-L2 read addr=0x40000dd0 bm=0xff data=0x0000000000000334 hit
SITAR-L2 write addr=0x40000dc8 bm=0x0f data=0x0000000000000334 hit
SITAR-L2 read addr=0x40000dd8 bm=0xff data=0x0000000000000334 hit
SITAR-L2 read addr=0x40000dc0 bm=0xff data=0x0000000000000334 hit
SITAR-L2 read addr=0x40000de0 bm=0xff data=0x0000000000000334 hit
SITAR-L2 read addr=0x40000dc8 bm=0xff data=0x0000000000000334 hit
SITAR-L2 read addr=0x40000de8 bm=0xff data=0x0000000000000334 hit
SITAR-L2 read addr=0x40000dd0 bm=0xff data=0x0000000000000334 hit
SITAR-L2 read addr=0x40000df0 bm=0xff data=0x0000000000000334 hit
SITAR-L2 read addr=0x40000dd8 bm=0xff data=0x0000000000000334 hit
SITAR-L2 read addr=0x40000df8 bm=0xff data=0x0000000000000334 hit
SITAR-L2 read addr=0x40000de0 bm=0xff data=0x0000000000000334 hit
SITAR-L2 write addr=0xffffef94 bm=0x0f data=0x0000000000000335 hit
SITAR-L2 read addr=0x40000de8 bm=0xff data=0x0000000000000335 hit
SITAR-L2 read addr=0x40000df0 bm=0xff data=0x0000000000000335 hit
SITAR-L2 write addr=0x40000dd0 bm=0xf0 data=0x0000033500000000 hit
SITAR-L2 read addr=0x40000df8 bm=0xff data=0x0000033500000000 hit
SITAR-L2 read addr=0x40000dc0 bm=0xff data=0x0000033500000000 hit
SITAR-L2 write addr=0x5051ff90 bm=0x0f data=0x0000000000000338 hit
SITAR-L2 read addr=0x40000dc8 bm=0xff data=0x0000000000000338 hit
SITAR-L2 read addr=0x40000dd0 bm=0xff data=0x0000000000000338 hit
SITAR-L2 write addr=0x40000dd8 bm=0x0f data=0x0000000000000338 hit
SITAR-L2 read addr=0x40000dd8 bm=0xff data=0x0000000000000338 hit
SITAR-L2 read addr=0x40000dc0 bm=0xff data=0x0000000000000338 hit
SITAR-L2 read addr=0x40000de0 bm=0xff data=0x0000000000000338 hit
SITAR-L2 read addr=0x40000dc8 bm=0xff data=0x0000000000000338 hit
SITAR-L2 read addr=0x40000de8 bm=0xff data=0x0000000000000338 hit
SITAR-L2 read addr=0x40000dd0 bm=0xff data=0x0000000000000338 hit
SITAR-L2 read addr=0x40000df0 bm=0xff data=0x0000000000000338 hit
SITAR-L2 read addr=0x40000dd8 bm=0xff data=0x0000000000000338 hit
SITAR-L2 read addr=0x40000df8 bm=0xff data=0x0000000000000338 hit
SITAR-L2 read addr=0x40000de0 bm=0xff data=0x0000000000000338 hit
SITAR-L2 write addr=0xffffef94 bm=0x0f data=0x0000000000000339 hit
SITAR-L2 read addr=0x40000de8 bm=0xff data=0x0000000000000339 hit
SITAR-L2 read addr=0x40000df0 bm=0xff data=0x0000000000000339 hit
SITAR-L2 write addr=0x40000de0 bm=0xf0 data=0x0000033900000000 hit
SITAR-L2 read addr=0x40000df8 bm=0xff data=0x0000033900000000 hit
SITAR-L2 read addr=0x40000dc0 bm=0xff data=0x0000033900000000 hit
SITAR-L2 write addr=0x5051ff90 bm=0x0f data=0x000000000000033c hit
SITAR-L2 read addr=0x40000dc8 bm=0xff data=0x000000000000033c hit
SITAR-L2 read addr=0x40000dd0 bm=0xff data=0x000000000000033c hit
SITAR-L2 write addr=0x40000de8 bm=0x0f data=0x000000000000033c hit
SITAR-L2 read addr=0x40000dd8 bm=0xff data=0x000000000000033c hit
SITAR-L2 read addr=0x40000dc0 bm=0xff data=0x000000000000033c hit
SITAR-L2 read addr=0x40000de0 bm=0xff data=0x000000000000033c hit
SITAR-L2 read addr=0x40000dc8 bm=0xff data=0x000000000000033c hit
SITAR-L2 read addr=0x40000de8 bm=0xff data=0x000000000000033c hit
SITAR-L2 read addr=0x40000dd0 bm=0xff data=0x000000000000033c hit
SITAR-L2 read addr=0x40000df0 bm=0xff data=0x000000000000033c hit
SITAR-L2 read addr=0x40000dd8 bm=0xff data=0x000000000000033c hit
SITAR-L2 read addr=0x40000df8 bm=0xff data=0x000000000000033c hit
SITAR-L2 read addr=0x40000de0 bm=0xff data=0x000000000000033c hit
SITAR-L2 write addr=0xffffef94 bm=0x0f data=0x000000000000033d hit
SITAR-L2 read addr=0x40000de8 bm=0xff data=0x000000000000033d hit
SITAR-L2 read addr=0x40000df0 bm=0xff data=0x000000000000033d hit
SITAR-L2 write addr=0x40000df0 bm=0xf0 data=0x0000033d00000000 hit
SITAR-L2 read addr=0x40000df8 bm=0xff data=0x0000033d00000000 hit
SITAR-L2 read addr=0x40000dc0 bm=0xff data=0x0000033d00000000 hit
SITAR-L2 write addr=0x5051ff90 bm=0x0f data=0x0000000000000340 hit
SITAR-L2 read addr=0x40000dc8 bm=0xff data=0x0000000000000340 hit
SITAR-L2 read addr=0x40000dd0 bm=0xff data=0x0000000000000340 hit
SITAR-L2 write addr=0x40000df8 bm=0x0f data=0x0000000000000340 hit
SITAR-L2 read addr=0x40000dd8 bm=0xff data=0x0000000000000340 hit
SITAR-L2 read addr=0x40000dc0 bm=0xff data=0x0000000000000340 hit
SITAR-L2 read addr=0x40000de0 bm=0xff data=0x0000000000000340 hit
SITAR-L2 read addr=0x40000dc8 bm=0xff data=0x0000000000000340 hit
SITAR-L2 read addr=0x40000de8 bm=0xff data=0x0000000000000340 hit
SITAR-L2 read addr=0x40000dd0 bm=0xff data=0x0000000000000340 hit
SITAR-L2 read addr=0x40000df0 bm=0xff data=0x0000000000000340 hit
SITAR-L2 read addr=0x40000dd8 bm=0xff data=0x0000000000000340 hit
SITAR-L2 read addr=0x40000df8 bm=0xff data=0x0000000000000340 hit
SITAR-L2 read addr=0x40000de0 bm=0xff data=0x0000000000000340 hit
SITAR-L2 write addr=0xffffef94 bm=0x0f data=0x0000000000000341 hit
SITAR-L2 read addr=0x40000de8 bm=0xff data=0x0000000000000341 hit
SITAR-L2 read addr=0x40000df0 bm=0xff data=0x0000000000000341 hit
SITAR-L2 write addr=0x40000e00 bm=0xf0 data=0x0000034100000000 miss
SITAR-L2 read addr=0x40000df8 bm=0xff data=0x0000034100000000 hit
SITAR-L2 read addr=0x40000e00 bm=0xff data=0x0000034100000000 hit
SITAR-L2 write addr=0x5051ff90 bm=0x0f data=0x0000000000000344 hit
SITAR-L2 read addr=0x40000e08 bm=0xff data=0x0000000000000344 hit
SITAR-L2 read addr=0x40000e10 bm=0xff data=0x0000000000000344 hit
SITAR-L2 write addr=0x40000e08 bm=0x0f data=0x0000000000000344 hit
SITAR-L2 read addr=0x40000e18 bm=0xff data=0x0000000000000344 hit
SITAR-L2 read addr=0x40000e00 bm=0xff data=0x0000000000000344 hit
SITAR-L2 read addr=0x40000e20 bm=0xff data=0x0000000000000344 hit
SITAR-L2 read addr=0x40000e08 bm=0xff data=0x0000000000000344 hit
SITAR-L2 read addr=0x40000e28 bm=0xff data=0x0000000000000344 hit
SITAR-L2 read addr=0x40000e10 bm=0xff data=0x0000000000000344 hit
SITAR-L2 read addr=0x40000e30 bm=0xff data=0x0000000000000344 hit
SITAR-L2 read addr=0x40000e18 bm=0xff data=0x0000000000000344 hit
SITAR-L2 read addr=0x40000e38 bm=0xff data=0x0000000000000344 hit
SITAR-L2 read addr=0x40000e20 bm=0xff data=0x0000000000000344 hit
SITAR-L2 write addr=0xffffef94 bm=0x0f data=0x0000000000000345 hit
SITAR-L2 read addr=0x40000e28 bm=0xff data=0x0000000000000345 hit
SITAR-L2 read addr=0x40000e30 bm=0xff data=0x0000000000000345 hit
SITAR-L2 write addr=0x40000e10 bm=0xf0 data=0x0000034500000000 hit
SITAR-L2 read addr=0x40000e38 bm=0xff data=0x0000034500000000 hit
SITAR-L2 read addr=0x40000e00 bm=0xff data=0x0000034500000000 hit
SITAR-L2 write addr=0x5051ff90 bm=0x0f data=0x0000000000000348 hit
SITAR-L2 read addr=0x40000e08 bm=0xff data=0x0000000000000348 hit
SITAR-L2 read addr=0x40000e10 bm=0xff data=0x0000000000000348 hit
SITAR-L2 write addr=0x40000e18 bm=0x0f data=0x0000000000000348 hit
SITAR-L2 read addr=0x40000e18 bm=0xff data=0x0000000000000348 hit
SITAR-L2 read addr=0x40000e00 bm=0xff data=0x0000000000000348 hit
SITAR-L2 read addr=0x40000e20 bm=0xff data=0x0000000000000348 hit
SITAR-L2 read addr=0x40000e08 bm=0xff data=0x0000000000000348 hit
SITAR-L2 read addr=0x40000e28 bm=0xff data=0x0000000000000348 hit
SITAR-L2 read addr=0x40000e10 bm=0xff data=0x0000000000000348 hit
SITAR-L2 read addr=0x40000e30 bm=0xff data=0x0000000000000348 hit
SITAR-L2 read addr=0x40000e18 bm=0xff data=0x0000000000000348 hit
SITAR-L2 read addr=0x40000e38 bm=0xff data=0x0000000000000348 hit
SITAR-L2 read addr=0x40000e20 bm=0xff data=0x0000000000000348 hit
SITAR-L2 write addr=0xffffef94 bm=0x0f data=0x0000000000000349 hit
SITAR-L2 read addr=0x40000e28 bm=0xff data=0x0000000000000349 hit
SITAR-L2 read addr=0x40000e30 bm=0xff data=0x0000000000000349 hit
SITAR-L2 write addr=0x40000e20 bm=0xf0 data=0x0000034900000000 hit
SITAR-L2 read addr=0x40000e38 bm=0xff data=0x0000034900000000 hit
SITAR-L2 read addr=0x40000e00 bm=0xff data=0x0000034900000000 hit
SITAR-L2 write addr=0x5051ff90 bm=0x0f data=0x000000000000034c hit
SITAR-L2 read addr=0x40000e08 bm=0xff data=0x000000000000034c hit
SITAR-L2 read addr=0x40000e10 bm=0xff data=0x000000000000034c hit
SITAR-L2 write addr=0x40000e28 bm=0x0f data=0x000000000000034c hit
SITAR-L2 read addr=0x40000e18 bm=0xff data=0x000000000000034c hit
SITAR-L2 read addr=0x40000e00 bm=0xff data=0x000000000000034c hit
SITAR-L2 read addr=0x40000e20 bm=0xff data=0x000000000000034c hit
SITAR-L2 read addr=0x40000e08 bm=0xff data=0x000000000000034c hit
SITAR-L2 read addr=0x40000e28 bm=0xff data=0x000000000000034c hit
SITAR-L2 read addr=0x40000e10 bm=0xff data=0x000000000000034c hit
SITAR-L2 read addr=0x40000e30 bm=0xff data=0x000000000000034c hit
SITAR-L2 read addr=0x40000e18 bm=0xff data=0x000000000000034c hit
SITAR-L2 read addr=0x40000e38 bm=0xff data=0x000000000000034c hit
SITAR-L2 read addr=0x40000e20 bm=0xff data=0x000000000000034c hit
SITAR-L2 write addr=0xffffef94 bm=0x0f data=0x000000000000034d hit
SITAR-L2 read addr=0x40000e28 bm=0xff data=0x000000000000034d hit
SITAR-L2 read addr=0x40000e30 bm=0xff data=0x000000000000034d hit
SITAR-L2 write addr=0x40000e30 bm=0xf0 data=0x0000034d00000000 hit
SITAR-L2 read addr=0x40000e38 bm=0xff data=0x0000034d00000000 hit
SITAR-L2 read addr=0x40000e00 bm=0xff data=0x0000034d00000000 hit
SITAR-L2 write addr=0x5051ff90 bm=0x0f data=0x0000000000000350 hit
SITAR-L2 read addr=0x40000e08 bm=0xff data=0x0000000000000350 hit
SITAR-L2 read addr=0x40000e10 bm=0xff data=0x0000000000000350 hit
SITAR-L2 write addr=0x40000e38 bm=0x0f data=0x0000000000000350 hit
SITAR-L2 read addr=0x40000e18 bm=0xff data=0x0000000000000350 hit
SITAR-L2 read addr=0x40000e00 bm=0xff data=0x0000000000000350 hit
SITAR-L2 read addr=0x40000e20 bm=0xff data=0x0000000000000350 hit
SITAR-L2 read addr=0x40000e08 bm=0xff data=0x0000000000000350 hit
SITAR-L2 read addr=0x40000e28 bm=0xff data=0x0000000000000350 hit
SITAR-L2 read addr=0x40000e10 bm=0xff data=0x0000000000000350 hit
SITAR-L2 read addr=0x40000e30 bm=0xff data=0x0000000000000350 hit
SITAR-L2 read addr=0x40000e18 bm=0xff data=0x0000000000000350 hit
SITAR-L2 read addr=0x40000e38 bm=0xff data=0x0000000000000350 hit
SITAR-L2 read addr=0x40000e20 bm=0xff data=0x0000000000000350 hit
SITAR-L2 write addr=0xffffef94 bm=0x0f data=0x0000000000000351 hit
SITAR-L2 read addr=0x40000e28 bm=0xff data=0x0000000000000351 hit
SITAR-L2 read addr=0x40000e30 bm=0xff data=0x0000000000000351 hit
SITAR-L2 write addr=0x40000e40 bm=0xf0 data=0x0000035100000000 miss
SITAR-L2 read addr=0x40000e38 bm=0xff data=0x0000035100000000 hit
SITAR-L2 read addr=0x40000e40 bm=0xff data=0x0000035100000000 hit
SITAR-L2 write addr=0x5051ff90 bm=0x0f data=0x0000000000000354 hit
SITAR-L2 read addr=0x40000e48 bm=0xff data=0x0000000000000354 hit
SITAR-L2 read addr=0x40000e50 bm=0xff data=0x0000000000000354 hit
SITAR-L2 write addr=0x40000e48 bm=0x0f data=0x0000000000000354 hit
SITAR-L2 read addr=0x40000e58 bm=0xff data=0x0000000000000354 hit
SITAR-L2 read addr=0x40000e40 bm=0xff data=0x0000000000000354 hit
SITAR-L2 read addr=0x40000e60 bm=0xff data=0x0000000000000354 hit
SITAR-L2 read addr=0x40000e48 bm=0xff data=0x0000000000000354 hit
SITAR-L2 read addr=0x40000e68 bm=0xff data=0x0000000000000354 hit
SITAR-L2 read addr=0x40000e50 bm=0xff data=0x0000000000000354 hit
SITAR-L2 read addr=0x40000e70 bm=0xff data=0x0000000000000354 hit
SITAR-L2 read addr=0x40000e58 bm=0xff data=0x0000000000000354 hit
SITAR-L2 read addr=0x40000e78 bm=0xff data=0x0000000000000354 hit
SITAR-L2 read addr=0x40000e60 bm=0xff data=0x0000000000000354 hit
SITAR-L2 write addr=0xffffef94 bm=0x0f data=0x0000000000000355 hit
SITAR-L2 read addr=0x40000e68 bm=0xff data=0x0000000000000355 hit
SITAR-L2 read addr=0x40000e70 bm=0xff data=0x0000000000000355 hit
SITAR-L2 write addr=0x40000e50 bm=0xf0 data=0x0000035500000000 hit
SITAR-L2 read addr=0x40000e78 bm=0xff data=0x0000035500000000 hit
SITAR-L2 read addr=0x40000e40 bm=0xff data=0x0000035500000000 hit
SITAR-L2 write addr=0x5051ff90 bm=0x0f data=0x0000000000000358 hit
SITAR-L2 read addr=0x40000e48 bm=0xff data=0x0000000000000358 hit
SITAR-L2 read addr=0x40000e50 bm=0xff data=0x0000000000000358 hit
SITAR-L2 write addr=0x40000e58 bm=0x0f data=0x0000000000000358 hit
SITAR-L2 read addr=0x40000e58 bm=0xff data=0x0000000000000358 hit
SITAR-L2 read addr=0x40000e40 bm=0xff data=0x0000000000000358 hit
SITAR-L2 read addr=0x40000e60 bm=0xff data=0x0000000000000358 hit
SITAR-L2 read addr=0x40000e48 bm=0xff data=0x0000000000000358 hit
SITAR-L2 read addr=0x40000e68 bm=0xff data=0x0000000000000358 hit
SITAR-L2 read addr=0x40000e50 bm=0xff data=0x0000000000000358 hit
SITAR-L2 read addr=0x40000e70 bm=0xff data=0x0000000000000358 hit
SITAR-L2 read addr=0x40000e58 bm=0xff data=0x0000000000000358 hit
SITAR-L2 read addr=0x40000e78 bm=0xff data=0x0000000000000358 hit
SITAR-L2 read addr=0x40000e60 bm=0xff data=0x0000000000000358 hit
SITAR-L2 write addr=0xffffef94 bm=0x0f data=0x0000000000000359 hit
SITAR-L2 read addr=0x40000e68 bm=0xff data=0x0000000000000359 hit
SITAR-L2 read addr=0x40000e70 bm=0xff data=0x0000000000000359 hit
SITAR-L2 write addr=0x40000e60 bm=0xf0 data=0x0000035900000000 hit
SITAR-L2 read addr=0x40000e78 bm=0xff data=0x0000035900000000 hit
SITAR-L2 read addr=0x40000e40 bm=0xff data=0x0000035900000000 hit
SITAR-L2 write addr=0x5051ff90 bm=0x0f data=0x000000000000035c hit
SITAR-L2 read addr=0x40000e48 bm=0xff data=0x000000000000035c hit
SITAR-L2 read addr=0x40000e50 bm=0xff data=0x000000000000035c hit
SITAR-L2 write addr=0x40000e68 bm=0x0f data=0x000000000000035c hit
SITAR-L2 read addr=0x40000e58 bm=0xff data=0x000000000000035c hit
SITAR-L2 read addr=0x40000e40 bm=0xff data=0x000000000000035c hit
SITAR-L2 read addr=0x40000e60 bm=0xff data=0x000000000000035c hit
SITAR-L2 read addr=0x40000e48 bm=0xff data=0x000000000000035c hit
SITAR-L2 read addr=0x40000e68 bm=0xff data=0x000000000000035c hit
SITAR-L2 read addr=0x40000e50 bm=0xff data=0x000000000000035c hit
SITAR-L2 read addr=0x40000e70 bm=0xff data=0x000000000000035c hit
SITAR-L2 read addr=0x40000e58 bm=0xff data=0x000000000000035c hit
SITAR-L2 read addr=0x40000e78 bm=0xff data=0x000000000000035c hit
SITAR-L2 read addr=0x40000e60 bm=0xff data=0x000000000000035c hit
SITAR-L2 write addr=0xffffef94 bm=0x0f data=0x000000000000035d hit
SITAR-L2 read addr=0x40000e68 bm=0xff data=0x000000000000035d hit
SITAR-L2 read addr=0x40000e70 bm=0xff data=0x000000000000035d hit
SITAR-L2 write addr=0x40000e70 bm=0xf0 data=0x0000035d00000000 hit
SITAR-L2 read addr=0x40000e78 bm=0xff data=0x0000035d00000000 hit
SITAR-L2 read addr=0x40000e40 bm=0xff data=0x0000035d00000000 hit
SITAR-L2 write addr=0x5051ff90 bm=0x0f data=0x0000000000000360 hit
SITAR-L2 read addr=0x40000e48 bm=0xff data=0x0000000000000360 hit
SITAR-L2 read addr=0x40000e50 bm=0xff data=0x0000000000000360 hit
SITAR-L2 write addr=0x40000e78 bm=0x0f data=0x0000000000000360 hit
SITAR-L2 read addr=0x40000e58 bm=0xff data=0x0000000000000360 hit
SITAR-L2 read addr=0x40000e40 bm=0xff data=0x0000000000000360 hit
SITAR-L2 read addr=0x40000e60 bm=0xff data=0x0000000000000360 hit
SITAR-L2 read addr=0x40000e48 bm=0xff data=0x0000000000000360 hit
SITAR-L2 read addr=0x40000e68 bm=0xff data=0x0000000000000360 hit
SITAR-L2 read addr=0x40000e50 bm=0xff data=0x0000000000000360 hit
SITAR-L2 read addr=0x40000e70 bm=0xff data=0x0000000000000360 hit
SITAR-L2 read addr=0x40000e58 bm=0xff data=0x0000000000000360 hit
SITAR-L2 read addr=0x40000e78 bm=0xff data=0x0000000000000360 hit
SITAR-L2 read addr=0x40000e60 bm=0xff data=0x0000000000000360 hit
SITAR-L2 write addr=0xffffef94 bm=0x0f data=0x0000000000000361 hit
SITAR-L2 read addr=0x40000e68 bm=0xff data=0x0000000000000361 hit
SITAR-L2 read addr=0x40000e70 bm=0xff data=0x0000000000000361 hit
SITAR-L2 write addr=0x40000e80 bm=0xf0 data=0x0000036100000000 miss
SITAR-L2 read addr=0x40000e78 bm=0xff data=0x0000036100000000 hit
SITAR-L2 read addr=0x40000e80 bm=0xff data=0x0000036100000000 hit
SITAR-L2 write addr=0x5051ff90 bm=0x0f data=0x0000000000000364 hit
SITAR-L2 read addr=0x40000e88 bm=0xff data=0x0000000000000364 hit
SITAR-L2 read addr=0x40000e90 bm=0xff data=0x0000000000000364 hit
SITAR-L2 write addr=0x40000e88 bm=0x0f data=0x0000000000000364 hit
SITAR-L2 read addr=0x40000e98 bm=0xff data=0x0000000000000364 hit
SITAR-L2 read addr=0x40000e80 bm=0xff data=0x0000000000000364 hit
SITAR-L2 read addr=0x40000ea0 bm=0xff data=0x0000000000000364 hit
SITAR-L2 read addr=0x40000e88 bm=0xff data=0x0000000000000364 hit
SITAR-L2 read addr=0x40000ea8 bm=0xff data=0x0000000000000364 hit
SITAR-L2 read addr=0x40000e90 bm=0xff data=0x0000000000000364 hit
SITAR-L2 read addr=0x40000eb0 bm=0xff data=0x0000000000000364 hit
SITAR-L2 read addr=0x40000e98 bm=0xff data=0x0000000000000364 hit
SITAR-L2 read addr=0x40000eb8 bm=0xff data=0x0000000000000364 hit
SITAR-L2 read addr=0x40000ea0 bm=0xff data=0x0000000000000364 hit
SITAR-L2 write addr=0xffffef94 bm=0x0f data=0x0000000000000365 hit
SITAR-L2 read addr=0x40000ea8 bm=0xff data=0x0000000000000365 hit
SITAR-L2 read addr=0x40000eb0 bm=0xff data=0x0000000000000365 hit
SITAR-L2 write addr=0x40000e90 bm=0xf0 data=0x0000036500000000 hit
SITAR-L2 read addr=0x40000eb8 bm=0xff data=0x0000036500000000 hit
SITAR-L2 read addr=0x40000e80 bm=0xff data=0x0000036500000000 hit
SITAR-L2 write addr=0x5051ff90 bm=0x0f data=0x0000000000000368 hit
SITAR-L2 read addr=0x40000e88 bm=0xff data=0x0000000000000368 hit
SITAR-L2 read addr=0x40000e90 bm=0xff data=0x0000000000000368 hit
SITAR-L2 write addr=0x40000e98 bm=0x0f data=0x0000000000000368 hit
SITAR-L2 read addr=0x40000e98 bm=0xff data=0x0000000000000368 hit
SITAR-L2 read addr=0x40000e80 bm=0xff data=0x0000000000000368 hit
SITAR-L2 read addr=0x40000ea0 bm=0xff data=0x0000000000000368 hit
SITAR-L2 read addr=0x40000e88 bm=0xff data=0x0000000000000368 hit
SITAR-L2 read addr=0x40000ea8 bm=0xff data=0x0000000000000368 hit
SITAR-L2 read addr=0x40000e90 bm=0xff data=0x0000000000000368 hit
SITAR-L2 read addr=0x40000eb0 bm=0xff data=0x0000000000000368 hit
SITAR-L2 read addr=0x40000e98 bm=0xff data=0x0000000000000368 hit
SITAR-L2 read addr=0x40000eb8 bm=0xff data=0x0000000000000368 hit
SITAR-L2 read addr=0x40000ea0 bm=0xff data=0x0000000000000368 hit
SITAR-L2 write addr=0xffffef94 bm=0x0f data=0x0000000000000369 hit
SITAR-L2 read addr=0x40000ea8 bm=0xff data=0x0000000000000369 hit
SITAR-L2 read addr=0x40000eb0 bm=0xff data=0x0000000000000369 hit
SITAR-L2 write addr=0x40000ea0 bm=0xf0 data=0x0000036900000000 hit
SITAR-L2 read addr=0x40000eb8 bm=0xff data=0x0000036900000000 hit
SITAR-L2 read addr=0x40000e80 bm=0xff data=0x0000036900000000 hit
SITAR-L2 write addr=0x5051ff90 bm=0x0f data=0x000000000000036c hit
SITAR-L2 read addr=0x40000e88 bm=0xff data=0x000000000000036c hit
SITAR-L2 read addr=0x40000e90 bm=0xff data=0x000000000000036c hit
SITAR-L2 write addr=0x40000ea8 bm=0x0f data=0x000000000000036c hit
SITAR-L2 read addr=0x40000e98 bm=0xff data=0x000000000000036c hit
SITAR-L2 read addr=0x40000e80 bm=0xff data=0x000000000000036c hit
SITAR-L2 read addr=0x40000ea0 bm=0xff data=0x000000000000036c hit
SITAR-L2 read addr=0x40000e88 bm=0xff data=0x000000000000036c hit
SITAR-L2 read addr=0x40000ea8 bm=0xff data=0x000000000000036c hit
SITAR-L2 read addr=0x40000e90 bm=0xff data=0x000000000000036c hit
SITAR-L2 read addr=0x40000eb0 bm=0xff data=0x000000000000036c hit
SITAR-L2 read addr=0x40000e98 bm=0xff data=0x000000000000036c hit
SITAR-L2 read addr=0x40000eb8 bm=0xff data=0x000000000000036c hit
SITAR-L2 read addr=0x40000ea0 bm=0xff data=0x000000000000036c hit
SITAR-L2 write addr=0xffffef94 bm=0x0f data=0x000000000000036d hit
SITAR-L2 read addr=0x40000ea8 bm=0xff data=0x000000000000036d hit
SITAR-L2 read addr=0x40000eb0 bm=0xff data=0x000000000000036d hit
SITAR-L2 write addr=0x40000eb0 bm=0xf0 data=0x0000036d00000000 hit
SITAR-L2 read addr=0x40000eb8 bm=0xff data=0x0000036d00000000 hit
SITAR-L2 read addr=0x40000e80 bm=0xff data=0x0000036d00000000 hit
SITAR-L2 write addr=0x5051ff90 bm=0x0f data=0x0000000000000370 hit
SITAR-L2 read addr=0x40000e88 bm=0xff data=0x0000000000000370 hit
SITAR-L2 read addr=0x40000e90 bm=0xff data=0x0000000000000370 hit
SITAR-L2 write addr=0x40000eb8 bm=0x0f data=0x0000000000000370 hit
SITAR-L2 read addr=0x40000e98 bm=0xff data=0x0000000000000370 hit
SITAR-L2 read addr=0x40000e80 bm=0xff data=0x0000000000000370 hit
SITAR-L2 read addr=0x40000ea0 bm=0xff data=0x0000000000000370 hit
SITAR-L2 read addr=0x40000e88 bm=0xff data=0x0000000000000370 hit
SITAR-L2 read addr=0x40000ea8 bm=0xff data=0x0000000000000370 hit
SITAR-L2 read addr=0x40000e90 bm=0xff data=0x0000000000000370 hit
SITAR-L2 read addr=0x40000eb0 bm=0xff data=0x0000000000000370 hit
SITAR-L2 read addr=0x40000e98 bm=0xff data=0x0000000000000370 hit
SITAR-L2 read addr=0x40000eb8 bm=0xff data=0x0000000000000370 hit
SITAR-L2 read addr=0x40000ea0 bm=0xff data=0x0000000000000370 hit
SITAR-L2 write addr=0xffffef94 bm=0x0f data=0x0000000000000371 hit
SITAR-L2 read addr=0x40000ea8 bm=0xff data=0x0000000000000371 hit
SITAR-L2 read addr=0x40000eb0 bm=0xff data=0x0000000000000371 hit
SITAR-L2 write addr=0x40000ec0 bm=0xf0 data=0x0000037100000000 miss
SITAR-L2 read addr=0x40000eb8 bm=0xff data=0x0000037100000000 hit
SITAR-L2 read addr=0x40000ec0 bm=0xff data=0x0000037100000000 hit
SITAR-L2 write addr=0x5051ff90 bm=0x0f data=0x0000000000000374 hit
SITAR-L2 read addr=0x40000ec8 bm=0xff data=0x0000000000000374 hit
SITAR-L2 read addr=0x40000ed0 bm=0xff data=0x0000000000000374 hit
SITAR-L2 write addr=0x40000ec8 bm=0x0f data=0x0000000000000374 hit
SITAR-L2 read addr=0x40000ed8 bm=0xff data=0x0000000000000374 hit
SITAR-L2 read addr=0x40000ec0 bm=0xff data=0x0000000000000374 hit
SITAR-L2 read addr=0x40000ee0 bm=0xff data=0x0000000000000374 hit
SITAR-L2 read addr=0x40000ec8 bm=0xff data=0x0000000000000374 hit
SITAR-L2 read addr=0x40000ee8 bm=0xff data=0x0000000000000374 hit
SITAR-L2 read addr=0x40000ed0 bm=0xff data=0x0000000000000374 hit
SITAR-L2 read addr=0x40000ef0 bm=0xff data=0x0000000000000374 hit
SITAR-L2 read addr=0x40000ed8 bm=0xff data=0x0000000000000374 hit
SITAR-L2 read addr=0x40000ef8 bm=0xff data=0x0000000000000374 hit
SITAR-L2 read addr=0x40000ee0 bm=0xff data=0x0000000000000374 hit
SITAR-L2 write addr=0xffffef94 bm=0x0f data=0x0000000000000375 hit
SITAR-L2 read addr=0x40000ee8 bm=0xff data=0x0000000000000375 hit
SITAR-L2 read addr=0x40000ef0 bm=0xff data=0x0000000000000375 hit
SITAR-L2 write addr=0x40000ed0 bm=0xf0 data=0x0000037500000000 hit
SITAR-L2 read addr=0x40000ef8 bm=0xff data=0x0000037500000000 hit
SITAR-L2 read addr=0x40000ec0 bm=0xff data=0x0000037500000000 hit
SITAR-L2 write addr=0x5051ff90 bm=0x0f data=0x0000000000000378 hit
SITAR-L2 read addr=0x40000ec8 bm=0xff data=0x0000000000000378 hit
SITAR-L2 read addr=0x40000ed0 bm=0xff data=0x0000000000000378 hit
SITAR-L2 write addr=0x40000ed8 bm=0x0f data=0x0000000000000378 hit
SITAR-L2 read addr=0x40000ed8 bm=0xff data=0x0000000000000378 hit
SITAR-L2 read addr=0x40000ec0 bm=0xff data=0x0000000000000378 hit
SITAR-L2 read addr=0x40000ee0 bm=0xff data=0x0000000000000378 hit
SITAR-L2 read addr=0x40000ec8 bm=0xff data=0x0000000000000378 hit
SITAR-L2 read addr=0x40000ee8 bm=0xff data=0x0000000000000378 hit
SITAR-L2 read addr=0x40000ed0 bm=0xff data=0x0000000000000378 hit
SITAR-L2 read addr=0x40000ef0 bm=0xff data=0x0000000000000378 hit
SITAR-L2 read addr=0x40000ed8 bm=0xff data=0x0000000000000378 hit
SITAR-L2 read addr=0x40000ef8 bm=0xff data=0x0000000000000378 hit
SITAR-L2 read addr=0x40000ee0 bm=0xff data=0x0000000000000378 hit
SITAR-L2 write addr=0xffffef94 bm=0x0f data=0x0000000000000379 hit
SITAR-L2 read addr=0x40000ee8 bm=0xff data=0x0000000000000379 hit
SITAR-L2 read addr=0x40000ef0 bm=0xff data=0x0000000000000379 hit
SITAR-L2 write addr=0x40000ee0 bm=0xf0 data=0x0000037900000000 hit
SITAR-L2 read addr=0x40000ef8 bm=0xff data=0x0000037900000000 hit
SITAR-L2 read addr=0x40000ec0 bm=0xff data=0x0000037900000000 hit
SITAR-L2 write addr=0x5051ff90 bm=0x0f data=0x000000000000037c hit
SITAR-L2 read addr=0x40000ec8 bm=0xff data=0x000000000000037c hit
SITAR-L2 read addr=0x40000ed0 bm=0xff data=0x000000000000037c hit
SITAR-L2 write addr=0x40000ee8 bm=0x0f data=0x000000000000037c hit
SITAR-L2 read addr=0x40000ed8 bm=0xff data=0x000000000000037c hit
SITAR-L2 read addr=0x40000ec0 bm=0xff data=0x000000000000037c hit
SITAR-L2 read addr=0x40000ee0 bm=0xff data=0x000000000000037c hit
SITAR-L2 read addr=0x40000ec8 bm=0xff data=0x000000000000037c hit
SITAR-L2 read addr=0x40000ee8 bm=0xff data=0x000000000000037c hit
SITAR-L2 read addr=0x40000ed0 bm=0xff data=0x000000000000037c hit
SITAR-L2 read addr=0x40000ef0 bm=0xff data=0x000000000000037c hit
SITAR-L2 read addr=0x40000ed8 bm=0xff data=0x000000000000037c hit
SITAR-L2 read addr=0x40000ef8 bm=0xff data=0x000000000000037c hit
SITAR-L2 read addr=0x40000ee0 bm=0xff data=0x000000000000037c hit
SITAR-L2 write addr=0xffffef94 bm=0x0f data=0x000000000000037d hit
SITAR-L2 read addr=0x40000ee8 bm=0xff data=0x000000000000037d hit
SITAR-L2 read addr=0x40000ef0 bm=0xff data=0x000000000000037d hit
SITAR-L2 write addr=0x40000ef0 bm=0xf0 data=0x0000037d00000000 hit
SITAR-L2 read addr=0x40000ef8 bm=0xff data=0x0000037d00000000 hit
SITAR-L2 read addr=0x40000ec0 bm=0xff data=0x0000037d00000000 hit
SITAR-L2 write addr=0x5051ff90 bm=0x0f data=0x0000000000000380 hit
SITAR-L2 read addr=0x40000ec8 bm=0xff data=0x0000000000000380 hit
SITAR-L2 read addr=0x40000ed0 bm=0xff data=0x0000000000000380 hit
SITAR-L2 write addr=0x40000ef8 bm=0x0f data=0x0000000000000380 hit
SITAR-L2 read addr=0x40000ed8 bm=0xff data=0x0000000000000380 hit
SITAR-L2 read addr=0x40000ec0 bm=0xff data=0x0000000000000380 hit
SITAR-L2 read addr=0x40000ee0 bm=0xff data=0x0000000000000380 hit
SITAR-L2 read addr=0x40000ec8 bm=0xff data=0x0000000000000380 hit
SITAR-L2 read addr=0x40000ee8 bm=0xff data=0x0000000000000380 hit
SITAR-L2 read addr=0x40000ed0 bm=0xff data=0x0000000000000380 hit
SITAR-L2 read addr=0x40000ef0 bm=0xff data=0x0000000000000380 hit
SITAR-L2 read addr=0x40000ed8 bm=0xff data=0x0000000000000380 hit
SITAR-L2 read addr=0x40000ef8 bm=0xff data=0x0000000000000380 hit
SITAR-L2 read addr=0x40000ee0 bm=0xff data=0x0000000000000380 hit
SITAR-L2 write addr=0xffffef94 bm=0x0f data=0x0000000000000381 hit
SITAR-L2 read addr=0x40000ee8 bm=0xff data=0x0000000000000381 hit
SITAR-L2 read addr=0x40000ef0 bm=0xff data=0x0000000000000381 hit
SITAR-L2 write addr=0x40000f00 bm=0xf0 data=0x0000038100000000 miss
SITAR-L2 read addr=0x40000ef8 bm=0xff data=0x0000038100000000 hit
SITAR-L2 read addr=0x40000f00 bm=0xff data=0x0000038100000000 hit
SITAR-L2 write addr=0x5051ff90 bm=0x0f data=0x0000000000000384 hit
SITAR-L2 read addr=0x40000f08 bm=0xff data=0x0000000000000384 hit
SITAR-L2 read addr=0x40000f10 bm=0xff data=0x0000000000000384 hit
SITAR-L2 write addr=0x40000f08 bm=0x0f data=0x0000000000000384 hit
SITAR-L2 read addr=0x40000f18 bm=0xff data=0x0000000000000384 hit
SITAR-L2 read addr=0x40000f00 bm=0xff data=0x0000000000000384 hit
SITAR-L2 read addr=0x40000f20 bm=0xff data=0x0000000000000384 hit
SITAR-L2 read addr=0x40000f08 bm=0xff data=0x0000000000000384 hit
SITAR-L2 read addr=0x40000f28 bm=0xff data=0x0000000000000384 hit
SITAR-L2 read addr=0x40000f10 bm=0xff data=0x0000000000000384 hit
SITAR-L2 read addr=0x40000f30 bm=0xff data=0x0000000000000384 hit
SITAR-L2 read addr=0x40000f18 bm=0xff data=0x0000000000000384 hit
SITAR-L2 read addr=0x40000f38 bm=0xff data=0x0000000000000384 hit
SITAR-L2 read addr=0x40000f20 bm=0xff data=0x0000000000000384 hit
SITAR-L2 write addr=0xffffef94 bm=0x0f data=0x0000000000000385 hit
SITAR-L2 read addr=0x40000f28 bm=0xff data=0x0000000000000385 hit
SITAR-L2 read addr=0x40000f30 bm=0xff data=0x0000000000000385 hit
SITAR-L2 write addr=0x40000f10 bm=0xf0 data=0x0000038500000000 hit
SITAR-L2 read addr=0x40000f38 bm=0xff data=0x0000038500000000 hit
SITAR-L2 read addr=0x40000f00 bm=0xff data=0x0000038500000000 hit
SITAR-L2 write addr=0x5051ff90 bm=0x0f data=0x0000000000000388 hit
SITAR-L2 read addr=0x40000f08 bm=0xff data=0x0000000000000388 hit
SITAR-L2 read addr=0x40000f10 bm=0xff data=0x0000000000000388 hit
SITAR-L2 write addr=0x40000f18 bm=0x0f data=0x0000000000000388 hit
SITAR-L2 read addr=0x40000f18 bm=0xff data=0x0000000000000388 hit
SITAR-L2 read addr=0x40000f00 bm=0xff data=0x0000000000000388 hit
SITAR-L2 read addr=0x40000f20 bm=0xff data=0x0000000000000388 hit
SITAR-L2 read addr=0x40000f08 bm=0xff data=0x0000000000000388 hit
SITAR-L2 read addr=0x40000f28 bm=0xff data=0x0000000000000388 hit
SITAR-L2 read addr=0x40000f10 bm=0xff data=0x0000000000000388 hit
SITAR-L2 read addr=0x40000f30 bm=0xff data=0x0000000000000388 hit
SITAR-L2 read addr=0x40000f18 bm=0xff data=0x0000000000000388 hit
SITAR-L2 read addr=0x40000f38 bm=0xff data=0x0000000000000388 hit
SITAR-L2 read addr=0x40000f20 bm=0xff data=0x0000000000000388 hit
SITAR-L2 write addr=0xffffef94 bm=0x0f data=0x0000000000000389 hit
SITAR-L2 read addr=0x40000f28 bm=0xff data=0x0000000000000389 hit
SITAR-L2 read addr=0x40000f30 bm=0xff data=0x0000000000000389 hit
SITAR-L2 write addr=0x40000f20 bm=0xf0 data=0x0000038900000000 hit
SITAR-L2 read addr=0x40000f38 bm=0xff data=0x0000038900000000 hit
SITAR-L2 read addr=0x40000f00 bm=0xff data=0x0000038900000000 hit
SITAR-L2 write addr=0x5051ff90 bm=0x0f data=0x000000000000038c hit
SITAR-L2 read addr=0x40000f08 bm=0xff data=0x000000000000038c hit
SITAR-L2 read addr=0x40000f10 bm=0xff data=0x000000000000038c hit
SITAR-L2 write addr=0x40000f28 bm=0x0f data=0x000000000000038c hit
SITAR-L2 read addr=0x40000f18 bm=0xff data=0x000000000000038c hit
SITAR-L2 read addr=0x40000f00 bm=0xff data=0x000000000000038c hit
SITAR-L2 read addr=0x40000f20 bm=0xff data=0x000000000000038c hit
SITAR-L2 read addr=0x40000f08 bm=0xff data=0x000000000000038c hit
SITAR-L2 read addr=0x40000f28 bm=0xff data=0x000000000000038c hit
SITAR-L2 read addr=0x40000f10 bm=0xff data=0x000000000000038c hit
SITAR-L2 read addr=0x40000f30 bm=0xff data=0x000000000000038c hit
SITAR-L2 read addr=0x40000f18 bm=0xff data=0x000000000000038c hit
SITAR-L2 read addr=0x40000f38 bm=0xff data=0x000000000000038c hit
SITAR-L2 read addr=0x40000f20 bm=0xff data=0x000000000000038c hit
SITAR-L2 write addr=0xffffef94 bm=0x0f data=0x000000000000038d hit
SITAR-L2 read addr=0x40000f28 bm=0xff data=0x000000000000038d hit
SITAR-L2 read addr=0x40000f30 bm=0xff data=0x000000000000038d hit
SITAR-L2 write addr=0x40000f30 bm=0xf0 data=0x0000038d00000000 hit
SITAR-L2 read addr=0x40000f38 bm=0xff data=0x0000038d00000000 hit
SITAR-L2 read addr=0x40000f00 bm=0xff data=0x0000038d00000000 hit
SITAR-L2 write addr=0x5051ff90 bm=0x0f data=0x0000000000000390 hit
SITAR-L2 read addr=0x40000f08 bm=0xff data=0x0000000000000390 hit
SITAR-L2 read addr=0x40000f10 bm=0xff data=0x0000000000000390 hit
SITAR-L2 write addr=0x40000f38 bm=0x0f data=0x0000000000000390 hit
SITAR-L2 read addr=0x40000f18 bm=0xff data=0x0000000000000390 hit
SITAR-L2 read addr=0x40000f00 bm=0xff data=0x0000000000000390 hit
SITAR-L2 read addr=0x40000f20 bm=0xff data=0x0000000000000390 hit
SITAR-L2 read addr=0x40000f08 bm=0xff data=0x0000000000000390 hit
SITAR-L2 read addr=0x40000f28 bm=0xff data=0x0000000000000390 hit
SITAR-L2 read addr=0x40000f10 bm=0xff data=0x0000000000000390 hit
SITAR-L2 read addr=0x40000f30 bm=0xff data=0x0000000000000390 hit
SITAR-L2 read addr=0x40000f18 bm=0xff data=0x0000000000000390 hit
SITAR-L2 read addr=0x40000f38 bm=0xff data=0x0000000000000390 hit
SITAR-L2 read addr=0x40000f20 bm=0xff data=0x0000000000000390 hit
SITAR-L2 write addr=0xffffef94 bm=0x0f data=0x0000000000000391 hit
SITAR-L2 read addr=0x40000f28 bm=0xff data=0x0000000000000391 hit
SITAR-L2 read addr=0x40000f30 bm=0xff data=0x0000000000000391 hit
SITAR-L2 write addr=0x40000f40 bm=0xf0 data=0x0000039100000000 miss
SITAR-L2 read addr=0x40000f38 bm=0xff data=0x0000039100000000 hit
SITAR-L2 read addr=0x40000f40 bm=0xff data=0x0000039100000000 hit
SITAR-L2 write addr=0x5051ff90 bm=0x0f data=0x0000000000000394 hit
SITAR-L2 read addr=0x40000f48 bm=0xff data=0x0000000000000394 hit
SITAR-L2 read addr=0x40000f50 bm=0xff data=0x0000000000000394 hit
SITAR-L2 write addr=0x40000f48 bm=0x0f data=0x0000000000000394 hit
SITAR-L2 read addr=0x40000f58 bm=0xff data=0x0000000000000394 hit
SITAR-L2 read addr=0x40000f40 bm=0xff data=0x0000000000000394 hit
SITAR-L2 read addr=0x40000f60 bm=0xff data=0x0000000000000394 hit
SITAR-L2 read addr=0x40000f48 bm=0xff data=0x0000000000000394 hit
SITAR-L2 read addr=0x40000f68 bm=0xff data=0x0000000000000394 hit
SITAR-L2 read addr=0x40000f50 bm=0xff data=0x0000000000000394 hit
SITAR-L2 read addr=0x40000f70 bm=0xff data=0x0000000000000394 hit
SITAR-L2 read addr=0x40000f58 bm=0xff data=0x0000000000000394 hit
SITAR-L2 read addr=0x40000f78 bm=0xff data=0x0000000000000394 hit
SITAR-L2 read addr=0x40000f60 bm=0xff data=0x0000000000000394 hit
SITAR-L2 write addr=0xffffef94 bm=0x0f data=0x0000000000000395 hit
SITAR-L2 read addr=0x40000f68 bm=0xff data=0x0000000000000395 hit
SITAR-L2 read addr=0x40000f70 bm=0xff data=0x0000000000000395 hit
SITAR-L2 write addr=0x40000f50 bm=0xf0 data=0x0000039500000000 hit
SITAR-L2 read addr=0x40000f78 bm=0xff data=0x0000039500000000 hit
SITAR-L2 read addr=0x40000f40 bm=0xff data=0x0000039500000000 hit
SITAR-L2 write addr=0x5051ff90 bm=0x0f data=0x0000000000000398 hit
SITAR-L2 read addr=0x40000f48 bm=0xff data=0x0000000000000398 hit
SITAR-L2 read addr=0x40000f50 bm=0xff data=0x0000000000000398 hit
SITAR-L2 write addr=0x40000f58 bm=0x0f data=0x0000000000000398 hit
SITAR-L2 read addr=0x40000f58 bm=0xff data=0x0000000000000398 hit
SITAR-L2 read addr=0x40000f40 bm=0xff data=0x0000000000000398 hit
SITAR-L2 read addr=0x40000f60 bm=0xff data=0x0000000000000398 hit
SITAR-L2 read addr=0x40000f48 bm=0xff data=0x0000000000000398 hit
SITAR-L2 read addr=0x40000f68 bm=0xff data=0x0000000000000398 hit
SITAR-L2 read addr=0x40000f50 bm=0xff data=0x0000000000000398 hit
SITAR-L2 read addr=0x40000f70 bm=0xff data=0x0000000000000398 hit
SITAR-L2 read addr=0x40000f58 bm=0xff data=0x0000000000000398 hit
SITAR-L2 read addr=0x40000f78 bm=0xff data=0x0000000000000398 hit
SITAR-L2 read addr=0x40000f60 bm=0xff data=0x0000000000000398 hit
SITAR-L2 write addr=0xffffef94 bm=0x0f data=0x0000000000000399 hit
SITAR-L2 read addr=0x40000f68 bm=0xff data=0x0000000000000399 hit
SITAR-L2 read addr=0x40000f70 bm=0xff data=0x0000000000000399 hit
SITAR-L2 write addr=0x40000f60 bm=0xf0 data=0x0000039900000000 hit
SITAR-L2 read addr=0x40000f78 bm=0xff data=0x0000039900000000 hit
SITAR-L2 read addr=0x40000f40 bm=0xff data=0x0000039900000000 hit
SITAR-L2 write addr=0x5051ff90 bm=0x0f data=0x000000000000039c hit
SITAR-L2 read addr=0x40000f48 bm=0xff data=0x000000000000039c hit
SITAR-L2 read addr=0x40000f50 bm=0xff data=0x000000000000039c hit
SITAR-L2 write addr=0x40000f68 bm=0x0f data=0x000000000000039c hit
SITAR-L2 read addr=0x40000f58 bm=0xff data=0x000000000000039c hit
SITAR-L2 read addr=0x40000f40 bm=0xff data=0x000000000000039c hit
SITAR-L2 read addr=0x40000f60 bm=0xff data=0x000000000000039c hit
SITAR-L2 read addr=0x40000f48 bm=0xff data=0x000000000000039c hit
SITAR-L2 read addr=0x40000f68 bm=0xff data=0x000000000000039c hit
SITAR-L2 read addr=0x40000f50 bm=0xff data=0x000000000000039c hit
SITAR-L2 read addr=0x40000f70 bm=0xff data=0x000000000000039c hit
SITAR-L2 read addr=0x40000f58 bm=0xff data=0x000000000000039c hit
SITAR-L2 read addr=0x40000f78 bm=0xff data=0x000000000000039c hit
SITAR-L2 read addr=0x40000f60 bm=0xff data=0x000000000000039c hit
SITAR-L2 write addr=0xffffef94 bm=0x0f data=0x000000000000039d hit
SITAR-L2 read addr=0x40000f68 bm=0xff data=0x000000000000039d hit
SITAR-L2 read addr=0x40000f70 bm=0xff data=0x000000000000039d hit
SITAR-L2 write addr=0x40000f70 bm=0xf0 data=0x0000039d00000000 hit
SITAR-L2 read addr=0x40000f78 bm=0xff data=0x0000039d00000000 hit
SITAR-L2 read addr=0x40000f40 bm=0xff data=0x0000039d00000000 hit
SITAR-L2 write addr=0x5051ff90 bm=0x0f data=0x00000000000003a0 hit
SITAR-L2 read addr=0x40000f48 bm=0xff data=0x00000000000003a0 hit
SITAR-L2 read addr=0x40000f50 bm=0xff data=0x00000000000003a0 hit
SITAR-L2 write addr=0x40000f78 bm=0x0f data=0x00000000000003a0 hit
SITAR-L2 read addr=0x40000f58 bm=0xff data=0x00000000000003a0 hit
SITAR-L2 read addr=0x40000f40 bm=0xff data=0x00000000000003a0 hit
SITAR-L2 read addr=0x40000f60 bm=0xff data=0x00000000000003a0 hit
SITAR-L2 read addr=0x40000f48 bm=0xff data=0x00000000000003a0 hit
SITAR-L2 read addr=0x40000f68 bm=0xff data=0x00000000000003a0 hit
SITAR-L2 read addr=0x40000f50 bm=0xff data=0x00000000000003a0 hit
SITAR-L2 read addr=0x40000f70 bm=0xff data=0x00000000000003a0 hit
SITAR-L2 read addr=0x40000f58 bm=0xff data=0x00000000000003a0 hit
SITAR-L2 read addr=0x40000f78 bm=0xff data=0x00000000000003a0 hit
SITAR-L2 read addr=0x40000f60 bm=0xff data=0x00000000000003a0 hit
SITAR-L2 write addr=0xffffef94 bm=0x0f data=0x00000000000003a1 hit
SITAR-L2 read addr=0x40000f68 bm=0xff data=0x00000000000003a1 hit
SITAR-L2 read addr=0x40000f70 bm=0xff data=0x00000000000003a1 hit
SITAR-L2 write addr=0x40000f80 bm=0xf0 data=0x000003a100000000 miss
SITAR-L2 read addr=0x40000f78 bm=0xff data=0x000003a100000000 hit
SITAR-L2 read addr=0x40000f80 bm=0xff data=0x000003a100000000 hit
SITAR-L2 write addr=0x5051ff90 bm=0x0f data=0x00000000000003a4 hit
SITAR-L2 read addr=0x40000f88 bm=0xff data=0x00000000000003a4 hit
SITAR-L2 read addr=0x40000f90 bm=0xff data=0x00000000000003a4 hit
SITAR-L2 write addr=0x40000f88 bm=0x0f data=0x00000000000003a4 hit
SITAR-L2 read addr=0x40000f98 bm=0xff data=0x00000000000003a4 hit
SITAR-L2 read addr=0x40000f80 bm=0xff data=0x00000000000003a4 hit
SITAR-L2 read addr=0x40000fa0 bm=0xff data=0x00000000000003a4 hit
SITAR-L2 read addr=0x40000f88 bm=0xff data=0x00000000000003a4 hit
SITAR-L2 read addr=0x40000fa8 bm=0xff data=0x00000000000003a4 hit
SITAR-L2 read addr=0x40000f90 bm=0xff data=0x00000000000003a4 hit
SITAR-L2 read addr=0x40000fb0 bm=0xff data=0x00000000000003a4 hit
SITAR-L2 read addr=0x40000f98 bm=0xff data=0x00000000000003a4 hit
SITAR-L2 read addr=0x40000fb8 bm=0xff data=0x00000000000003a4 hit
SITAR-L2 read addr=0x40000fa0 bm=0xff data=0x00000000000003a4 hit
SITAR-L2 write addr=0xffffef94 bm=0x0f data=0x00000000000003a5 hit
SITAR-L2 read addr=0x40000fa8 bm=0xff data=0x00000000000003a5 hit
SITAR-L2 read addr=0x40000fb0 bm=0xff data=0x00000000000003a5 hit
SITAR-L2 write addr=0x40000f90 bm=0xf0 data=0x000003a500000000 hit
SITAR-L2 read addr=0x40000fb8 bm=0xff data=0x000003a500000000 hit
SITAR-L2 read addr=0x40000f80 bm=0xff data=0x000003a500000000 hit
SITAR-L2 write addr=0x5051ff90 bm=0x0f data=0x00000000000003a8 hit
SITAR-L2 read addr=0x40000f88 bm=0xff data=0x00000000000003a8 hit
SITAR-L2 read addr=0x40000f90 bm=0xff data=0x00000000000003a8 hit
SITAR-L2 write addr=0x40000f98 bm=0x0f data=0x00000000000003a8 hit
SITAR-L2 read addr=0x40000f98 bm=0xff data=0x00000000000003a8 hit
SITAR-L2 read addr=0x40000f80 bm=0xff data=0x00000000000003a8 hit
SITAR-L2 read addr=0x40000fa0 bm=0xff data=0x00000000000003a8 hit
SITAR-L2 read addr=0x40000f88 bm=0xff data=0x00000000000003a8 hit
SITAR-L2 read addr=0x40000fa8 bm=0xff data=0x00000000000003a8 hit
SITAR-L2 read addr=0x40000f90 bm=0xff data=0x00000000000003a8 hit
SITAR-L2 read addr=0x40000fb0 bm=0xff data=0x00000000000003a8 hit
SITAR-L2 read addr=0x40000f98 bm=0xff data=0x00000000000003a8 hit
SITAR-L2 read addr=0x40000fb8 bm=0xff data=0x00000000000003a8 hit
SITAR-L2 read addr=0x40000fa0 bm=0xff data=0x00000000000003a8 hit
SITAR-L2 write addr=0xffffef94 bm=0x0f data=0x00000000000003a9 hit
SITAR-L2 read addr=0x40000fa8 bm=0xff data=0x00000000000003a9 hit
SITAR-L2 read addr=0x40000fb0 bm=0xff data=0x00000000000003a9 hit
SITAR-L2 write addr=0x40000fa0 bm=0xf0 data=0x000003a900000000 hit
SITAR-L2 read addr=0x40000fb8 bm=0xff data=0x000003a900000000 hit
SITAR-L2 read addr=0x40000f80 bm=0xff data=0x000003a900000000 hit
SITAR-L2 write addr=0x5051ff90 bm=0x0f data=0x00000000000003ac hit
SITAR-L2 read addr=0x40000f88 bm=0xff data=0x00000000000003ac hit
SITAR-L2 read addr=0x40000f90 bm=0xff data=0x00000000000003ac hit
SITAR-L2 write addr=0x40000fa8 bm=0x0f data=0x00000000000003ac hit
SITAR-L2 read addr=0x40000f98 bm=0xff data=0x00000000000003ac hit
SITAR-L2 read addr=0x40000f80 bm=0xff data=0x00000000000003ac hit
SITAR-L2 read addr=0x40000fa0 bm=0xff data=0x00000000000003ac hit
SITAR-L2 read addr=0x40000f88 bm=0xff data=0x00000000000003ac hit
SITAR-L2 read addr=0x40000fa8 bm=0xff data=0x00000000000003ac hit
SITAR-L2 read addr=0x40000f90 bm=0xff data=0x00000000000003ac hit
SITAR-L2 read addr=0x40000fb0 bm=0xff data=0x00000000000003ac hit
SITAR-L2 read addr=0x40000f98 bm=0xff data=0x00000000000003ac hit
SITAR-L2 read addr=0x40000fb8 bm=0xff data=0x00000000000003ac hit
SITAR-L2 read addr=0x40000fa0 bm=0xff data=0x00000000000003ac hit
SITAR-L2 write addr=0xffffef94 bm=0x0f data=0x00000000000003ad hit
SITAR-L2 read addr=0x40000fa8 bm=0xff data=0x00000000000003ad hit
SITAR-L2 read addr=0x40000fb0 bm=0xff data=0x00000000000003ad hit
SITAR-L2 write addr=0x40000fb0 bm=0xf0 data=0x000003ad00000000 hit
SITAR-L2 read addr=0x40000fb8 bm=0xff data=0x000003ad00000000 hit
SITAR-L2 read addr=0x40000f80 bm=0xff data=0x000003ad00000000 hit
SITAR-L2 write addr=0x5051ff90 bm=0x0f data=0x00000000000003b0 hit
SITAR-L2 read addr=0x40000f88 bm=0xff data=0x00000000000003b0 hit
SITAR-L2 read addr=0x40000f90 bm=0xff data=0x00000000000003b0 hit
SITAR-L2 write addr=0x40000fb8 bm=0x0f data=0x00000000000003b0 hit
SITAR-L2 read addr=0x40000f98 bm=0xff data=0x00000000000003b0 hit
SITAR-L2 read addr=0x40000f80 bm=0xff data=0x00000000000003b0 hit
SITAR-L2 read addr=0x40000fa0 bm=0xff data=0x00000000000003b0 hit
SITAR-L2 read addr=0x40000f88 bm=0xff data=0x00000000000003b0 hit
SITAR-L2 read addr=0x40000fa8 bm=0xff data=0x00000000000003b0 hit
SITAR-L2 read addr=0x40000f90 bm=0xff data=0x00000000000003b0 hit
SITAR-L2 read addr=0x40000fb0 bm=0xff data=0x00000000000003b0 hit
SITAR-L2 read addr=0x40000f98 bm=0xff data=0x00000000000003b0 hit
SITAR-L2 read addr=0x40000fb8 bm=0xff data=0x00000000000003b0 hit
SITAR-L2 read addr=0x40000fa0 bm=0xff data=0x00000000000003b0 hit
SITAR-L2 write addr=0xffffef94 bm=0x0f data=0x00000000000003b1 hit
SITAR-L2 read addr=0x40000fa8 bm=0xff data=0x00000000000003b1 hit
SITAR-L2 read addr=0x40000fb0 bm=0xff data=0x00000000000003b1 hit
SITAR-L2 write addr=0x40000fc0 bm=0xf0 data=0x000003b100000000 miss
SITAR-L2 read addr=0x40000fb8 bm=0xff data=0x000003b100000000 hit
SITAR-L2 read addr=0x40000fc0 bm=0xff data=0x000003b100000000 hit
SITAR-L2 write addr=0x5051ff90 bm=0x0f data=0x00000000000003b4 hit
SITAR-L2 read addr=0x40000fc8 bm=0xff data=0x00000000000003b4 hit
SITAR-L2 read addr=0x40000fd0 bm=0xff data=0x00000000000003b4 hit
SITAR-L2 write addr=0x40000fc8 bm=0x0f data=0x00000000000003b4 hit
SITAR-L2 read addr=0x40000fd8 bm=0xff data=0x00000000000003b4 hit
SITAR-L2 read addr=0x40000fc0 bm=0xff data=0x00000000000003b4 hit
SITAR-L2 read addr=0x40000fe0 bm=0xff data=0x00000000000003b4 hit
SITAR-L2 read addr=0x40000fc8 bm=0xff data=0x00000000000003b4 hit
SITAR-L2 read addr=0x40000fe8 bm=0xff data=0x00000000000003b4 hit
SITAR-L2 read addr=0x40000fd0 bm=0xff data=0x00000000000003b4 hit
SITAR-L2 read addr=0x40000ff0 bm=0xff data=0x00000000000003b4 hit
SITAR-L2 read addr=0x40000fd8 bm=0xff data=0x00000000000003b4 hit
SITAR-L2 read addr=0x40000ff8 bm=0xff data=0x00000000000003b4 hit
SITAR-L2 read addr=0x40000fe0 bm=0xff data=0x00000000000003b4 hit
SITAR-L2 write addr=0xffffef94 bm=0x0f data=0x00000000000003b5 hit
SITAR-L2 read addr=0x40000fe8 bm=0xff data=0x00000000000003b5 hit
SITAR-L2 read addr=0x40000ff0 bm=0xff data=0x00000000000003b5 hit
SITAR-L2 write addr=0x40000fd0 bm=0xf0 data=0x000003b500000000 hit
SITAR-L2 read addr=0x40000ff8 bm=0xff data=0x000003b500000000 hit
SITAR-L2 read addr=0x40000fc0 bm=0xff data=0x000003b500000000 hit
SITAR-L2 write addr=0x5051ff90 bm=0x0f data=0x00000000000003b8 hit
SITAR-L2 read addr=0x40000fc8 bm=0xff data=0x00000000000003b8 hit
SITAR-L2 read addr=0x40000fd0 bm=0xff data=0x00000000000003b8 hit
SITAR-L2 write addr=0x40000fd8 bm=0x0f data=0x00000000000003b8 hit
SITAR-L2 read addr=0x40000fd8 bm=0xff data=0x00000000000003b8 hit
SITAR-L2 read addr=0x40000fc0 bm=0xff data=0x00000000000003b8 hit
SITAR-L2 read addr=0x40000fe0 bm=0xff data=0x00000000000003b8 hit
SITAR-L2 read addr=0x40000fc8 bm=0xff data=0x00000000000003b8 hit
SITAR-L2 read addr=0x40000fe8 bm=0xff data=0x00000000000003b8 hit
SITAR-L2 read addr=0x40000fd0 bm=0xff data=0x00000000000003b8 hit
SITAR-L2 read addr=0x40000ff0 bm=0xff data=0x00000000000003b8 hit
SITAR-L2 read addr=0x40000fd8 bm=0xff data=0x00000000000003b8 hit
SITAR-L2 read addr=0x40000ff8 bm=0xff data=0x00000000000003b8 hit
SITAR-L2 read addr=0x40000fe0 bm=0xff data=0x00000000000003b8 hit
SITAR-L2 write addr=0xffffef94 bm=0x0f data=0x00000000000003b9 hit
SITAR-L2 read addr=0x40000fe8 bm=0xff data=0x00000000000003b9 hit
SITAR-L2 read addr=0x40000ff0 bm=0xff data=0x00000000000003b9 hit
SITAR-L2 write addr=0x40000fe0 bm=0xf0 data=0x000003b900000000 hit
SITAR-L2 read addr=0x40000ff8 bm=0xff data=0x000003b900000000 hit
SITAR-L2 read addr=0x40000fc0 bm=0xff data=0x000003b900000000 hit
SITAR-L2 write addr=0x5051ff90 bm=0x0f data=0x00000000000003bc hit
SITAR-L2 read addr=0x40000fc8 bm=0xff data=0x00000000000003bc hit
SITAR-L2 read addr=0x40000fd0 bm=0xff data=0x00000000000003bc hit
SITAR-L2 write addr=0x40000fe8 bm=0x0f data=0x00000000000003bc hit
SITAR-L2 read addr=0x40000fd8 bm=0xff data=0x00000000000003bc hit
SITAR-L2 read addr=0x40000fc0 bm=0xff data=0x00000000000003bc hit
SITAR-L2 read addr=0x40000fe0 bm=0xff data=0x00000000000003bc hit
SITAR-L2 read addr=0x40000fc8 bm=0xff data=0x00000000000003bc hit
SITAR-L2 read addr=0x40000fe8 bm=0xff data=0x00000000000003bc hit
SITAR-L2 read addr=0x40000fd0 bm=0xff data=0x00000000000003bc hit
SITAR-L2 read addr=0x40000ff0 bm=0xff data=0x00000000000003bc hit
SITAR-L2 read addr=0x40000fd8 bm=0xff data=0x00000000000003bc hit
SITAR-L2 read addr=0x40000ff8 bm=0xff data=0x00000000000003bc hit
SITAR-L2 read addr=0x40000fe0 bm=0xff data=0x00000000000003bc hit
SITAR-L2 write addr=0xffffef94 bm=0x0f data=0x00000000000003bd hit
SITAR-L2 read addr=0x40000fe8 bm=0xff data=0x00000000000003bd hit
SITAR-L2 read addr=0x40000ff0 bm=0xff data=0x00000000000003bd hit
SITAR-L2 write addr=0x40000ff0 bm=0xf0 data=0x000003bd00000000 hit
SITAR-L2 read addr=0x40000ff8 bm=0xff data=0x000003bd00000000 hit
SITAR-L2 read addr=0x40000fc0 bm=0xff data=0x000003bd00000000 hit
SITAR-L2 write addr=0x5051ff90 bm=0x0f data=0x00000000000003c0 hit
SITAR-L2 read addr=0x40000fc8 bm=0xff data=0x00000000000003c0 hit
SITAR-L2 read addr=0x40000fd0 bm=0xff data=0x00000000000003c0 hit
SITAR-L2 write addr=0x40000ff8 bm=0x0f data=0x00000000000003c0 hit
SITAR-L2 read addr=0x40000fd8 bm=0xff data=0x00000000000003c0 hit
SITAR-L2 read addr=0x40000fc0 bm=0xff data=0x00000000000003c0 hit
SITAR-L2 read addr=0x40000fe0 bm=0xff data=0x00000000000003c0 hit
SITAR-L2 read addr=0x40000fc8 bm=0xff data=0x00000000000003c0 hit
SITAR-L2 read addr=0x40000fe8 bm=0xff data=0x00000000000003c0 hit
SITAR-L2 read addr=0x40000fd0 bm=0xff data=0x00000000000003c0 hit
SITAR-L2 read addr=0x40000ff0 bm=0xff data=0x00000000000003c0 hit
SITAR-L2 read addr=0x40000fd8 bm=0xff data=0x00000000000003c0 hit
SITAR-L2 read addr=0x40000ff8 bm=0xff data=0x00000000000003c0 hit
SITAR-L2 read addr=0x40000fe0 bm=0xff data=0x00000000000003c0 hit
SITAR-L2 write addr=0xffffef94 bm=0x0f data=0x00000000000003c1 hit
SITAR-L2 read addr=0x40000fe8 bm=0xff data=0x00000000000003c1 hit
SITAR-L2 read addr=0x40000ff0 bm=0xff data=0x00000000000003c1 hit
SITAR-L2 write addr=0x40001000 bm=0xf0 data=0x000003c100000000 miss
SITAR-L2 read addr=0x40000ff8 bm=0xff data=0x000003c100000000 hit
SITAR-L2 read addr=0x40001000 bm=0xff data=0x000003c100000000 hit
SITAR-L2 write addr=0x5051ff90 bm=0x0f data=0x00000000000003c4 hit
SITAR-L2 read addr=0x40001008 bm=0xff data=0x00000000000003c4 hit
SITAR-L2 read addr=0x40001010 bm=0xff data=0x00000000000003c4 hit
SITAR-L2 write addr=0x40001008 bm=0x0f data=0x00000000000003c4 hit
SITAR-L2 read addr=0x40001018 bm=0xff data=0x00000000000003c4 hit
SITAR-L2 read addr=0x40001000 bm=0xff data=0x00000000000003c4 hit
SITAR-L2 read addr=0x40001020 bm=0xff data=0x00000000000003c4 hit
SITAR-L2 read addr=0x40001008 bm=0xff data=0x00000000000003c4 hit
SITAR-L2 read addr=0x40001028 bm=0xff data=0x00000000000003c4 hit
SITAR-L2 read addr=0x40001010 bm=0xff data=0x00000000000003c4 hit
SITAR-L2 read addr=0x40001030 bm=0xff data=0x00000000000003c4 hit
SITAR-L2 read addr=0x40001018 bm=0xff data=0x00000000000003c4 hit
SITAR-L2 read addr=0x40001038 bm=0xff data=0x00000000000003c4 hit
SITAR-L2 read addr=0x40001020 bm=0xff data=0x00000000000003c4 hit
SITAR-L2 write addr=0xffffef94 bm=0x0f data=0x00000000000003c5 hit
SITAR-L2 read addr=0x40001028 bm=0xff data=0x00000000000003c5 hit
SITAR-L2 read addr=0x40001030 bm=0xff data=0x00000000000003c5 hit
SITAR-L2 write addr=0x40001010 bm=0xf0 data=0x000003c500000000 hit
SITAR-L2 read addr=0x40001038 bm=0xff data=0x000003c500000000 hit
SITAR-L2 read addr=0x40001000 bm=0xff data=0x000003c500000000 hit
SITAR-L2 write addr=0x5051ff90 bm=0x0f data=0x00000000000003c8 hit
SITAR-L2 read addr=0x40001008 bm=0xff data=0x00000000000003c8 hit
SITAR-L2 read addr=0x40001010 bm=0xff data=0x00000000000003c8 hit
SITAR-L2 write addr=0x40001018 bm=0x0f data=0x00000000000003c8 hit
SITAR-L2 read addr=0x40001018 bm=0xff data=0x00000000000003c8 hit
SITAR-L2 read addr=0x40001000 bm=0xff data=0x00000000000003c8 hit
SITAR-L2 read addr=0x40001020 bm=0xff data=0x00000000000003c8 hit
SITAR-L2 read addr=0x40001008 bm=0xff data=0x00000000000003c8 hit
SITAR-L2 read addr=0x40001028 bm=0xff data=0x00000000000003c8 hit
SITAR-L2 read addr=0x40001010 bm=0xff data=0x00000000000003c8 hit
SITAR-L2 read addr=0x40001030 bm=0xff data=0x00000000000003c8 hit
SITAR-L2 read addr=0x40001018 bm=0xff data=0x00000000000003c8 hit
SITAR-L2 read addr=0x40001038 bm=0xff data=0x00000000000003c8 hit
SITAR-L2 read addr=0x40001020 bm=0xff data=0x00000000000003c8 hit
SITAR-L2 write addr=0xffffef94 bm=0x0f data=0x00000000000003c9 hit
SITAR-L2 read addr=0x40001028 bm=0xff data=0x00000000000003c9 hit
SITAR-L2 read addr=0x40001030 bm=0xff data=0x00000000000003c9 hit
SITAR-L2 write addr=0x40001020 bm=0xf0 data=0x000003c900000000 hit
SITAR-L2 read addr=0x40001038 bm=0xff data=0x000003c900000000 hit
SITAR-L2 read addr=0x40001000 bm=0xff data=0x000003c900000000 hit
SITAR-L2 write addr=0x5051ff90 bm=0x0f data=0x00000000000003cc hit
SITAR-L2 read addr=0x40001008 bm=0xff data=0x00000000000003cc hit
SITAR-L2 read addr=0x40001010 bm=0xff data=0x00000000000003cc hit
SITAR-L2 write addr=0x40001028 bm=0x0f data=0x00000000000003cc hit
SITAR-L2 read addr=0x40001018 bm=0xff data=0x00000000000003cc hit
SITAR-L2 read addr=0x40001000 bm=0xff data=0x00000000000003cc hit
SITAR-L2 read addr=0x40001020 bm=0xff data=0x00000000000003cc hit
SITAR-L2 read addr=0x40001008 bm=0xff data=0x00000000000003cc hit
SITAR-L2 read addr=0x40001028 bm=0xff data=0x00000000000003cc hit
SITAR-L2 read addr=0x40001010 bm=0xff data=0x00000000000003cc hit
SITAR-L2 read addr=0x40001030 bm=0xff data=0x00000000000003cc hit
SITAR-L2 read addr=0x40001018 bm=0xff data=0x00000000000003cc hit
SITAR-L2 read addr=0x40001038 bm=0xff data=0x00000000000003cc hit
SITAR-L2 read addr=0x40001020 bm=0xff data=0x00000000000003cc hit
SITAR-L2 write addr=0xffffef94 bm=0x0f data=0x00000000000003cd hit
SITAR-L2 read addr=0x40001028 bm=0xff data=0x00000000000003cd hit
SITAR-L2 read addr=0x40001030 bm=0xff data=0x00000000000003cd hit
SITAR-L2 write addr=0x40001030 bm=0xf0 data=0x000003cd00000000 hit
SITAR-L2 read addr=0x40001038 bm=0xff data=0x000003cd00000000 hit
SITAR-L2 read addr=0x40001000 bm=0xff data=0x000003cd00000000 hit
SITAR-L2 write addr=0x5051ff90 bm=0x0f data=0x00000000000003d0 hit
SITAR-L2 read addr=0x40001008 bm=0xff data=0x00000000000003d0 hit
SITAR-L2 read addr=0x40001010 bm=0xff data=0x00000000000003d0 hit
SITAR-L2 write addr=0x40001038 bm=0x0f data=0x00000000000003d0 hit
SITAR-L2 read addr=0x40001018 bm=0xff data=0x00000000000003d0 hit
SITAR-L2 read addr=0x40001000 bm=0xff data=0x00000000000003d0 hit
SITAR-L2 read addr=0x40001020 bm=0xff data=0x00000000000003d0 hit
SITAR-L2 read addr=0x40001008 bm=0xff data=0x00000000000003d0 hit
SITAR-L2 read addr=0x40001028 bm=0xff data=0x00000000000003d0 hit
SITAR-L2 read addr=0x40001010 bm=0xff data=0x00000000000003d0 hit
SITAR-L2 read addr=0x40001030 bm=0xff data=0x00000000000003d0 hit
SITAR-L2 read addr=0x40001018 bm=0xff data=0x00000000000003d0 hit
SITAR-L2 read addr=0x40001038 bm=0xff data=0x00000000000003d0 hit
SITAR-L2 read addr=0x40001020 bm=0xff data=0x00000000000003d0 hit
SITAR-L2 write addr=0xffffef94 bm=0x0f data=0x00000000000003d1 hit
SITAR-L2 read addr=0x40001028 bm=0xff data=0x00000000000003d1 hit
SITAR-L2 read addr=0x40001030 bm=0xff data=0x00000000000003d1 hit
SITAR-L2 write addr=0x40001040 bm=0xf0 data=0x000003d100000000 miss
SITAR-L2 read addr=0x40001038 bm=0xff data=0x000003d100000000 hit
SITAR-L2 read addr=0x40001040 bm=0xff data=0x000003d100000000 hit
SITAR-L2 write addr=0x5051ff90 bm=0x0f data=0x00000000000003d4 hit
SITAR-L2 read addr=0x40001048 bm=0xff data=0x00000000000003d4 hit
SITAR-L2 read addr=0x40001050 bm=0xff data=0x00000000000003d4 hit
SITAR-L2 write addr=0x40001048 bm=0x0f data=0x00000000000003d4 hit
SITAR-L2 read addr=0x40001058 bm=0xff data=0x00000000000003d4 hit
SITAR-L2 read addr=0x40001040 bm=0xff data=0x00000000000003d4 hit
SITAR-L2 read addr=0x40001060 bm=0xff data=0x00000000000003d4 hit
SITAR-L2 read addr=0x40001048 bm=0xff data=0x00000000000003d4 hit
SITAR-L2 read addr=0x40001068 bm=0xff data=0x00000000000003d4 hit
SITAR-L2 read addr=0x40001050 bm=0xff data=0x00000000000003d4 hit
SITAR-L2 read addr=0x40001070 bm=0xff data=0x00000000000003d4 hit
SITAR-L2 read addr=0x40001058 bm=0xff data=0x00000000000003d4 hit
SITAR-L2 read addr=0x40001078 bm=0xff data=0x00000000000003d4 hit
SITAR-L2 read addr=0x40001060 bm=0xff data=0x00000000000003d4 hit
SITAR-L2 write addr=0xffffef94 bm=0x0f data=0x00000000000003d5 hit
SITAR-L2 read addr=0x40001068 bm=0xff data=0x00000000000003d5 hit
SITAR-L2 read addr=0x40001070 bm=0xff data=0x00000000000003d5 hit
SITAR-L2 write addr=0x40001050 bm=0xf0 data=0x000003d500000000 hit
SITAR-L2 read addr=0x40001078 bm=0xff data=0x000003d500000000 hit
SITAR-L2 read addr=0x40001040 bm=0xff data=0x000003d500000000 hit
SITAR-L2 write addr=0x5051ff90 bm=0x0f data=0x00000000000003d8 hit
SITAR-L2 read addr=0x40001048 bm=0xff data=0x00000000000003d8 hit
SITAR-L2 read addr=0x40001050 bm=0xff data=0x00000000000003d8 hit
SITAR-L2 write addr=0x40001058 bm=0x0f data=0x00000000000003d8 hit
SITAR-L2 read addr=0x40001058 bm=0xff data=0x00000000000003d8 hit
SITAR-L2 read addr=0x40001040 bm=0xff data=0x00000000000003d8 hit
SITAR-L2 read addr=0x40001060 bm=0xff data=0x00000000000003d8 hit
SITAR-L2 read addr=0x40001048 bm=0xff data=0x00000000000003d8 hit
SITAR-L2 read addr=0x40001068 bm=0xff data=0x00000000000003d8 hit
SITAR-L2 read addr=0x40001050 bm=0xff data=0x00000000000003d8 hit
SITAR-L2 read addr=0x40001070 bm=0xff data=0x00000000000003d8 hit
SITAR-L2 read addr=0x40001058 bm=0xff data=0x00000000000003d8 hit
SITAR-L2 read addr=0x40001078 bm=0xff data=0x00000000000003d8 hit
SITAR-L2 read addr=0x40001060 bm=0xff data=0x00000000000003d8 hit
SITAR-L2 write addr=0xffffef94 bm=0x0f data=0x00000000000003d9 hit
SITAR-L2 read addr=0x40001068 bm=0xff data=0x00000000000003d9 hit
SITAR-L2 read addr=0x40001070 bm=0xff data=0x00000000000003d9 hit
SITAR-L2 write addr=0x40001060 bm=0xf0 data=0x000003d900000000 hit
SITAR-L2 read addr=0x40001078 bm=0xff data=0x000003d900000000 hit
SITAR-L2 read addr=0x40001040 bm=0xff data=0x000003d900000000 hit
SITAR-L2 write addr=0x5051ff90 bm=0x0f data=0x00000000000003dc hit
SITAR-L2 read addr=0x40001048 bm=0xff data=0x00000000000003dc hit
SITAR-L2 read addr=0x40001050 bm=0xff data=0x00000000000003dc hit
SITAR-L2 write addr=0x40001068 bm=0x0f data=0x00000000000003dc hit
SITAR-L2 read addr=0x40001058 bm=0xff data=0x00000000000003dc hit
SITAR-L2 read addr=0x40001040 bm=0xff data=0x00000000000003dc hit
SITAR-L2 read addr=0x40001060 bm=0xff data=0x00000000000003dc hit
SITAR-L2 read addr=0x40001048 bm=0xff data=0x00000000000003dc hit
SITAR-L2 read addr=0x40001068 bm=0xff data=0x00000000000003dc hit
SITAR-L2 read addr=0x40001050 bm=0xff data=0x00000000000003dc hit
SITAR-L2 read addr=0x40001070 bm=0xff data=0x00000000000003dc hit
SITAR-L2 read addr=0x40001058 bm=0xff data=0x00000000000003dc hit
SITAR-L2 read addr=0x40001078 bm=0xff data=0x00000000000003dc hit
SITAR-L2 read addr=0x40001060 bm=0xff data=0x00000000000003dc hit
SITAR-L2 write addr=0xffffef94 bm=0x0f data=0x00000000000003dd hit
SITAR-L2 read addr=0x40001068 bm=0xff data=0x00000000000003dd hit
SITAR-L2 read addr=0x40001070 bm=0xff data=0x00000000000003dd hit
SITAR-L2 write addr=0x40001070 bm=0xf0 data=0x000003dd00000000 hit
SITAR-L2 read addr=0x40001078 bm=0xff data=0x000003dd00000000 hit
SITAR-L2 read addr=0x40001040 bm=0xff data=0x000003dd00000000 hit
SITAR-L2 write addr=0x5051ff90 bm=0x0f data=0x00000000000003e0 hit
SITAR-L2 read addr=0x40001048 bm=0xff data=0x00000000000003e0 hit
SITAR-L2 read addr=0x40001050 bm=0xff data=0x00000000000003e0 hit
SITAR-L2 write addr=0x40001078 bm=0x0f data=0x00000000000003e0 hit
SITAR-L2 read addr=0x40001058 bm=0xff data=0x00000000000003e0 hit
SITAR-L2 read addr=0x40001040 bm=0xff data=0x00000000000003e0 hit
SITAR-L2 read addr=0x40001060 bm=0xff data=0x00000000000003e0 hit
SITAR-L2 read addr=0x40001048 bm=0xff data=0x00000000000003e0 hit
SITAR-L2 read addr=0x40001068 bm=0xff data=0x00000000000003e0 hit
SITAR-L2 read addr=0x40001050 bm=0xff data=0x00000000000003e0 hit
SITAR-L2 read addr=0x40001070 bm=0xff data=0x00000000000003e0 hit
SITAR-L2 read addr=0x40001058 bm=0xff data=0x00000000000003e0 hit
SITAR-L2 read addr=0x40001078 bm=0xff data=0x00000000000003e0 hit
SITAR-L2 read addr=0x40001060 bm=0xff data=0x00000000000003e0 hit
SITAR-L2 write addr=0xffffef94 bm=0x0f data=0x00000000000003e1 hit
SITAR-L2 read addr=0x40001068 bm=0xff data=0x00000000000003e1 hit
SITAR-L2 read addr=0x40001070 bm=0xff data=0x00000000000003e1 hit
SITAR-L2 write addr=0x40001080 bm=0xf0 data=0x000003e100000000 miss
SITAR-L2 read addr=0x40001078 bm=0xff data=0x000003e100000000 hit
SITAR-L2 read addr=0x40001080 bm=0xff data=0x000003e100000000 hit
SITAR-L2 write addr=0x5051ff90 bm=0x0f data=0x00000000000003e4 hit
SITAR-L2 read addr=0x40001088 bm=0xff data=0x00000000000003e4 hit
SITAR-L2 read addr=0x40001090 bm=0xff data=0x00000000000003e4 hit
SITAR-L2 write addr=0x40001088 bm=0x0f data=0x00000000000003e4 hit
SITAR-L2 read addr=0x40001098 bm=0xff data=0x00000000000003e4 hit
SITAR-L2 read addr=0x40001080 bm=0xff data=0x00000000000003e4 hit
SITAR-L2 read addr=0x400010a0 bm=0xff data=0x00000000000003e4 hit
SITAR-L2 read addr=0x40001088 bm=0xff data=0x00000000000003e4 hit
SITAR-L2 read addr=0x400010a8 bm=0xff data=0x00000000000003e4 hit
SITAR-L2 read addr=0x40001090 bm=0xff data=0x00000000000003e4 hit
SITAR-L2 read addr=0x400010b0 bm=0xff data=0x00000000000003e4 hit
SITAR-L2 read addr=0x40001098 bm=0xff data=0x00000000000003e4 hit
SITAR-L2 read addr=0x400010b8 bm=0xff data=0x00000000000003e4 hit
SITAR-L2 read addr=0x400010a0 bm=0xff data=0x00000000000003e4 hit
SITAR-L2 write addr=0xffffef94 bm=0x0f data=0x00000000000003e5 hit
SITAR-L2 read addr=0x400010a8 bm=0xff data=0x00000000000003e5 hit
SITAR-L2 read addr=0x400010b0 bm=0xff data=0x00000000000003e5 hit
SITAR-L2 write addr=0x40001090 bm=0xf0 data=0x000003e500000000 hit
SITAR-L2 read addr=0x400010b8 bm=0xff data=0x000003e500000000 hit
SITAR-L2 read addr=0x40001080 bm=0xff data=0x000003e500000000 hit
SITAR-L2 write addr=0x5051ff90 bm=0x0f data=0x00000000000003e8 hit
SITAR-L2 read addr=0x40001088 bm=0xff data=0x00000000000003e8 hit
SITAR-L2 read addr=0x40001090 bm=0xff data=0x00000000000003e8 hit
SITAR-L2 write addr=0x40001098 bm=0x0f data=0x00000000000003e8 hit
SITAR-L2 read addr=0x40001098 bm=0xff data=0x00000000000003e8 hit
SITAR-L2 read addr=0x40001080 bm=0xff data=0x00000000000003e8 hit
SITAR-L2 read addr=0x400010a0 bm=0xff data=0x00000000000003e8 hit
SITAR-L2 read addr=0x40001088 bm=0xff data=0x00000000000003e8 hit
SITAR-L2 read addr=0x400010a8 bm=0xff data=0x00000000000003e8 hit
SITAR-L2 read addr=0x40001090 bm=0xff data=0x00000000000003e8 hit
SITAR-L2 read addr=0x400010b0 bm=0xff data=0x00000000000003e8 hit
SITAR-L2 read addr=0x40001098 bm=0xff data=0x00000000000003e8 hit
SITAR-L2 read addr=0x400010b8 bm=0xff data=0x00000000000003e8 hit
SITAR-L2 read addr=0x400010a0 bm=0xff data=0x00000000000003e8 hit
SITAR-L2 write addr=0xffffef94 bm=0x0f data=0x00000000000003e9 hit
SITAR-L2 read addr=0x400010a8 bm=0xff data=0x00000000000003e9 hit
SITAR-L2 read addr=0x400010b0 bm=0xff data=0x00000000000003e9 hit
SITAR-L2 write addr=0x400010a0 bm=0xf0 data=0x000003e900000000 hit
SITAR-L2 read addr=0x400010b8 bm=0xff data=0x000003e900000000 hit
SITAR-L2 read addr=0x40001080 bm=0xff data=0x000003e900000000 hit
SITAR-L2 write addr=0x5051ff90 bm=0x0f data=0x00000000000003ec hit
SITAR-L2 read addr=0x40001088 bm=0xff data=0x00000000000003ec hit
SITAR-L2 read addr=0x40001090 bm=0xff data=0x00000000000003ec hit
SITAR-L2 write addr=0x400010a8 bm=0x0f data=0x00000000000003ec hit
SITAR-L2 read addr=0x40001098 bm=0xff data=0x00000000000003ec hit
SITAR-L2 read addr=0x40001080 bm=0xff data=0x00000000000003ec hit
SITAR-L2 read addr=0x400010a0 bm=0xff data=0x00000000000003ec hit
SITAR-L2 read addr=0x40001088 bm=0xff data=0x00000000000003ec hit
SITAR-L2 read addr=0x400010a8 bm=0xff data=0x00000000000003ec hit
SITAR-L2 read addr=0x40001090 bm=0xff data=0x00000000000003ec hit
SITAR-L2 read addr=0x400010b0 bm=0xff data=0x00000000000003ec hit
SITAR-L2 read addr=0x40001098 bm=0xff data=0x00000000000003ec hit
SITAR-L2 read addr=0x400010b8 bm=0xff data=0x00000000000003ec hit
SITAR-L2 read addr=0x400010a0 bm=0xff data=0x00000000000003ec hit
SITAR-L2 write addr=0xffffef94 bm=0x0f data=0x00000000000003ed hit
SITAR-L2 read addr=0x400010a8 bm=0xff data=0x00000000000003ed hit
SITAR-L2 read addr=0x400010b0 bm=0xff data=0x00000000000003ed hit
SITAR-L2 write addr=0x400010b0 bm=0xf0 data=0x000003ed00000000 hit
SITAR-L2 read addr=0x400010b8 bm=0xff data=0x000003ed00000000 hit
SITAR-L2 read addr=0x40001080 bm=0xff data=0x000003ed00000000 hit
SITAR-L2 write addr=0x5051ff90 bm=0x0f data=0x00000000000003f0 hit
SITAR-L2 read addr=0x40001088 bm=0xff data=0x00000000000003f0 hit
SITAR-L2 read addr=0x40001090 bm=0xff data=0x00000000000003f0 hit
SITAR-L2 write addr=0x400010b8 bm=0x0f data=0x00000000000003f0 hit
SITAR-L2 read addr=0x40001098 bm=0xff data=0x00000000000003f0 hit
SITAR-L2 read addr=0x40001080 bm=0xff data=0x00000000000003f0 hit
SITAR-L2 read addr=0x400010a0 bm=0xff data=0x00000000000003f0 hit
SITAR-L2 read addr=0x40001088 bm=0xff data=0x00000000000003f0 hit
SITAR-L2 read addr=0x400010a8 bm=0xff data=0x00000000000003f0 hit
SITAR-L2 read addr=0x40001090 bm=0xff data=0x00000000000003f0 hit
SITAR-L2 read addr=0x400010b0 bm=0xff data=0x00000000000003f0 hit
SITAR-L2 read addr=0x40001098 bm=0xff data=0x00000000000003f0 hit
SITAR-L2 read addr=0x400010b8 bm=0xff data=0x00000000000003f0 hit
SITAR-L2 read addr=0x400010a0 bm=0xff data=0x00000000000003f0 hit
SITAR-L2 write addr=0xffffef94 bm=0x0f data=0x00000000000003f1 hit
SITAR-L2 read addr=0x400010a8 bm=0xff data=0x00000000000003f1 hit
SITAR-L2 read addr=0x400010b0 bm=0xff data=0x00000000000003f1 hit
SITAR-L2 write addr=0x400010c0 bm=0xf0 data=0x000003f100000000 miss
SITAR-L2 read addr=0x400010b8 bm=0xff data=0x000003f100000000 hit
SITAR-L2 read addr=0x400010c0 bm=0xff data=0x000003f100000000 hit
SITAR-L2 write addr=0x5051ff90 bm=0x0f data=0x00000000000003f4 hit
SITAR-L2 read addr=0x400010c8 bm=0xff data=0x00000000000003f4 hit
SITAR-L2 read addr=0x400010d0 bm=0xff data=0x00000000000003f4 hit
SITAR-L2 write addr=0x400010c8 bm=0x0f data=0x00000000000003f4 hit
SITAR-L2 read addr=0x400010d8 bm=0xff data=0x00000000000003f4 hit
SITAR-L2 read addr=0x400010c0 bm=0xff data=0x00000000000003f4 hit
SITAR-L2 read addr=0x400010e0 bm=0xff data=0x00000000000003f4 hit
SITAR-L2 read addr=0x400010c8 bm=0xff data=0x00000000000003f4 hit
SITAR-L2 read addr=0x400010e8 bm=0xff data=0x00000000000003f4 hit
SITAR-L2 read addr=0x400010d0 bm=0xff data=0x00000000000003f4 hit
SITAR-L2 read addr=0x400010f0 bm=0xff data=0x00000000000003f4 hit
SITAR-L2 read addr=0x400010d8 bm=0xff data=0x00000000000003f4 hit
SITAR-L2 read addr=0x400010f8 bm=0xff data=0x00000000000003f4 hit
SITAR-L2 read addr=0x400010e0 bm=0xff data=0x00000000000003f4 hit
SITAR-L2 write addr=0xffffef94 bm=0x0f data=0x00000000000003f5 hit
SITAR-L2 read addr=0x400010e8 bm=0xff data=0x00000000000003f5 hit
SITAR-L2 read addr=0x400010f0 bm=0xff data=0x00000000000003f5 hit
SITAR-L2 write addr=0x400010d0 bm=0xf0 data=0x000003f500000000 hit
SITAR-L2 read addr=0x400010f8 bm=0xff data=0x000003f500000000 hit
SITAR-L2 read addr=0x400010c0 bm=0xff data=0x000003f500000000 hit
SITAR-L2 write addr=0x5051ff90 bm=0x0f data=0x00000000000003f8 hit
SITAR-L2 read addr=0x400010c8 bm=0xff data=0x00000000000003f8 hit
SITAR-L2 read addr=0x400010d0 bm=0xff data=0x00000000000003f8 hit
SITAR-L2 write addr=0x400010d8 bm=0x0f data=0x00000000000003f8 hit
SITAR-L2 read addr=0x400010d8 bm=0xff data=0x00000000000003f8 hit
SITAR-L2 read addr=0x400010c0 bm=0xff data=0x00000000000003f8 hit
SITAR-L2 read addr=0x400010e0 bm=0xff data=0x00000000000003f8 hit
SITAR-L2 read addr=0x400010c8 bm=0xff data=0x00000000000003f8 hit
SITAR-L2 read addr=0x400010e8 bm=0xff data=0x00000000000003f8 hit
SITAR-L2 read addr=0x400010d0 bm=0xff data=0x00000000000003f8 hit
SITAR-L2 read addr=0x400010f0 bm=0xff data=0x00000000000003f8 hit
SITAR-L2 read addr=0x400010d8 bm=0xff data=0x00000000000003f8 hit
SITAR-L2 read addr=0x400010f8 bm=0xff data=0x00000000000003f8 hit
SITAR-L2 read addr=0x400010e0 bm=0xff data=0x00000000000003f8 hit
SITAR-L2 write addr=0xffffef94 bm=0x0f data=0x00000000000003f9 hit
SITAR-L2 read addr=0x400010e8 bm=0xff data=0x00000000000003f9 hit
SITAR-L2 read addr=0x400010f0 bm=0xff data=0x00000000000003f9 hit
SITAR-L2 write addr=0x400010e0 bm=0xf0 data=0x000003f900000000 hit
SITAR-L2 read addr=0x400010f8 bm=0xff data=0x000003f900000000 hit
SITAR-L2 read addr=0x400010c0 bm=0xff data=0x000003f900000000 hit
SITAR-L2 write addr=0x5051ff90 bm=0x0f data=0x00000000000003fc hit
SITAR-L2 read addr=0x400010c8 bm=0xff data=0x00000000000003fc hit
SITAR-L2 read addr=0x400010d0 bm=0xff data=0x00000000000003fc hit
SITAR-L2 write addr=0x400010e8 bm=0x0f data=0x00000000000003fc hit
SITAR-L2 read addr=0x400010d8 bm=0xff data=0x00000000000003fc hit
SITAR-L2 read addr=0x400010c0 bm=0xff data=0x00000000000003fc hit
SITAR-L2 read addr=0x400010e0 bm=0xff data=0x00000000000003fc hit
SITAR-L2 read addr=0x400010c8 bm=0xff data=0x00000000000003fc hit
SITAR-L2 read addr=0x400010e8 bm=0xff data=0x00000000000003fc hit
SITAR-L2 read addr=0x400010d0 bm=0xff data=0x00000000000003fc hit
SITAR-L2 read addr=0x400010f0 bm=0xff data=0x00000000000003fc hit
SITAR-L2 read addr=0x400010d8 bm=0xff data=0x00000000000003fc hit
SITAR-L2 read addr=0x400010f8 bm=0xff data=0x00000000000003fc hit
SITAR-L2 read addr=0x400010e0 bm=0xff data=0x00000000000003fc hit
SITAR-L2 write addr=0xffffef94 bm=0x0f data=0x00000000000003fd hit
SITAR-L2 read addr=0x400010e8 bm=0xff data=0x00000000000003fd hit
SITAR-L2 read addr=0x400010f0 bm=0xff data=0x00000000000003fd hit
SITAR-L2 write addr=0x400010f0 bm=0xf0 data=0x000003fd00000000 hit
SITAR-L2 read addr=0x400010f8 bm=0xff data=0x000003fd00000000 hit
SITAR-L2 read addr=0x400010c0 bm=0xff data=0x000003fd00000000 hit
SITAR-L2 write addr=0x5051ff90 bm=0x0f data=0x0000000000000400 hit
SITAR-L2 read addr=0x400010c8 bm=0xff data=0x0000000000000400 hit
SITAR-L2 read addr=0x400010d0 bm=0xff data=0x0000000000000400 hit
SITAR-L2 write addr=0x5051ff90 bm=0x0f data=0x0000000000000000 hit
SITAR-L2 read addr=0x400010d8 bm=0xff data=0x0000000000000000 hit
SITAR-L2 read addr=0x000064c0 bm=0xff data=0x0000000000000000 miss
SITAR-L2 read addr=0x400010e0 bm=0xff data=0x0000000000000000 hit
SITAR-L2 read addr=0x000064c8 bm=0xff data=0x0000000000000000 hit
SITAR-L2 read addr=0x400010e8 bm=0xff data=0x0000000000000000 hit
SITAR-L2 read addr=0x000064d0 bm=0xff data=0x0000000000000000 hit
SITAR-L2 read addr=0x400010f0 bm=0xff data=0x0000000000000000 hit
SITAR-L2 read addr=0x000064d8 bm=0xff data=0x0000000000000000 hit
SITAR-L2 read addr=0x400010f8 bm=0xff data=0x0000000000000000 hit
SITAR-L2 read addr=0x000064e0 bm=0xff data=0x0000000000000000 hit
SITAR-L2 write addr=0xffffef94 bm=0x0f data=0x0000000000000401 hit
SITAR-L2 read addr=0x000064e8 bm=0xff data=0x0000000000000401 hit
SITAR-L2 read addr=0x000064f0 bm=0xff data=0x0000000000000401 hit
SITAR-L2 write addr=0xffffef94 bm=0x0f data=0x0000000000000001 hit
SITAR-L2 read addr=0x000064f8 bm=0xff data=0x0000000000000001 hit
SITAR-L2 read addr=0x000064c0 bm=0xff data=0x0000000000000001 hit
SITAR-L2 read addr=0x000064c8 bm=0xff data=0x0000000000000001 hit
SITAR-L2 write addr=0x5051ff90 bm=0x0f data=0x0000000000000004 hit
SITAR-L2 read addr=0x000064d0 bm=0xff data=0x0000000000000004 hit
SITAR-L2 read addr=0x000064d8 bm=0xff data=0x0000000000000004 hit
SITAR-L2 read addr=0x000064e0 bm=0xff data=0x0000000000000004 hit
SITAR-L2 write addr=0x5051ff90 bm=0x0f data=0x0000000000000008 hit
SITAR-L2 read addr=0x000064e8 bm=0xff data=0x0000000000000008 hit
SITAR-L2 read addr=0x000064f0 bm=0xff data=0x0000000000000008 hit
SITAR-L2 read addr=0x000064f8 bm=0xff data=0x0000000000000008 hit
SITAR-L2 write addr=0x5051ff90 bm=0x0f data=0x000000000000000c hit
SITAR-L2 read addr=0x40000100 bm=0xff data=0x000000000000000c hit
SITAR-L2 read addr=0x40000108 bm=0xff data=0x000000000000000c hit
SITAR-L2 read addr=0x40000110 bm=0xff data=0x000000000000000c hit
SITAR-L2 write addr=0x5051ff90 bm=0x0f data=0x0000000000000010 hit
SITAR-L2 read addr=0x40000118 bm=0xff data=0x0000000000000010 hit
SITAR-L2 read addr=0x40000120 bm=0xff data=0x0000000000000010 hit
SITAR-L2 read addr=0x40000128 bm=0xff data=0x0000000000000010 hit
SITAR-L2 write addr=0x5051ff90 bm=0x0f data=0x0000000000000014 hit
SITAR-L2 read addr=0x40000130 bm=0xff data=0x0000000000000014 hit
SITAR-L2 read addr=0x40000138 bm=0xff data=0x0000000000000014 hit
SITAR-L2 write addr=0x5051ff90 bm=0x0f data=0x0000000000000018 hit
SITAR-L2 write addr=0xffffef94 bm=0x0f data=0x0000000000000005 hit
SITAR-L2 write addr=0x5051ff90 bm=0x0f data=0x000000000000001c hit
SITAR-L2 write addr=0xffffef94 bm=0x0f data=0x0000000000000009 hit
SITAR-L2 write addr=0x5051ff90 bm=0x0f data=0x0000000000000020 hit
SITAR-L2 write addr=0xffffef94 bm=0x0f data=0x000000000000000d hit
SITAR-L2 write addr=0x5051ff90 bm=0x0f data=0x0000000000000024 hit
SITAR-L2 write addr=0xffffef94 bm=0x0f data=0x0000000000000011 hit
SITAR-L2 write addr=0x5051ff90 bm=0x0f data=0x0000000000000028 hit
SITAR-L2 read addr=0x40000140 bm=0xff data=0x0000000000000028 hit
SITAR-L2 read addr=0x40000148 bm=0xff data=0x0000000000000028 hit
SITAR-L2 read addr=0x40000150 bm=0xff data=0x0000000000000028 hit
SITAR-L2 write addr=0x5051ff90 bm=0x0f data=0x000000000000002c hit
SITAR-L2 read addr=0x40000158 bm=0xff data=0x000000000000002c hit
SITAR-L2 read addr=0x40000160 bm=0xff data=0x000000000000002c hit
SITAR-L2 read addr=0x40000168 bm=0xff data=0x000000000000002c hit
SITAR-L2 write addr=0x5051ff90 bm=0x0f data=0x0000000000000030 hit
SITAR-L2 read addr=0x40000170 bm=0xff data=0x0000000000000030 hit
SITAR-L2 read addr=0x40000178 bm=0xff data=0x0000000000000030 hit
SITAR-L2 write addr=0x5051ff90 bm=0x0f data=0x0000000000000034 hit
SITAR-L2 write addr=0xffffef94 bm=0x0f data=0x0000000000000015 hit
SITAR-L2 write addr=0x5051ff90 bm=0x0f data=0x0000000000000038 hit
SITAR-L2 write addr=0xffffef94 bm=0x0f data=0x0000000000000019 hit
SITAR-L2 write addr=0x5051ff90 bm=0x0f data=0x000000000000003c hit
SITAR-L2 write addr=0xffffef94 bm=0x0f data=0x000000000000001d hit
SITAR-L2 write addr=0x5051ff90 bm=0x0f data=0x0000000000000040 hit
SITAR-L2 write addr=0xffffef94 bm=0x0f data=0x0000000000000021 hit
SITAR-L2 write addr=0x5051ff90 bm=0x0f data=0x0000000000000044 hit
SITAR-L2 read addr=0x40000180 bm=0xff data=0x0000000000000044 hit
SITAR-L2 read addr=0x40000188 bm=0xff data=0x0000000000000044 hit
SITAR-L2 read addr=0x40000190 bm=0xff data=0x0000000000000044 hit
SITAR-L2 write addr=0x5051ff90 bm=0x0f data=0x0000000000000048 hit
SITAR-L2 read addr=0x40000198 bm=0xff data=0x0000000000000048 hit
SITAR-L2 read addr=0x400001a0 bm=0xff data=0x0000000000000048 hit
SITAR-L2 read addr=0x400001a8 bm=0xff data=0x0000000000000048 hit
SITAR-L2 write addr=0x5051ff90 bm=0x0f data=0x000000000000004c hit
SITAR-L2 read addr=0x400001b0 bm=0xff data=0x000000000000004c hit
SITAR-L2 read addr=0x400001b8 bm=0xff data=0x000000000000004c hit
SITAR-L2 write addr=0x5051ff90 bm=0x0f data=0x0000000000000050 hit
SITAR-L2 write addr=0xffffef94 bm=0x0f data=0x0000000000000025 hit
SITAR-L2 write addr=0x5051ff90 bm=0x0f data=0x0000000000000054 hit
SITAR-L2 write addr=0xffffef94 bm=0x0f data=0x0000000000000029 hit
SITAR-L2 write addr=0x5051ff90 bm=0x0f data=0x0000000000000058 hit
SITAR-L2 write addr=0xffffef94 bm=0x0f data=0x000000000000002d hit
SITAR-L2 write addr=0x5051ff90 bm=0x0f data=0x000000000000005c hit
SITAR-L2 write addr=0xffffef94 bm=0x0f data=0x0000000000000031 hit
SITAR-L2 write addr=0x5051ff90 bm=0x0f data=0x0000000000000060 hit
SITAR-L2 read addr=0x400001c0 bm=0xff data=0x0000000000000060 hit
SITAR-L2 read addr=0x400001c8 bm=0xff data=0x0000000000000060 hit
SITAR-L2 read addr=0x400001d0 bm=0xff data=0x0000000000000060 hit
SITAR-L2 write addr=0x5051ff90 bm=0x0f data=0x0000000000000064 hit
SITAR-L2 read addr=0x400001d8 bm=0xff data=0x0000000000000064 hit
SITAR-L2 read addr=0x400001e0 bm=0xff data=0x0000000000000064 hit
SITAR-L2 read addr=0x400001e8 bm=0xff data=0x0000000000000064 hit
SITAR-L2 write addr=0x5051ff90 bm=0x0f data=0x0000000000000068 hit
SITAR-L2 read addr=0x400001f0 bm=0xff data=0x0000000000000068 hit
SITAR-L2 read addr=0x400001f8 bm=0xff data=0x0000000000000068 hit
SITAR-L2 write addr=0x5051ff90 bm=0x0f data=0x000000000000006c hit
SITAR-L2 write addr=0xffffef94 bm=0x0f data=0x0000000000000035 hit
SITAR-L2 write addr=0x5051ff90 bm=0x0f data=0x0000000000000070 hit
SITAR-L2 write addr=0xffffef94 bm=0x0f data=0x0000000000000039 hit
SITAR-L2 write addr=0x5051ff90 bm=0x0f data=0x0000000000000074 hit
SITAR-L2 write addr=0xffffef94 bm=0x0f data=0x000000000000003d hit
SITAR-L2 write addr=0x5051ff90 bm=0x0f data=0x0000000000000078 hit
SITAR-L2 write addr=0xffffef94 bm=0x0f data=0x0000000000000041 hit
SITAR-L2 write addr=0x5051ff90 bm=0x0f data=0x000000000000007c hit
SITAR-L2 read addr=0x40000200 bm=0xff data=0x000000000000007c hit
SITAR-L2 read addr=0x40000208 bm=0xff data=0x000000000000007c hit
SITAR-L2 read addr=0x40000210 bm=0xff data=0x000000000000007c hit
SITAR-L2 write addr=0x5051ff90 bm=0x0f data=0x0000000000000080 hit
SITAR-L2 read addr=0x40000218 bm=0xff data=0x0000000000000080 hit
SITAR-L2 read addr=0x40000220 bm=0xff data=0x0000000000000080 hit
SITAR-L2 read addr=0x40000228 bm=0xff data=0x0000000000000080 hit
SITAR-L2 write addr=0x5051ff90 bm=0x0f data=0x0000000000000084 hit
SITAR-L2 read addr=0x40000230 bm=0xff data=0x0000000000000084 hit
SITAR-L2 read addr=0x40000238 bm=0xff data=0x0000000000000084 hit
SITAR-L2 write addr=0x5051ff90 bm=0x0f data=0x0000000000000088 hit
SITAR-L2 write addr=0xffffef94 bm=0x0f data=0x0000000000000045 hit
SITAR-L2 write addr=0x5051ff90 bm=0x0f data=0x000000000000008c hit
SITAR-L2 write addr=0xffffef94 bm=0x0f data=0x0000000000000049 hit
SITAR-L2 write addr=0x5051ff90 bm=0x0f data=0x0000000000000090 hit
SITAR-L2 write addr=0xffffef94 bm=0x0f data=0x000000000000004d hit
SITAR-L2 write addr=0x5051ff90 bm=0x0f data=0x0000000000000094 hit
SITAR-L2 write addr=0xffffef94 bm=0x0f data=0x0000000000000051 hit
SITAR-L2 write addr=0x5051ff90 bm=0x0f data=0x0000000000000098 hit
SITAR-L2 read addr=0x40000240 bm=0xff data=0x0000000000000098 hit
SITAR-L2 read addr=0x40000248 bm=0xff data=0x0000000000000098 hit
SITAR-L2 read addr=0x40000250 bm=0xff data=0x0000000000000098 hit
SITAR-L2 write addr=0x5051ff90 bm=0x0f data=0x000000000000009c hit
SITAR-L2 read addr=0x40000258 bm=0xff data=0x000000000000009c hit
SITAR-L2 read addr=0x40000260 bm=0xff data=0x000000000000009c hit
SITAR-L2 read addr=0x40000268 bm=0xff data=0x000000000000009c hit
SITAR-L2 write addr=0x5051ff90 bm=0x0f data=0x00000000000000a0 hit
SITAR-L2 read addr=0x40000270 bm=0xff data=0x00000000000000a0 hit
SITAR-L2 read addr=0x40000278 bm=0xff data=0x00000000000000a0 hit
SITAR-L2 write addr=0x5051ff90 bm=0x0f data=0x00000000000000a4 hit
SITAR-L2 write addr=0xffffef94 bm=0x0f data=0x0000000000000055 hit
SITAR-L2 write addr=0x5051ff90 bm=0x0f data=0x00000000000000a8 hit
SITAR-L2 write addr=0xffffef94 bm=0x0f data=0x0000000000000059 hit
SITAR-L2 write addr=0x5051ff90 bm=0x0f data=0x00000000000000ac hit
SITAR-L2 write addr=0xffffef94 bm=0x0f data=0x000000000000005d hit
SITAR-L2 write addr=0x5051ff90 bm=0x0f data=0x00000000000000b0 hit
SITAR-L2 write addr=0xffffef94 bm=0x0f data=0x0000000000000061 hit
SITAR-L2 write addr=0x5051ff90 bm=0x0f data=0x00000000000000b4 hit
SITAR-L2 read addr=0x40000280 bm=0xff data=0x00000000000000b4 hit
SITAR-L2 read addr=0x40000288 bm=0xff data=0x00000000000000b4 hit
SITAR-L2 read addr=0x40000290 bm=0xff data=0x00000000000000b4 hit
SITAR-L2 write addr=0x5051ff90 bm=0x0f data=0x00000000000000b8 hit
SITAR-L2 read addr=0x40000298 bm=0xff data=0x00000000000000b8 hit
SITAR-L2 read addr=0x400002a0 bm=0xff data=0x00000000000000b8 hit
SITAR-L2 read addr=0x400002a8 bm=0xff data=0x00000000000000b8 hit
SITAR-L2 write addr=0x5051ff90 bm=0x0f data=0x00000000000000bc hit
SITAR-L2 read addr=0x400002b0 bm=0xff data=0x00000000000000bc hit
SITAR-L2 read addr=0x400002b8 bm=0xff data=0x00000000000000bc hit
SITAR-L2 write addr=0x5051ff90 bm=0x0f data=0x00000000000000c0 hit
SITAR-L2 write addr=0xffffef94 bm=0x0f data=0x0000000000000065 hit
SITAR-L2 write addr=0x5051ff90 bm=0x0f data=0x00000000000000c4 hit
SITAR-L2 write addr=0xffffef94 bm=0x0f data=0x0000000000000069 hit
SITAR-L2 write addr=0x5051ff90 bm=0x0f data=0x00000000000000c8 hit
SITAR-L2 write addr=0xffffef94 bm=0x0f data=0x000000000000006d hit
SITAR-L2 write addr=0x5051ff90 bm=0x0f data=0x00000000000000cc hit
SITAR-L2 write addr=0xffffef94 bm=0x0f data=0x0000000000000071 hit
SITAR-L2 write addr=0x5051ff90 bm=0x0f data=0x00000000000000d0 hit
SITAR-L2 read addr=0x400002c0 bm=0xff data=0x00000000000000d0 hit
SITAR-L2 read addr=0x400002c8 bm=0xff data=0x00000000000000d0 hit
SITAR-L2 read addr=0x400002d0 bm=0xff data=0x00000000000000d0 hit
SITAR-L2 write addr=0x5051ff90 bm=0x0f data=0x00000000000000d4 hit
SITAR-L2 read addr=0x400002d8 bm=0xff data=0x00000000000000d4 hit
SITAR-L2 read addr=0x400002e0 bm=0xff data=0x00000000000000d4 hit
SITAR-L2 read addr=0x400002e8 bm=0xff data=0x00000000000000d4 hit
SITAR-L2 write addr=0x5051ff90 bm=0x0f data=0x00000000000000d8 hit
SITAR-L2 read addr=0x400002f0 bm=0xff data=0x00000000000000d8 hit
SITAR-L2 read addr=0x400002f8 bm=0xff data=0x00000000000000d8 hit
SITAR-L2 write addr=0x5051ff90 bm=0x0f data=0x00000000000000dc hit
SITAR-L2 write addr=0xffffef94 bm=0x0f data=0x0000000000000075 hit
SITAR-L2 write addr=0x5051ff90 bm=0x0f data=0x00000000000000e0 hit
SITAR-L2 write addr=0xffffef94 bm=0x0f data=0x0000000000000079 hit
SITAR-L2 write addr=0x5051ff90 bm=0x0f data=0x00000000000000e4 hit
SITAR-L2 write addr=0xffffef94 bm=0x0f data=0x000000000000007d hit
SITAR-L2 write addr=0x5051ff90 bm=0x0f data=0x00000000000000e8 hit
SITAR-L2 write addr=0xffffef94 bm=0x0f data=0x0000000000000081 hit
SITAR-L2 write addr=0x5051ff90 bm=0x0f data=0x00000000000000ec hit
SITAR-L2 read addr=0x40000300 bm=0xff data=0x00000000000000ec hit
SITAR-L2 read addr=0x40000308 bm=0xff data=0x00000000000000ec hit
SITAR-L2 read addr=0x40000310 bm=0xff data=0x00000000000000ec hit
SITAR-L2 write addr=0x5051ff90 bm=0x0f data=0x00000000000000f0 hit
SITAR-L2 read addr=0x40000318 bm=0xff data=0x00000000000000f0 hit
SITAR-L2 read addr=0x40000320 bm=0xff data=0x00000000000000f0 hit
SITAR-L2 read addr=0x40000328 bm=0xff data=0x00000000000000f0 hit
SITAR-L2 write addr=0x5051ff90 bm=0x0f data=0x00000000000000f4 hit
SITAR-L2 read addr=0x40000330 bm=0xff data=0x00000000000000f4 hit
SITAR-L2 read addr=0x40000338 bm=0xff data=0x00000000000000f4 hit
SITAR-L2 write addr=0x5051ff90 bm=0x0f data=0x00000000000000f8 hit
SITAR-L2 write addr=0xffffef94 bm=0x0f data=0x0000000000000085 hit
SITAR-L2 write addr=0x5051ff90 bm=0x0f data=0x00000000000000fc hit
SITAR-L2 write addr=0xffffef94 bm=0x0f data=0x0000000000000089 hit
SITAR-L2 write addr=0x5051ff90 bm=0x0f data=0x0000000000000100 hit
SITAR-L2 write addr=0xffffef94 bm=0x0f data=0x000000000000008d hit
SITAR-L2 write addr=0x5051ff90 bm=0x0f data=0x0000000000000104 hit
SITAR-L2 write addr=0xffffef94 bm=0x0f data=0x0000000000000091 hit
SITAR-L2 write addr=0x5051ff90 bm=0x0f data=0x0000000000000108 hit
SITAR-L2 read addr=0x40000340 bm=0xff data=0x0000000000000108 hit
SITAR-L2 read addr=0x40000348 bm=0xff data=0x0000000000000108 hit
SITAR-L2 read addr=0x40000350 bm=0xff data=0x0000000000000108 hit
SITAR-L2 write addr=0x5051ff90 bm=0x0f data=0x000000000000010c hit
SITAR-L2 read addr=0x40000358 bm=0xff data=0x000000000000010c hit
SITAR-L2 read addr=0x40000360 bm=0xff data=0x000000000000010c hit
SITAR-L2 read addr=0x40000368 bm=0xff data=0x000000000000010c hit
SITAR-L2 write addr=0x5051ff90 bm=0x0f data=0x0000000000000110 hit
SITAR-L2 read addr=0x40000370 bm=0xff data=0x0000000000000110 hit
SITAR-L2 read addr=0x40000378 bm=0xff data=0x0000000000000110 hit
SITAR-L2 write addr=0x5051ff90 bm=0x0f data=0x0000000000000114 hit
SITAR-L2 write addr=0xffffef94 bm=0x0f data=0x0000000000000095 hit
SITAR-L2 write addr=0x5051ff90 bm=0x0f data=0x0000000000000118 hit
SITAR-L2 write addr=0xffffef94 bm=0x0f data=0x0000000000000099 hit
SITAR-L2 write addr=0x5051ff90 bm=0x0f data=0x000000000000011c hit
SITAR-L2 write addr=0xffffef94 bm=0x0f data=0x000000000000009d hit
SITAR-L2 write addr=0x5051ff90 bm=0x0f data=0x0000000000000120 hit
SITAR-L2 write addr=0xffffef94 bm=0x0f data=0x00000000000000a1 hit
SITAR-L2 write addr=0x5051ff90 bm=0x0f data=0x0000000000000124 hit
SITAR-L2 read addr=0x40000380 bm=0xff data=0x0000000000000124 hit
SITAR-L2 read addr=0x40000388 bm=0xff data=0x0000000000000124 hit
SITAR-L2 read addr=0x40000390 bm=0xff data=0x0000000000000124 hit
SITAR-L2 write addr=0x5051ff90 bm=0x0f data=0x0000000000000128 hit
SITAR-L2 read addr=0x40000398 bm=0xff data=0x0000000000000128 hit
SITAR-L2 read addr=0x400003a0 bm=0xff data=0x0000000000000128 hit
SITAR-L2 read addr=0x400003a8 bm=0xff data=0x0000000000000128 hit
SITAR-L2 write addr=0x5051ff90 bm=0x0f data=0x000000000000012c hit
SITAR-L2 read addr=0x400003b0 bm=0xff data=0x000000000000012c hit
SITAR-L2 read addr=0x400003b8 bm=0xff data=0x000000000000012c hit
SITAR-L2 write addr=0x5051ff90 bm=0x0f data=0x0000000000000130 hit
SITAR-L2 write addr=0xffffef94 bm=0x0f data=0x00000000000000a5 hit
SITAR-L2 write addr=0x5051ff90 bm=0x0f data=0x0000000000000134 hit
SITAR-L2 write addr=0xffffef94 bm=0x0f data=0x00000000000000a9 hit
SITAR-L2 write addr=0x5051ff90 bm=0x0f data=0x0000000000000138 hit
SITAR-L2 write addr=0xffffef94 bm=0x0f data=0x00000000000000ad hit
SITAR-L2 write addr=0x5051ff90 bm=0x0f data=0x000000000000013c hit
SITAR-L2 write addr=0xffffef94 bm=0x0f data=0x00000000000000b1 hit
SITAR-L2 write addr=0x5051ff90 bm=0x0f data=0x0000000000000140 hit
SITAR-L2 read addr=0x400003c0 bm=0xff data=0x0000000000000140 hit
SITAR-L2 read addr=0x400003c8 bm=0xff data=0x0000000000000140 hit
SITAR-L2 read addr=0x400003d0 bm=0xff data=0x0000000000000140 hit
SITAR-L2 write addr=0x5051ff90 bm=0x0f data=0x0000000000000144 hit
SITAR-L2 read addr=0x400003d8 bm=0xff data=0x0000000000000144 hit
SITAR-L2 read addr=0x400003e0 bm=0xff data=0x0000000000000144 hit
SITAR-L2 read addr=0x400003e8 bm=0xff data=0x0000000000000144 hit
SITAR-L2 write addr=0x5051ff90 bm=0x0f data=0x0000000000000148 hit
SITAR-L2 read addr=0x400003f0 bm=0xff data=0x0000000000000148 hit
SITAR-L2 read addr=0x400003f8 bm=0xff data=0x0000000000000148 hit
SITAR-L2 write addr=0x5051ff90 bm=0x0f data=0x000000000000014c hit
SITAR-L2 write addr=0xffffef94 bm=0x0f data=0x00000000000000b5 hit
SITAR-L2 write addr=0x5051ff90 bm=0x0f data=0x0000000000000150 hit
SITAR-L2 write addr=0xffffef94 bm=0x0f data=0x00000000000000b9 hit
SITAR-L2 write addr=0x5051ff90 bm=0x0f data=0x0000000000000154 hit
SITAR-L2 write addr=0xffffef94 bm=0x0f data=0x00000000000000bd hit
SITAR-L2 write addr=0x5051ff90 bm=0x0f data=0x0000000000000158 hit
SITAR-L2 write addr=0xffffef94 bm=0x0f data=0x00000000000000c1 hit
SITAR-L2 write addr=0x5051ff90 bm=0x0f data=0x000000000000015c hit
SITAR-L2 read addr=0x40000400 bm=0xff data=0x000000000000015c hit
SITAR-L2 read addr=0x40000408 bm=0xff data=0x000000000000015c hit
SITAR-L2 read addr=0x40000410 bm=0xff data=0x000000000000015c hit
SITAR-L2 write addr=0x5051ff90 bm=0x0f data=0x0000000000000160 hit
SITAR-L2 read addr=0x40000418 bm=0xff data=0x0000000000000160 hit
SITAR-L2 read addr=0x40000420 bm=0xff data=0x0000000000000160 hit
SITAR-L2 read addr=0x40000428 bm=0xff data=0x0000000000000160 hit
SITAR-L2 write addr=0x5051ff90 bm=0x0f data=0x0000000000000164 hit
SITAR-L2 read addr=0x40000430 bm=0xff data=0x0000000000000164 hit
SITAR-L2 read addr=0x40000438 bm=0xff data=0x0000000000000164 hit
SITAR-L2 write addr=0x5051ff90 bm=0x0f data=0x0000000000000168 hit
SITAR-L2 write addr=0xffffef94 bm=0x0f data=0x00000000000000c5 hit
SITAR-L2 write addr=0x5051ff90 bm=0x0f data=0x000000000000016c hit
SITAR-L2 write addr=0xffffef94 bm=0x0f data=0x00000000000000c9 hit
SITAR-L2 write addr=0x5051ff90 bm=0x0f data=0x0000000000000170 hit
SITAR-L2 write addr=0xffffef94 bm=0x0f data=0x00000000000000cd hit
SITAR-L2 write addr=0x5051ff90 bm=0x0f data=0x0000000000000174 hit
SITAR-L2 write addr=0xffffef94 bm=0x0f data=0x00000000000000d1 hit
SITAR-L2 write addr=0x5051ff90 bm=0x0f data=0x0000000000000178 hit
SITAR-L2 read addr=0x40000440 bm=0xff data=0x0000000000000178 hit
SITAR-L2 read addr=0x40000448 bm=0xff data=0x0000000000000178 hit
SITAR-L2 read addr=0x40000450 bm=0xff data=0x0000000000000178 hit
SITAR-L2 write addr=0x5051ff90 bm=0x0f data=0x000000000000017c hit
SITAR-L2 read addr=0x40000458 bm=0xff data=0x000000000000017c hit
SITAR-L2 read addr=0x40000460 bm=0xff data=0x000000000000017c hit
SITAR-L2 read addr=0x40000468 bm=0xff data=0x000000000000017c hit
SITAR-L2 write addr=0x5051ff90 bm=0x0f data=0x0000000000000180 hit
SITAR-L2 read addr=0x40000470 bm=0xff data=0x0000000000000180 hit
SITAR-L2 read addr=0x40000478 bm=0xff data=0x0000000000000180 hit
SITAR-L2 write addr=0x5051ff90 bm=0x0f data=0x0000000000000184 hit
SITAR-L2 write addr=0xffffef94 bm=0x0f data=0x00000000000000d5 hit
SITAR-L2 write addr=0x5051ff90 bm=0x0f data=0x0000000000000188 hit
SITAR-L2 write addr=0xffffef94 bm=0x0f data=0x00000000000000d9 hit
SITAR-L2 write addr=0x5051ff90 bm=0x0f data=0x000000000000018c hit
SITAR-L2 write addr=0xffffef94 bm=0x0f data=0x00000000000000dd hit
SITAR-L2 write addr=0x5051ff90 bm=0x0f data=0x0000000000000190 hit
SITAR-L2 write addr=0xffffef94 bm=0x0f data=0x00000000000000e1 hit
SITAR-L2 write addr=0x5051ff90 bm=0x0f data=0x0000000000000194 hit
SITAR-L2 read addr=0x40000480 bm=0xff data=0x0000000000000194 hit
SITAR-L2 read addr=0x40000488 bm=0xff data=0x0000000000000194 hit
SITAR-L2 read addr=0x40000490 bm=0xff data=0x0000000000000194 hit
SITAR-L2 write addr=0x5051ff90 bm=0x0f data=0x0000000000000198 hit
SITAR-L2 read addr=0x40000498 bm=0xff data=0x0000000000000198 hit
SITAR-L2 read addr=0x400004a0 bm=0xff data=0x0000000000000198 hit
SITAR-L2 read addr=0x400004a8 bm=0xff data=0x0000000000000198 hit
SITAR-L2 write addr=0x5051ff90 bm=0x0f data=0x000000000000019c hit
SITAR-L2 read addr=0x400004b0 bm=0xff data=0x000000000000019c hit
SITAR-L2 read addr=0x400004b8 bm=0xff data=0x000000000000019c hit
SITAR-L2 write addr=0x5051ff90 bm=0x0f data=0x00000000000001a0 hit
SITAR-L2 write addr=0xffffef94 bm=0x0f data=0x00000000000000e5 hit
SITAR-L2 write addr=0x5051ff90 bm=0x0f data=0x00000000000001a4 hit
SITAR-L2 write addr=0xffffef94 bm=0x0f data=0x00000000000000e9 hit
SITAR-L2 write addr=0x5051ff90 bm=0x0f data=0x00000000000001a8 hit
SITAR-L2 write addr=0xffffef94 bm=0x0f data=0x00000000000000ed hit
SITAR-L2 write addr=0x5051ff90 bm=0x0f data=0x00000000000001ac hit
SITAR-L2 write addr=0xffffef94 bm=0x0f data=0x00000000000000f1 hit
SITAR-L2 write addr=0x5051ff90 bm=0x0f data=0x00000000000001b0 hit
SITAR-L2 read addr=0x400004c0 bm=0xff data=0x00000000000001b0 hit
SITAR-L2 read addr=0x400004c8 bm=0xff data=0x00000000000001b0 hit
SITAR-L2 read addr=0x400004d0 bm=0xff data=0x00000000000001b0 hit
SITAR-L2 write addr=0x5051ff90 bm=0x0f data=0x00000000000001b4 hit
SITAR-L2 read addr=0x400004d8 bm=0xff data=0x00000000000001b4 hit
SITAR-L2 read addr=0x400004e0 bm=0xff data=0x00000000000001b4 hit
SITAR-L2 read addr=0x400004e8 bm=0xff data=0x00000000000001b4 hit
SITAR-L2 write addr=0x5051ff90 bm=0x0f data=0x00000000000001b8 hit
SITAR-L2 read addr=0x400004f0 bm=0xff data=0x00000000000001b8 hit
SITAR-L2 read addr=0x400004f8 bm=0xff data=0x00000000000001b8 hit
SITAR-L2 write addr=0x5051ff90 bm=0x0f data=0x00000000000001bc hit
SITAR-L2 write addr=0xffffef94 bm=0x0f data=0x00000000000000f5 hit
SITAR-L2 write addr=0x5051ff90 bm=0x0f data=0x00000000000001c0 hit
SITAR-L2 write addr=0xffffef94 bm=0x0f data=0x00000000000000f9 hit
SITAR-L2 write addr=0x5051ff90 bm=0x0f data=0x00000000000001c4 hit
SITAR-L2 write addr=0xffffef94 bm=0x0f data=0x00000000000000fd hit
SITAR-L2 write addr=0x5051ff90 bm=0x0f data=0x00000000000001c8 hit
SITAR-L2 write addr=0xffffef94 bm=0x0f data=0x0000000000000101 hit
SITAR-L2 write addr=0x5051ff90 bm=0x0f data=0x00000000000001cc hit
SITAR-L2 read addr=0x40000500 bm=0xff data=0x00000000000001cc hit
SITAR-L2 read addr=0x40000508 bm=0xff data=0x00000000000001cc hit
SITAR-L2 read addr=0x40000510 bm=0xff data=0x00000000000001cc hit
SITAR-L2 write addr=0x5051ff90 bm=0x0f data=0x00000000000001d0 hit
SITAR-L2 read addr=0x40000518 bm=0xff data=0x00000000000001d0 hit
SITAR-L2 read addr=0x40000520 bm=0xff data=0x00000000000001d0 hit
SITAR-L2 read addr=0x40000528 bm=0xff data=0x00000000000001d0 hit
SITAR-L2 write addr=0x5051ff90 bm=0x0f data=0x00000000000001d4 hit
SITAR-L2 read addr=0x40000530 bm=0xff data=0x00000000000001d4 hit
SITAR-L2 read addr=0x40000538 bm=0xff data=0x00000000000001d4 hit
SITAR-L2 write addr=0x5051ff90 bm=0x0f data=0x00000000000001d8 hit
SITAR-L2 write addr=0xffffef94 bm=0x0f data=0x0000000000000105 hit
SITAR-L2 write addr=0x5051ff90 bm=0x0f data=0x00000000000001dc hit
SITAR-L2 write addr=0xffffef94 bm=0x0f data=0x0000000000000109 hit
SITAR-L2 write addr=0x5051ff90 bm=0x0f data=0x00000000000001e0 hit
SITAR-L2 write addr=0xffffef94 bm=0x0f data=0x000000000000010d hit
SITAR-L2 write addr=0x5051ff90 bm=0x0f data=0x00000000000001e4 hit
SITAR-L2 write addr=0xffffef94 bm=0x0f data=0x0000000000000111 hit
SITAR-L2 write addr=0x5051ff90 bm=0x0f data=0x00000000000001e8 hit
SITAR-L2 read addr=0x40000540 bm=0xff data=0x00000000000001e8 hit
SITAR-L2 read addr=0x40000548 bm=0xff data=0x00000000000001e8 hit
SITAR-L2 read addr=0x40000550 bm=0xff data=0x00000000000001e8 hit
SITAR-L2 write addr=0x5051ff90 bm=0x0f data=0x00000000000001ec hit
SITAR-L2 read addr=0x40000558 bm=0xff data=0x00000000000001ec hit
SITAR-L2 read addr=0x40000560 bm=0xff data=0x00000000000001ec hit
SITAR-L2 read addr=0x40000568 bm=0xff data=0x00000000000001ec hit
SITAR-L2 write addr=0x5051ff90 bm=0x0f data=0x00000000000001f0 hit
SITAR-L2 read addr=0x40000570 bm=0xff data=0x00000000000001f0 hit
SITAR-L2 read addr=0x40000578 bm=0xff data=0x00000000000001f0 hit
SITAR-L2 write addr=0x5051ff90 bm=0x0f data=0x00000000000001f4 hit
SITAR-L2 write addr=0xffffef94 bm=0x0f data=0x0000000000000115 hit
SITAR-L2 write addr=0x5051ff90 bm=0x0f data=0x00000000000001f8 hit
SITAR-L2 write addr=0xffffef94 bm=0x0f data=0x0000000000000119 hit
SITAR-L2 write addr=0x5051ff90 bm=0x0f data=0x00000000000001fc hit
SITAR-L2 write addr=0xffffef94 bm=0x0f data=0x000000000000011d hit
SITAR-L2 write addr=0x5051ff90 bm=0x0f data=0x0000000000000200 hit
SITAR-L2 write addr=0xffffef94 bm=0x0f data=0x0000000000000121 hit
SITAR-L2 write addr=0x5051ff90 bm=0x0f data=0x0000000000000204 hit
SITAR-L2 read addr=0x40000580 bm=0xff data=0x0000000000000204 hit
SITAR-L2 read addr=0x40000588 bm=0xff data=0x0000000000000204 hit
SITAR-L2 read addr=0x40000590 bm=0xff data=0x0000000000000204 hit
SITAR-L2 write addr=0x5051ff90 bm=0x0f data=0x0000000000000208 hit
SITAR-L2 read addr=0x40000598 bm=0xff data=0x0000000000000208 hit
SITAR-L2 read addr=0x400005a0 bm=0xff data=0x0000000000000208 hit
SITAR-L2 read addr=0x400005a8 bm=0xff data=0x0000000000000208 hit
SITAR-L2 write addr=0x5051ff90 bm=0x0f data=0x000000000000020c hit
SITAR-L2 read addr=0x400005b0 bm=0xff data=0x000000000000020c hit
SITAR-L2 read addr=0x400005b8 bm=0xff data=0x000000000000020c hit
SITAR-L2 write addr=0x5051ff90 bm=0x0f data=0x0000000000000210 hit
SITAR-L2 write addr=0xffffef94 bm=0x0f data=0x0000000000000125 hit
SITAR-L2 write addr=0x5051ff90 bm=0x0f data=0x0000000000000214 hit
SITAR-L2 write addr=0xffffef94 bm=0x0f data=0x0000000000000129 hit
SITAR-L2 write addr=0x5051ff90 bm=0x0f data=0x0000000000000218 hit
SITAR-L2 write addr=0xffffef94 bm=0x0f data=0x000000000000012d hit
SITAR-L2 write addr=0x5051ff90 bm=0x0f data=0x000000000000021c hit
SITAR-L2 write addr=0xffffef94 bm=0x0f data=0x0000000000000131 hit
SITAR-L2 write addr=0x5051ff90 bm=0x0f data=0x0000000000000220 hit
SITAR-L2 read addr=0x400005c0 bm=0xff data=0x0000000000000220 hit
SITAR-L2 read addr=0x400005c8 bm=0xff data=0x0000000000000220 hit
SITAR-L2 read addr=0x400005d0 bm=0xff data=0x0000000000000220 hit
SITAR-L2 write addr=0x5051ff90 bm=0x0f data=0x0000000000000224 hit
SITAR-L2 read addr=0x400005d8 bm=0xff data=0x0000000000000224 hit
SITAR-L2 read addr=0x400005e0 bm=0xff data=0x0000000000000224 hit
SITAR-L2 read addr=0x400005e8 bm=0xff data=0x0000000000000224 hit
SITAR-L2 write addr=0x5051ff90 bm=0x0f data=0x0000000000000228 hit
SITAR-L2 read addr=0x400005f0 bm=0xff data=0x0000000000000228 hit
SITAR-L2 read addr=0x400005f8 bm=0xff data=0x0000000000000228 hit
SITAR-L2 write addr=0x5051ff90 bm=0x0f data=0x000000000000022c hit
SITAR-L2 write addr=0xffffef94 bm=0x0f data=0x0000000000000135 hit
SITAR-L2 write addr=0x5051ff90 bm=0x0f data=0x0000000000000230 hit
SITAR-L2 write addr=0xffffef94 bm=0x0f data=0x0000000000000139 hit
SITAR-L2 write addr=0x5051ff90 bm=0x0f data=0x0000000000000234 hit
SITAR-L2 write addr=0xffffef94 bm=0x0f data=0x000000000000013d hit
SITAR-L2 write addr=0x5051ff90 bm=0x0f data=0x0000000000000238 hit
SITAR-L2 write addr=0xffffef94 bm=0x0f data=0x0000000000000141 hit
SITAR-L2 write addr=0x5051ff90 bm=0x0f data=0x000000000000023c hit
SITAR-L2 read addr=0x40000600 bm=0xff data=0x000000000000023c hit
SITAR-L2 read addr=0x40000608 bm=0xff data=0x000000000000023c hit
SITAR-L2 read addr=0x40000610 bm=0xff data=0x000000000000023c hit
SITAR-L2 write addr=0x5051ff90 bm=0x0f data=0x0000000000000240 hit
SITAR-L2 read addr=0x40000618 bm=0xff data=0x0000000000000240 hit
SITAR-L2 read addr=0x40000620 bm=0xff data=0x0000000000000240 hit
SITAR-L2 read addr=0x40000628 bm=0xff data=0x0000000000000240 hit
SITAR-L2 write addr=0x5051ff90 bm=0x0f data=0x0000000000000244 hit
SITAR-L2 read addr=0x40000630 bm=0xff data=0x0000000000000244 hit
SITAR-L2 read addr=0x40000638 bm=0xff data=0x0000000000000244 hit
SITAR-L2 write addr=0x5051ff90 bm=0x0f data=0x0000000000000248 hit
SITAR-L2 write addr=0xffffef94 bm=0x0f data=0x0000000000000145 hit
SITAR-L2 write addr=0x5051ff90 bm=0x0f data=0x000000000000024c hit
SITAR-L2 write addr=0xffffef94 bm=0x0f data=0x0000000000000149 hit
SITAR-L2 write addr=0x5051ff90 bm=0x0f data=0x0000000000000250 hit
SITAR-L2 write addr=0xffffef94 bm=0x0f data=0x000000000000014d hit
SITAR-L2 write addr=0x5051ff90 bm=0x0f data=0x0000000000000254 hit
SITAR-L2 write addr=0xffffef94 bm=0x0f data=0x0000000000000151 hit
SITAR-L2 write addr=0x5051ff90 bm=0x0f data=0x0000000000000258 hit
SITAR-L2 read addr=0x40000640 bm=0xff data=0x0000000000000258 hit
SITAR-L2 read addr=0x40000648 bm=0xff data=0x0000000000000258 hit
SITAR-L2 read addr=0x40000650 bm=0xff data=0x0000000000000258 hit
SITAR-L2 write addr=0x5051ff90 bm=0x0f data=0x000000000000025c hit
SITAR-L2 read addr=0x40000658 bm=0xff data=0x000000000000025c hit
SITAR-L2 read addr=0x40000660 bm=0xff data=0x000000000000025c hit
SITAR-L2 read addr=0x40000668 bm=0xff data=0x000000000000025c hit
SITAR-L2 write addr=0x5051ff90 bm=0x0f data=0x0000000000000260 hit
SITAR-L2 read addr=0x40000670 bm=0xff data=0x0000000000000260 hit
SITAR-L2 read addr=0x40000678 bm=0xff data=0x0000000000000260 hit
SITAR-L2 write addr=0x5051ff90 bm=0x0f data=0x0000000000000264 hit
SITAR-L2 write addr=0xffffef94 bm=0x0f data=0x0000000000000155 hit
SITAR-L2 write addr=0x5051ff90 bm=0x0f data=0x0000000000000268 hit
SITAR-L2 write addr=0xffffef94 bm=0x0f data=0x0000000000000159 hit
SITAR-L2 write addr=0x5051ff90 bm=0x0f data=0x000000000000026c hit
SITAR-L2 write addr=0xffffef94 bm=0x0f data=0x000000000000015d hit
SITAR-L2 write addr=0x5051ff90 bm=0x0f data=0x0000000000000270 hit
SITAR-L2 write addr=0xffffef94 bm=0x0f data=0x0000000000000161 hit
SITAR-L2 write addr=0x5051ff90 bm=0x0f data=0x0000000000000274 hit
SITAR-L2 read addr=0x40000680 bm=0xff data=0x0000000000000274 hit
SITAR-L2 read addr=0x40000688 bm=0xff data=0x0000000000000274 hit
SITAR-L2 read addr=0x40000690 bm=0xff data=0x0000000000000274 hit
SITAR-L2 write addr=0x5051ff90 bm=0x0f data=0x0000000000000278 hit
SITAR-L2 read addr=0x40000698 bm=0xff data=0x0000000000000278 hit
SITAR-L2 read addr=0x400006a0 bm=0xff data=0x0000000000000278 hit
SITAR-L2 read addr=0x400006a8 bm=0xff data=0x0000000000000278 hit
SITAR-L2 write addr=0x5051ff90 bm=0x0f data=0x000000000000027c hit
SITAR-L2 read addr=0x400006b0 bm=0xff data=0x000000000000027c hit
SITAR-L2 read addr=0x400006b8 bm=0xff data=0x000000000000027c hit
SITAR-L2 write addr=0x5051ff90 bm=0x0f data=0x0000000000000280 hit
SITAR-L2 write addr=0xffffef94 bm=0x0f data=0x0000000000000165 hit
SITAR-L2 write addr=0x5051ff90 bm=0x0f data=0x0000000000000284 hit
SITAR-L2 write addr=0xffffef94 bm=0x0f data=0x0000000000000169 hit
SITAR-L2 write addr=0x5051ff90 bm=0x0f data=0x0000000000000288 hit
SITAR-L2 write addr=0xffffef94 bm=0x0f data=0x000000000000016d hit
SITAR-L2 write addr=0x5051ff90 bm=0x0f data=0x000000000000028c hit
SITAR-L2 write addr=0xffffef94 bm=0x0f data=0x0000000000000171 hit
SITAR-L2 write addr=0x5051ff90 bm=0x0f data=0x0000000000000290 hit
SITAR-L2 read addr=0x400006c0 bm=0xff data=0x0000000000000290 hit
SITAR-L2 read addr=0x400006c8 bm=0xff data=0x0000000000000290 hit
SITAR-L2 read addr=0x400006d0 bm=0xff data=0x0000000000000290 hit
SITAR-L2 write addr=0x5051ff90 bm=0x0f data=0x0000000000000294 hit
SITAR-L2 read addr=0x400006d8 bm=0xff data=0x0000000000000294 hit
SITAR-L2 read addr=0x400006e0 bm=0xff data=0x0000000000000294 hit
SITAR-L2 read addr=0x400006e8 bm=0xff data=0x0000000000000294 hit
SITAR-L2 write addr=0x5051ff90 bm=0x0f data=0x0000000000000298 hit
SITAR-L2 read addr=0x400006f0 bm=0xff data=0x0000000000000298 hit
SITAR-L2 read addr=0x400006f8 bm=0xff data=0x0000000000000298 hit
SITAR-L2 write addr=0x5051ff90 bm=0x0f data=0x000000000000029c hit
SITAR-L2 write addr=0xffffef94 bm=0x0f data=0x0000000000000175 hit
SITAR-L2 write addr=0x5051ff90 bm=0x0f data=0x00000000000002a0 hit
SITAR-L2 write addr=0xffffef94 bm=0x0f data=0x0000000000000179 hit
SITAR-L2 write addr=0x5051ff90 bm=0x0f data=0x00000000000002a4 hit
SITAR-L2 write addr=0xffffef94 bm=0x0f data=0x000000000000017d hit
SITAR-L2 write addr=0x5051ff90 bm=0x0f data=0x00000000000002a8 hit
SITAR-L2 write addr=0xffffef94 bm=0x0f data=0x0000000000000181 hit
SITAR-L2 write addr=0x5051ff90 bm=0x0f data=0x00000000000002ac hit
SITAR-L2 read addr=0x40000700 bm=0xff data=0x00000000000002ac hit
SITAR-L2 read addr=0x40000708 bm=0xff data=0x00000000000002ac hit
SITAR-L2 read addr=0x40000710 bm=0xff data=0x00000000000002ac hit
SITAR-L2 write addr=0x5051ff90 bm=0x0f data=0x00000000000002b0 hit
SITAR-L2 read addr=0x40000718 bm=0xff data=0x00000000000002b0 hit
SITAR-L2 read addr=0x40000720 bm=0xff data=0x00000000000002b0 hit
SITAR-L2 read addr=0x40000728 bm=0xff data=0x00000000000002b0 hit
SITAR-L2 write addr=0x5051ff90 bm=0x0f data=0x00000000000002b4 hit
SITAR-L2 read addr=0x40000730 bm=0xff data=0x00000000000002b4 hit
SITAR-L2 read addr=0x40000738 bm=0xff data=0x00000000000002b4 hit
SITAR-L2 write addr=0x5051ff90 bm=0x0f data=0x00000000000002b8 hit
SITAR-L2 write addr=0xffffef94 bm=0x0f data=0x0000000000000185 hit
SITAR-L2 write addr=0x5051ff90 bm=0x0f data=0x00000000000002bc hit
SITAR-L2 write addr=0xffffef94 bm=0x0f data=0x0000000000000189 hit
SITAR-L2 write addr=0x5051ff90 bm=0x0f data=0x00000000000002c0 hit
SITAR-L2 write addr=0xffffef94 bm=0x0f data=0x000000000000018d hit
SITAR-L2 write addr=0x5051ff90 bm=0x0f data=0x00000000000002c4 hit
SITAR-L2 write addr=0xffffef94 bm=0x0f data=0x0000000000000191 hit
SITAR-L2 write addr=0x5051ff90 bm=0x0f data=0x00000000000002c8 hit
SITAR-L2 read addr=0x40000740 bm=0xff data=0x00000000000002c8 hit
SITAR-L2 read addr=0x40000748 bm=0xff data=0x00000000000002c8 hit
SITAR-L2 read addr=0x40000750 bm=0xff data=0x00000000000002c8 hit
SITAR-L2 write addr=0x5051ff90 bm=0x0f data=0x00000000000002cc hit
SITAR-L2 read addr=0x40000758 bm=0xff data=0x00000000000002cc hit
SITAR-L2 read addr=0x40000760 bm=0xff data=0x00000000000002cc hit
SITAR-L2 read addr=0x40000768 bm=0xff data=0x00000000000002cc hit
SITAR-L2 write addr=0x5051ff90 bm=0x0f data=0x00000000000002d0 hit
SITAR-L2 read addr=0x40000770 bm=0xff data=0x00000000000002d0 hit
SITAR-L2 read addr=0x40000778 bm=0xff data=0x00000000000002d0 hit
SITAR-L2 write addr=0x5051ff90 bm=0x0f data=0x00000000000002d4 hit
SITAR-L2 write addr=0xffffef94 bm=0x0f data=0x0000000000000195 hit
SITAR-L2 write addr=0x5051ff90 bm=0x0f data=0x00000000000002d8 hit
SITAR-L2 write addr=0xffffef94 bm=0x0f data=0x0000000000000199 hit
SITAR-L2 write addr=0x5051ff90 bm=0x0f data=0x00000000000002dc hit
SITAR-L2 write addr=0xffffef94 bm=0x0f data=0x000000000000019d hit
SITAR-L2 write addr=0x5051ff90 bm=0x0f data=0x00000000000002e0 hit
SITAR-L2 write addr=0xffffef94 bm=0x0f data=0x00000000000001a1 hit
SITAR-L2 write addr=0x5051ff90 bm=0x0f data=0x00000000000002e4 hit
SITAR-L2 read addr=0x40000780 bm=0xff data=0x00000000000002e4 hit
SITAR-L2 read addr=0x40000788 bm=0xff data=0x00000000000002e4 hit
SITAR-L2 read addr=0x40000790 bm=0xff data=0x00000000000002e4 hit
SITAR-L2 write addr=0x5051ff90 bm=0x0f data=0x00000000000002e8 hit
SITAR-L2 read addr=0x40000798 bm=0xff data=0x00000000000002e8 hit
SITAR-L2 read addr=0x400007a0 bm=0xff data=0x00000000000002e8 hit
SITAR-L2 read addr=0x400007a8 bm=0xff data=0x00000000000002e8 hit
SITAR-L2 write addr=0x5051ff90 bm=0x0f data=0x00000000000002ec hit
SITAR-L2 read addr=0x400007b0 bm=0xff data=0x00000000000002ec hit
SITAR-L2 read addr=0x400007b8 bm=0xff data=0x00000000000002ec hit
SITAR-L2 write addr=0x5051ff90 bm=0x0f data=0x00000000000002f0 hit
SITAR-L2 write addr=0xffffef94 bm=0x0f data=0x00000000000001a5 hit
SITAR-L2 write addr=0x5051ff90 bm=0x0f data=0x00000000000002f4 hit
SITAR-L2 write addr=0xffffef94 bm=0x0f data=0x00000000000001a9 hit
SITAR-L2 write addr=0x5051ff90 bm=0x0f data=0x00000000000002f8 hit
SITAR-L2 write addr=0xffffef94 bm=0x0f data=0x00000000000001ad hit
SITAR-L2 write addr=0x5051ff90 bm=0x0f data=0x00000000000002fc hit
SITAR-L2 write addr=0xffffef94 bm=0x0f data=0x00000000000001b1 hit
SITAR-L2 write addr=0x5051ff90 bm=0x0f data=0x0000000000000300 hit
SITAR-L2 read addr=0x400007c0 bm=0xff data=0x0000000000000300 hit
SITAR-L2 read addr=0x400007c8 bm=0xff data=0x0000000000000300 hit
SITAR-L2 read addr=0x400007d0 bm=0xff data=0x0000000000000300 hit
SITAR-L2 write addr=0x5051ff90 bm=0x0f data=0x0000000000000304 hit
SITAR-L2 read addr=0x400007d8 bm=0xff data=0x0000000000000304 hit
SITAR-L2 read addr=0x400007e0 bm=0xff data=0x0000000000000304 hit
SITAR-L2 read addr=0x400007e8 bm=0xff data=0x0000000000000304 hit
SITAR-L2 write addr=0x5051ff90 bm=0x0f data=0x0000000000000308 hit
SITAR-L2 read addr=0x400007f0 bm=0xff data=0x0000000000000308 hit
SITAR-L2 read addr=0x400007f8 bm=0xff data=0x0000000000000308 hit
SITAR-L2 write addr=0x5051ff90 bm=0x0f data=0x000000000000030c hit
SITAR-L2 write addr=0xffffef94 bm=0x0f data=0x00000000000001b5 hit
SITAR-L2 write addr=0x5051ff90 bm=0x0f data=0x0000000000000310 hit
SITAR-L2 write addr=0xffffef94 bm=0x0f data=0x00000000000001b9 hit
SITAR-L2 write addr=0x5051ff90 bm=0x0f data=0x0000000000000314 hit
SITAR-L2 write addr=0xffffef94 bm=0x0f data=0x00000000000001bd hit
SITAR-L2 write addr=0x5051ff90 bm=0x0f data=0x0000000000000318 hit
SITAR-L2 write addr=0xffffef94 bm=0x0f data=0x00000000000001c1 hit
SITAR-L2 write addr=0x5051ff90 bm=0x0f data=0x000000000000031c hit
SITAR-L2 read addr=0x40000800 bm=0xff data=0x000000000000031c hit
SITAR-L2 read addr=0x40000808 bm=0xff data=0x000000000000031c hit
SITAR-L2 read addr=0x40000810 bm=0xff data=0x000000000000031c hit
SITAR-L2 write addr=0x5051ff90 bm=0x0f data=0x0000000000000320 hit
SITAR-L2 read addr=0x40000818 bm=0xff data=0x0000000000000320 hit
SITAR-L2 read addr=0x40000820 bm=0xff data=0x0000000000000320 hit
SITAR-L2 read addr=0x40000828 bm=0xff data=0x0000000000000320 hit
SITAR-L2 write addr=0x5051ff90 bm=0x0f data=0x0000000000000324 hit
SITAR-L2 read addr=0x40000830 bm=0xff data=0x0000000000000324 hit
SITAR-L2 read addr=0x40000838 bm=0xff data=0x0000000000000324 hit
SITAR-L2 write addr=0x5051ff90 bm=0x0f data=0x0000000000000328 hit
SITAR-L2 write addr=0xffffef94 bm=0x0f data=0x00000000000001c5 hit
SITAR-L2 write addr=0x5051ff90 bm=0x0f data=0x000000000000032c hit
SITAR-L2 write addr=0xffffef94 bm=0x0f data=0x00000000000001c9 hit
SITAR-L2 write addr=0x5051ff90 bm=0x0f data=0x0000000000000330 hit
SITAR-L2 write addr=0xffffef94 bm=0x0f data=0x00000000000001cd hit
SITAR-L2 write addr=0x5051ff90 bm=0x0f data=0x0000000000000334 hit
SITAR-L2 write addr=0xffffef94 bm=0x0f data=0x00000000000001d1 hit
SITAR-L2 write addr=0x5051ff90 bm=0x0f data=0x0000000000000338 hit
SITAR-L2 read addr=0x40000840 bm=0xff data=0x0000000000000338 hit
SITAR-L2 read addr=0x40000848 bm=0xff data=0x0000000000000338 hit
SITAR-L2 read addr=0x40000850 bm=0xff data=0x0000000000000338 hit
SITAR-L2 write addr=0x5051ff90 bm=0x0f data=0x000000000000033c hit
SITAR-L2 read addr=0x40000858 bm=0xff data=0x000000000000033c hit
SITAR-L2 read addr=0x40000860 bm=0xff data=0x000000000000033c hit
SITAR-L2 read addr=0x40000868 bm=0xff data=0x000000000000033c hit
SITAR-L2 write addr=0x5051ff90 bm=0x0f data=0x0000000000000340 hit
SITAR-L2 read addr=0x40000870 bm=0xff data=0x0000000000000340 hit
SITAR-L2 read addr=0x40000878 bm=0xff data=0x0000000000000340 hit
SITAR-L2 write addr=0x5051ff90 bm=0x0f data=0x0000000000000344 hit
SITAR-L2 write addr=0xffffef94 bm=0x0f data=0x00000000000001d5 hit
SITAR-L2 write addr=0x5051ff90 bm=0x0f data=0x0000000000000348 hit
SITAR-L2 write addr=0xffffef94 bm=0x0f data=0x00000000000001d9 hit
SITAR-L2 write addr=0x5051ff90 bm=0x0f data=0x000000000000034c hit
SITAR-L2 write addr=0xffffef94 bm=0x0f data=0x00000000000001dd hit
SITAR-L2 write addr=0x5051ff90 bm=0x0f data=0x0000000000000350 hit
SITAR-L2 write addr=0xffffef94 bm=0x0f data=0x00000000000001e1 hit
SITAR-L2 write addr=0x5051ff90 bm=0x0f data=0x0000000000000354 hit
SITAR-L2 read addr=0x40000880 bm=0xff data=0x0000000000000354 hit
SITAR-L2 read addr=0x40000888 bm=0xff data=0x0000000000000354 hit
SITAR-L2 read addr=0x40000890 bm=0xff data=0x0000000000000354 hit
SITAR-L2 write addr=0x5051ff90 bm=0x0f data=0x0000000000000358 hit
SITAR-L2 read addr=0x40000898 bm=0xff data=0x0000000000000358 hit
SITAR-L2 read addr=0x400008a0 bm=0xff data=0x0000000000000358 hit
SITAR-L2 read addr=0x400008a8 bm=0xff data=0x0000000000000358 hit
SITAR-L2 write addr=0x5051ff90 bm=0x0f data=0x000000000000035c hit
SITAR-L2 read addr=0x400008b0 bm=0xff data=0x000000000000035c hit
SITAR-L2 read addr=0x400008b8 bm=0xff data=0x000000000000035c hit
SITAR-L2 write addr=0x5051ff90 bm=0x0f data=0x0000000000000360 hit
SITAR-L2 write addr=0xffffef94 bm=0x0f data=0x00000000000001e5 hit
SITAR-L2 write addr=0x5051ff90 bm=0x0f data=0x0000000000000364 hit
SITAR-L2 write addr=0xffffef94 bm=0x0f data=0x00000000000001e9 hit
SITAR-L2 write addr=0x5051ff90 bm=0x0f data=0x0000000000000368 hit
SITAR-L2 write addr=0xffffef94 bm=0x0f data=0x00000000000001ed hit
SITAR-L2 write addr=0x5051ff90 bm=0x0f data=0x000000000000036c hit
SITAR-L2 write addr=0xffffef94 bm=0x0f data=0x00000000000001f1 hit
SITAR-L2 write addr=0x5051ff90 bm=0x0f data=0x0000000000000370 hit
SITAR-L2 read addr=0x400008c0 bm=0xff data=0x0000000000000370 hit
SITAR-L2 read addr=0x400008c8 bm=0xff data=0x0000000000000370 hit
SITAR-L2 read addr=0x400008d0 bm=0xff data=0x0000000000000370 hit
SITAR-L2 write addr=0x5051ff90 bm=0x0f data=0x0000000000000374 hit
SITAR-L2 read addr=0x400008d8 bm=0xff data=0x0000000000000374 hit
SITAR-L2 read addr=0x400008e0 bm=0xff data=0x0000000000000374 hit
SITAR-L2 read addr=0x400008e8 bm=0xff data=0x0000000000000374 hit
SITAR-L2 write addr=0x5051ff90 bm=0x0f data=0x0000000000000378 hit
SITAR-L2 read addr=0x400008f0 bm=0xff data=0x0000000000000378 hit
SITAR-L2 read addr=0x400008f8 bm=0xff data=0x0000000000000378 hit
SITAR-L2 write addr=0x5051ff90 bm=0x0f data=0x000000000000037c hit
SITAR-L2 write addr=0xffffef94 bm=0x0f data=0x00000000000001f5 hit
SITAR-L2 write addr=0x5051ff90 bm=0x0f data=0x0000000000000380 hit
SITAR-L2 write addr=0xffffef94 bm=0x0f data=0x00000000000001f9 hit
SITAR-L2 write addr=0x5051ff90 bm=0x0f data=0x0000000000000384 hit
SITAR-L2 write addr=0xffffef94 bm=0x0f data=0x00000000000001fd hit
SITAR-L2 write addr=0x5051ff90 bm=0x0f data=0x0000000000000388 hit
SITAR-L2 write addr=0xffffef94 bm=0x0f data=0x0000000000000201 hit
SITAR-L2 write addr=0x5051ff90 bm=0x0f data=0x000000000000038c hit
SITAR-L2 read addr=0x40000900 bm=0xff data=0x000000000000038c hit
SITAR-L2 read addr=0x40000908 bm=0xff data=0x000000000000038c hit
SITAR-L2 read addr=0x40000910 bm=0xff data=0x000000000000038c hit
SITAR-L2 write addr=0x5051ff90 bm=0x0f data=0x0000000000000390 hit
SITAR-L2 read addr=0x40000918 bm=0xff data=0x0000000000000390 hit
SITAR-L2 read addr=0x40000920 bm=0xff data=0x0000000000000390 hit
SITAR-L2 read addr=0x40000928 bm=0xff data=0x0000000000000390 hit
SITAR-L2 write addr=0x5051ff90 bm=0x0f data=0x0000000000000394 hit
SITAR-L2 read addr=0x40000930 bm=0xff data=0x0000000000000394 hit
SITAR-L2 read addr=0x40000938 bm=0xff data=0x0000000000000394 hit
SITAR-L2 write addr=0x5051ff90 bm=0x0f data=0x0000000000000398 hit
SITAR-L2 write addr=0xffffef94 bm=0x0f data=0x0000000000000205 hit
SITAR-L2 write addr=0x5051ff90 bm=0x0f data=0x000000000000039c hit
SITAR-L2 write addr=0xffffef94 bm=0x0f data=0x0000000000000209 hit
SITAR-L2 write addr=0x5051ff90 bm=0x0f data=0x00000000000003a0 hit
SITAR-L2 write addr=0xffffef94 bm=0x0f data=0x000000000000020d hit
SITAR-L2 write addr=0x5051ff90 bm=0x0f data=0x00000000000003a4 hit
SITAR-L2 write addr=0xffffef94 bm=0x0f data=0x0000000000000211 hit
SITAR-L2 write addr=0x5051ff90 bm=0x0f data=0x00000000000003a8 hit
SITAR-L2 read addr=0x40000940 bm=0xff data=0x00000000000003a8 hit
SITAR-L2 read addr=0x40000948 bm=0xff data=0x00000000000003a8 hit
SITAR-L2 read addr=0x40000950 bm=0xff data=0x00000000000003a8 hit
SITAR-L2 write addr=0x5051ff90 bm=0x0f data=0x00000000000003ac hit
SITAR-L2 read addr=0x40000958 bm=0xff data=0x00000000000003ac hit
SITAR-L2 read addr=0x40000960 bm=0xff data=0x00000000000003ac hit
SITAR-L2 read addr=0x40000968 bm=0xff data=0x00000000000003ac hit
SITAR-L2 write addr=0x5051ff90 bm=0x0f data=0x00000000000003b0 hit
SITAR-L2 read addr=0x40000970 bm=0xff data=0x00000000000003b0 hit
SITAR-L2 read addr=0x40000978 bm=0xff data=0x00000000000003b0 hit
SITAR-L2 write addr=0x5051ff90 bm=0x0f data=0x00000000000003b4 hit
SITAR-L2 write addr=0xffffef94 bm=0x0f data=0x0000000000000215 hit
SITAR-L2 write addr=0x5051ff90 bm=0x0f data=0x00000000000003b8 hit
SITAR-L2 write addr=0xffffef94 bm=0x0f data=0x0000000000000219 hit
SITAR-L2 write addr=0x5051ff90 bm=0x0f data=0x00000000000003bc hit
SITAR-L2 write addr=0xffffef94 bm=0x0f data=0x000000000000021d hit
SITAR-L2 write addr=0x5051ff90 bm=0x0f data=0x00000000000003c0 hit
SITAR-L2 write addr=0xffffef94 bm=0x0f data=0x0000000000000221 hit
SITAR-L2 write addr=0x5051ff90 bm=0x0f data=0x00000000000003c4 hit
SITAR-L2 read addr=0x40000980 bm=0xff data=0x00000000000003c4 hit
SITAR-L2 read addr=0x40000988 bm=0xff data=0x00000000000003c4 hit
SITAR-L2 read addr=0x40000990 bm=0xff data=0x00000000000003c4 hit
SITAR-L2 write addr=0x5051ff90 bm=0x0f data=0x00000000000003c8 hit
SITAR-L2 read addr=0x40000998 bm=0xff data=0x00000000000003c8 hit
SITAR-L2 read addr=0x400009a0 bm=0xff data=0x00000000000003c8 hit
SITAR-L2 read addr=0x400009a8 bm=0xff data=0x00000000000003c8 hit
SITAR-L2 write addr=0x5051ff90 bm=0x0f data=0x00000000000003cc hit
SITAR-L2 read addr=0x400009b0 bm=0xff data=0x00000000000003cc hit
SITAR-L2 read addr=0x400009b8 bm=0xff data=0x00000000000003cc hit
SITAR-L2 write addr=0x5051ff90 bm=0x0f data=0x00000000000003d0 hit
SITAR-L2 write addr=0xffffef94 bm=0x0f data=0x0000000000000225 hit
SITAR-L2 write addr=0x5051ff90 bm=0x0f data=0x00000000000003d4 hit
SITAR-L2 write addr=0xffffef94 bm=0x0f data=0x0000000000000229 hit
SITAR-L2 write addr=0x5051ff90 bm=0x0f data=0x00000000000003d8 hit
SITAR-L2 write addr=0xffffef94 bm=0x0f data=0x000000000000022d hit
SITAR-L2 write addr=0x5051ff90 bm=0x0f data=0x00000000000003dc hit
SITAR-L2 write addr=0xffffef94 bm=0x0f data=0x0000000000000231 hit
SITAR-L2 write addr=0x5051ff90 bm=0x0f data=0x00000000000003e0 hit
SITAR-L2 read addr=0x400009c0 bm=0xff data=0x00000000000003e0 hit
SITAR-L2 read addr=0x400009c8 bm=0xff data=0x00000000000003e0 hit
SITAR-L2 read addr=0x400009d0 bm=0xff data=0x00000000000003e0 hit
SITAR-L2 write addr=0x5051ff90 bm=0x0f data=0x00000000000003e4 hit
SITAR-L2 read addr=0x400009d8 bm=0xff data=0x00000000000003e4 hit
SITAR-L2 read addr=0x400009e0 bm=0xff data=0x00000000000003e4 hit
SITAR-L2 read addr=0x400009e8 bm=0xff data=0x00000000000003e4 hit
SITAR-L2 write addr=0x5051ff90 bm=0x0f data=0x00000000000003e8 hit
SITAR-L2 read addr=0x400009f0 bm=0xff data=0x00000000000003e8 hit
SITAR-L2 read addr=0x400009f8 bm=0xff data=0x00000000000003e8 hit
SITAR-L2 write addr=0x5051ff90 bm=0x0f data=0x00000000000003ec hit
SITAR-L2 write addr=0xffffef94 bm=0x0f data=0x0000000000000235 hit
SITAR-L2 write addr=0x5051ff90 bm=0x0f data=0x00000000000003f0 hit
SITAR-L2 write addr=0xffffef94 bm=0x0f data=0x0000000000000239 hit
SITAR-L2 write addr=0x5051ff90 bm=0x0f data=0x00000000000003f4 hit
SITAR-L2 write addr=0xffffef94 bm=0x0f data=0x000000000000023d hit
SITAR-L2 read addr=0x400010c0 bm=0xff data=0x000000000000023d hit
SITAR-L2 read addr=0x400010c8 bm=0xff data=0x000000000000023d hit
SITAR-L2 read addr=0x400010d0 bm=0xff data=0x000000000000023d hit
SITAR-L2 write addr=0xffffef94 bm=0x0f data=0x0000000000000241 hit
SITAR-L2 read addr=0x400010d8 bm=0xff data=0x0000000000000241 hit
SITAR-L2 read addr=0x400010e0 bm=0xff data=0x0000000000000241 hit
SITAR-L2 read addr=0x40000a00 bm=0xff data=0x0000000000000241 hit
SITAR-L2 read addr=0x400010e8 bm=0xff data=0x0000000000000241 hit
SITAR-L2 read addr=0x40000a08 bm=0xff data=0x0000000000000241 hit
SITAR-L2 read addr=0x400010f0 bm=0xff data=0x0000000000000241 hit
SITAR-L2 read addr=0x40000a10 bm=0xff data=0x0000000000000241 hit
SITAR-L2 read addr=0x400010f8 bm=0xff data=0x0000000000000241 hit
SITAR-L2 read addr=0x40000a18 bm=0xff data=0x0000000000000241 hit
SITAR-L2 read addr=0x40000a20 bm=0xff data=0x0000000000000241 hit
SITAR-L2 write addr=0x5051ff90 bm=0x0f data=0x00000000000003f8 hit
SITAR-L2 read addr=0x40000a28 bm=0xff data=0x00000000000003f8 hit
SITAR-L2 read addr=0x40000a30 bm=0xff data=0x00000000000003f8 hit
SITAR-L2 read addr=0x40000a38 bm=0xff data=0x00000000000003f8 hit
SITAR-L2 write addr=0x5051ff90 bm=0x0f data=0x00000000000003fc hit
SITAR-L2 write addr=0xffffef94 bm=0x0f data=0x0000000000000245 hit
SITAR-L2 write addr=0x5051ff90 bm=0x0f data=0x0000000000000400 hit
SITAR-L2 write addr=0xffffef94 bm=0x0f data=0x0000000000000249 hit
SITAR-L2 write addr=0x5051fff8 bm=0x0f data=0x0000000000000000 hit
SITAR-L2 write addr=0xffffef94 bm=0x0f data=0x000000000000024d hit
SITAR-L2 write addr=0x40000098 bm=0xf0 data=0x0000000100000000 miss
SITAR-L2 write addr=0xffffef94 bm=0x0f data=0x0000000000000251 hit
SITAR-L2 read addr=0x40000080 bm=0xff data=0x0000000000000251 hit
SITAR-L2 read addr=0x40000088 bm=0xff data=0x0000000000000251 hit
SITAR-L2 read addr=0x40000a40 bm=0xff data=0x0000000000000251 hit
SITAR-L2 read addr=0x40000090 bm=0xff data=0x0000000000000251 hit
SITAR-L2 read addr=0x40000a48 bm=0xff data=0x0000000000000251 hit
SITAR-L2 read addr=0x40000098 bm=0xff data=0x0000000000000251 hit
SITAR-L2 read addr=0x40000a50 bm=0xff data=0x0000000000000251 hit
SITAR-L2 read addr=0x400000a0 bm=0xff data=0x0000000000000251 hit
SITAR-L2 read addr=0x40000a58 bm=0xff data=0x0000000000000251 hit
SITAR-L2 read addr=0x400000a8 bm=0xff data=0x0000000000000251 hit
SITAR-L2 read addr=0x40000a60 bm=0xff data=0x0000000000000251 hit
SITAR-L2 read addr=0x400000b0 bm=0xff data=0x0000000000000251 hit
SITAR-L2 read addr=0x40000a68 bm=0xff data=0x0000000000000251 hit
SITAR-L2 read addr=0x400000b8 bm=0xff data=0x0000000000000251 hit
SITAR-L2 read addr=0x40000a70 bm=0xff data=0x0000000000000251 hit
SITAR-L2 read addr=0x40000a78 bm=0xff data=0x0000000000000251 hit
SITAR-L2 write addr=0x400000a8 bm=0xf0 data=0x0000000100000000 hit
SITAR-L2 write addr=0xffffef94 bm=0x0f data=0x0000000000000255 hit
SITAR-L2 read addr=0x000061c0 bm=0xff data=0x0000000000000255 hit
SITAR-L2 read addr=0x000061c8 bm=0xff data=0x0000000000000255 hit
SITAR-L2 read addr=0x000061d0 bm=0xff data=0x0000000000000255 hit
SITAR-L2 write addr=0xffffef94 bm=0x0f data=0x0000000000000259 hit
SITAR-L2 read addr=0x000061d8 bm=0xff data=0x0000000000000259 hit
SITAR-L2 read addr=0x000061e0 bm=0xff data=0x0000000000000259 hit
SITAR-L2 read addr=0x000061e8 bm=0xff data=0x0000000000000259 hit
SITAR-L2 write addr=0xffffef94 bm=0x0f data=0x000000000000025d hit
SITAR-L2 read addr=0x000061f0 bm=0xff data=0x000000000000025d hit
SITAR-L2 read addr=0x000061f8 bm=0xff data=0x000000000000025d hit
SITAR-L2 write addr=0xffffef94 bm=0x0f data=0x0000000000000261 hit
SITAR-L2 read addr=0x00006500 bm=0xff data=0x0000000000000261 miss
SITAR-L2 read addr=0x40000a80 bm=0xff data=0x0000000000000261 hit
SITAR-L2 read addr=0x00006508 bm=0xff data=0x0000000000000261 hit
SITAR-L2 read addr=0x40000a88 bm=0xff data=0x0000000000000261 hit
SITAR-L2 read addr=0x00006510 bm=0xff data=0x0000000000000261 hit
SITAR-L2 read addr=0x40000a90 bm=0xff data=0x0000000000000261 hit
SITAR-L2 read addr=0x00006518 bm=0xff data=0x0000000000000261 hit
SITAR-L2 read addr=0x40000a98 bm=0xff data=0x0000000000000261 hit
SITAR-L2 read addr=0x00006520 bm=0xff data=0x0000000000000261 hit
SITAR-L2 read addr=0x40000aa0 bm=0xff data=0x0000000000000261 hit
SITAR-L2 read addr=0x00006528 bm=0xff data=0x0000000000000261 hit
SITAR-L2 read addr=0x40000aa8 bm=0xff data=0x0000000000000261 hit
SITAR-L2 read addr=0x00006530 bm=0xff data=0x0000000000000261 hit
SITAR-L2 read addr=0x40000ab0 bm=0xff data=0x0000000000000261 hit
SITAR-L2 read addr=0x00006538 bm=0xff data=0x0000000000000261 hit
SITAR-L2 read addr=0x40000ab8 bm=0xff data=0x0000000000000261 hit
SITAR-L2 read addr=0x00000f80 bm=0xff data=0x0000000000000261 miss
SITAR-L2 write addr=0xffffef94 bm=0x0f data=0x0000000000000265 hit
SITAR-L2 read addr=0x00000f88 bm=0xff data=0x0000000000000265 hit
SITAR-L2 read addr=0x00000f90 bm=0xff data=0x0000000000000265 hit
SITAR-L2 read addr=0x00000f98 bm=0xff data=0x0000000000000265 hit
SITAR-L2 write addr=0xffffef94 bm=0x0f data=0x0000000000000269 hit
SITAR-L2 read addr=0x00000fa0 bm=0xff data=0x0000000000000269 hit
SITAR-L2 read addr=0x00000fa8 bm=0xff data=0x0000000000000269 hit
SITAR-L2 read addr=0x00000fb0 bm=0xff data=0x0000000000000269 hit
SITAR-L2 write addr=0xffffef94 bm=0x0f data=0x000000000000026d hit
SITAR-L2 read addr=0x00000fb8 bm=0xff data=0x000000000000026d hit
SITAR-L2 write addr=0x5051ff80 bm=0x0f data=0x0000000000000003 hit
SITAR-L2 write addr=0xffffef94 bm=0x0f data=0x0000000000000271 hit
SITAR-L2 write addr=0x5051ff38 bm=0x0f data=0x00000000ffff3200 miss
SITAR-L2 read addr=0x40000ac0 bm=0xff data=0x00000000ffff3200 hit
SITAR-L2 read addr=0x5051ff00 bm=0xff data=0x00000000ffff3200 hit
SITAR-L2 read addr=0x40000ac8 bm=0xff data=0x00000000ffff3200 hit
SITAR-L2 read addr=0x5051ff08 bm=0xff data=0x00000000ffff3200 hit
SITAR-L2 read addr=0x40000ad0 bm=0xff data=0x00000000ffff3200 hit
SITAR-L2 read addr=0x5051ff10 bm=0xff data=0x00000000ffff3200 hit
SITAR-L2 read addr=0x40000ad8 bm=0xff data=0x00000000ffff3200 hit
SITAR-L2 read addr=0x5051ff18 bm=0xff data=0x00000000ffff3200 hit
SITAR-L2 read addr=0x40000ae0 bm=0xff data=0x00000000ffff3200 hit
SITAR-L2 read addr=0x5051ff20 bm=0xff data=0x00000000ffff3200 hit
SITAR-L2 read addr=0x40000ae8 bm=0xff data=0x00000000ffff3200 hit
SITAR-L2 read addr=0x5051ff28 bm=0xff data=0x00000000ffff3200 hit
SITAR-L2 read addr=0x40000af0 bm=0xff data=0x00000000ffff3200 hit
SITAR-L2 read addr=0x5051ff30 bm=0xff data=0x00000000ffff3200 hit
SITAR-L2 read addr=0x40000af8 bm=0xff data=0x00000000ffff3200 hit
SITAR-L2 read addr=0x5051ff38 bm=0xff data=0x00000000ffff3200 hit
SITAR-L2 write addr=0xffffef94 bm=0x0f data=0x0000000000000275 hit
SITAR-L2 write addr=0xffffef94 bm=0x0f data=0x0000000000000279 hit
SITAR-L2 write addr=0xffffef94 bm=0x0f data=0x000000000000027d hit
SITAR-L2 write addr=0xffffef94 bm=0x0f data=0x0000000000000281 hit
SITAR-L2 read addr=0x40000b00 bm=0xff data=0x0000000000000281 hit
SITAR-L2 read addr=0x40000b08 bm=0xff data=0x0000000000000281 hit
SITAR-L2 read addr=0x40000b10 bm=0xff data=0x0000000000000281 hit
SITAR-L2 read addr=0x40000b18 bm=0xff data=0x0000000000000281 hit
SITAR-L2 read addr=0x40000b20 bm=0xff data=0x0000000000000281 hit
SITAR-L2 read addr=0x40000b28 bm=0xff data=0x0000000000000281 hit
SITAR-L2 read addr=0x40000b30 bm=0xff data=0x0000000000000281 hit
SITAR-L2 read addr=0x40000b38 bm=0xff data=0x0000000000000281 hit
SITAR-L2 write addr=0xffffef94 bm=0x0f data=0x0000000000000285 hit
SITAR-L2 write addr=0xffffef94 bm=0x0f data=0x0000000000000289 hit
SITAR-L2 write addr=0xffffef94 bm=0x0f data=0x000000000000028d hit
SITAR-L2 write addr=0xffffef94 bm=0x0f data=0x0000000000000291 hit
SITAR-L2 read addr=0x40000b40 bm=0xff data=0x0000000000000291 hit
SITAR-L2 read addr=0x40000b48 bm=0xff data=0x0000000000000291 hit
SITAR-L2 read addr=0x40000b50 bm=0xff data=0x0000000000000291 hit
SITAR-L2 read addr=0x40000b58 bm=0xff data=0x0000000000000291 hit
SITAR-L2 read addr=0x40000b60 bm=0xff data=0x0000000000000291 hit
SITAR-L2 read addr=0x40000b68 bm=0xff data=0x0000000000000291 hit
SITAR-L2 read addr=0x40000b70 bm=0xff data=0x0000000000000291 hit
SITAR-L2 read addr=0x40000b78 bm=0xff data=0x0000000000000291 hit
SITAR-L2 write addr=0xffffef94 bm=0x0f data=0x0000000000000295 hit
SITAR-L2 write addr=0xffffef94 bm=0x0f data=0x0000000000000299 hit
SITAR-L2 write addr=0xffffef94 bm=0x0f data=0x000000000000029d hit
SITAR-L2 write addr=0xffffef94 bm=0x0f data=0x00000000000002a1 hit
SITAR-L2 read addr=0x40000b80 bm=0xff data=0x00000000000002a1 hit
SITAR-L2 read addr=0x40000b88 bm=0xff data=0x00000000000002a1 hit
SITAR-L2 read addr=0x40000b90 bm=0xff data=0x00000000000002a1 hit
SITAR-L2 read addr=0x40000b98 bm=0xff data=0x00000000000002a1 hit
SITAR-L2 read addr=0x40000ba0 bm=0xff data=0x00000000000002a1 hit
SITAR-L2 read addr=0x40000ba8 bm=0xff data=0x00000000000002a1 hit
SITAR-L2 read addr=0x40000bb0 bm=0xff data=0x00000000000002a1 hit
SITAR-L2 read addr=0x40000bb8 bm=0xff data=0x00000000000002a1 hit
SITAR-L2 write addr=0xffffef94 bm=0x0f data=0x00000000000002a5 hit
SITAR-L2 write addr=0xffffef94 bm=0x0f data=0x00000000000002a9 hit
SITAR-L2 write addr=0xffffef94 bm=0x0f data=0x00000000000002ad hit
SITAR-L2 write addr=0xffffef94 bm=0x0f data=0x00000000000002b1 hit
SITAR-L2 read addr=0x40000bc0 bm=0xff data=0x00000000000002b1 hit
SITAR-L2 read addr=0x40000bc8 bm=0xff data=0x00000000000002b1 hit
SITAR-L2 read addr=0x40000bd0 bm=0xff data=0x00000000000002b1 hit
SITAR-L2 read addr=0x40000bd8 bm=0xff data=0x00000000000002b1 hit
SITAR-L2 read addr=0x40000be0 bm=0xff data=0x00000000000002b1 hit
SITAR-L2 read addr=0x40000be8 bm=0xff data=0x00000000000002b1 hit
SITAR-L2 read addr=0x40000bf0 bm=0xff data=0x00000000000002b1 hit
SITAR-L2 read addr=0x40000bf8 bm=0xff data=0x00000000000002b1 hit
SITAR-L2 write addr=0xffffef94 bm=0x0f data=0x00000000000002b5 hit
SITAR-L2 write addr=0xffffef94 bm=0x0f data=0x00000000000002b9 hit
SITAR-L2 write addr=0xffffef94 bm=0x0f data=0x00000000000002bd hit
SITAR-L2 write addr=0xffffef94 bm=0x0f data=0x00000000000002c1 hit
SITAR-L2 read addr=0x40000c00 bm=0xff data=0x00000000000002c1 hit
SITAR-L2 read addr=0x40000c08 bm=0xff data=0x00000000000002c1 hit
SITAR-L2 read addr=0x40000c10 bm=0xff data=0x00000000000002c1 hit
SITAR-L2 read addr=0x40000c18 bm=0xff data=0x00000000000002c1 hit
SITAR-L2 read addr=0x40000c20 bm=0xff data=0x00000000000002c1 hit
SITAR-L2 read addr=0x40000c28 bm=0xff data=0x00000000000002c1 hit
SITAR-L2 read addr=0x40000c30 bm=0xff data=0x00000000000002c1 hit
SITAR-L2 read addr=0x40000c38 bm=0xff data=0x00000000000002c1 hit
SITAR-L2 write addr=0xffffef94 bm=0x0f data=0x00000000000002c5 hit
SITAR-L2 write addr=0xffffef94 bm=0x0f data=0x00000000000002c9 hit
SITAR-L2 write addr=0xffffef94 bm=0x0f data=0x00000000000002cd hit
SITAR-L2 write addr=0xffffef94 bm=0x0f data=0x00000000000002d1 hit
SITAR-L2 read addr=0x40000c40 bm=0xff data=0x00000000000002d1 hit
SITAR-L2 read addr=0x40000c48 bm=0xff data=0x00000000000002d1 hit
SITAR-L2 read addr=0x40000c50 bm=0xff data=0x00000000000002d1 hit
SITAR-L2 read addr=0x40000c58 bm=0xff data=0x00000000000002d1 hit
SITAR-L2 read addr=0x40000c60 bm=0xff data=0x00000000000002d1 hit
SITAR-L2 read addr=0x40000c68 bm=0xff data=0x00000000000002d1 hit
SITAR-L2 read addr=0x40000c70 bm=0xff data=0x00000000000002d1 hit
SITAR-L2 read addr=0x40000c78 bm=0xff data=0x00000000000002d1 hit
SITAR-L2 write addr=0xffffef94 bm=0x0f data=0x00000000000002d5 hit
SITAR-L2 write addr=0xffffef94 bm=0x0f data=0x00000000000002d9 hit
SITAR-L2 write addr=0xffffef94 bm=0x0f data=0x00000000000002dd hit
SITAR-L2 write addr=0xffffef94 bm=0x0f data=0x00000000000002e1 hit
SITAR-L2 read addr=0x40000c80 bm=0xff data=0x00000000000002e1 hit
SITAR-L2 read addr=0x40000c88 bm=0xff data=0x00000000000002e1 hit
SITAR-L2 read addr=0x40000c90 bm=0xff data=0x00000000000002e1 hit
SITAR-L2 read addr=0x40000c98 bm=0xff data=0x00000000000002e1 hit
SITAR-L2 read addr=0x40000ca0 bm=0xff data=0x00000000000002e1 hit
SITAR-L2 read addr=0x40000ca8 bm=0xff data=0x00000000000002e1 hit
SITAR-L2 read addr=0x40000cb0 bm=0xff data=0x00000000000002e1 hit
SITAR-L2 read addr=0x40000cb8 bm=0xff data=0x00000000000002e1 hit
SITAR-L2 write addr=0xffffef94 bm=0x0f data=0x00000000000002e5 hit
SITAR-L2 write addr=0xffffef94 bm=0x0f data=0x00000000000002e9 hit
SITAR-L2 write addr=0xffffef94 bm=0x0f data=0x00000000000002ed hit
SITAR-L2 write addr=0xffffef94 bm=0x0f data=0x00000000000002f1 hit
SITAR-L2 read addr=0x40000cc0 bm=0xff data=0x00000000000002f1 hit
SITAR-L2 read addr=0x40000cc8 bm=0xff data=0x00000000000002f1 hit
SITAR-L2 read addr=0x40000cd0 bm=0xff data=0x00000000000002f1 hit
SITAR-L2 read addr=0x40000cd8 bm=0xff data=0x00000000000002f1 hit
SITAR-L2 read addr=0x40000ce0 bm=0xff data=0x00000000000002f1 hit
SITAR-L2 read addr=0x40000ce8 bm=0xff data=0x00000000000002f1 hit
SITAR-L2 read addr=0x40000cf0 bm=0xff data=0x00000000000002f1 hit
SITAR-L2 read addr=0x40000cf8 bm=0xff data=0x00000000000002f1 hit
SITAR-L2 write addr=0xffffef94 bm=0x0f data=0x00000000000002f5 hit
SITAR-L2 write addr=0xffffef94 bm=0x0f data=0x00000000000002f9 hit
SITAR-L2 write addr=0xffffef94 bm=0x0f data=0x00000000000002fd hit
SITAR-L2 write addr=0xffffef94 bm=0x0f data=0x0000000000000301 hit
SITAR-L2 read addr=0x40000d00 bm=0xff data=0x0000000000000301 hit
SITAR-L2 read addr=0x40000d08 bm=0xff data=0x0000000000000301 hit
SITAR-L2 read addr=0x40000d10 bm=0xff data=0x0000000000000301 hit
SITAR-L2 read addr=0x40000d18 bm=0xff data=0x0000000000000301 hit
SITAR-L2 read addr=0x40000d20 bm=0xff data=0x0000000000000301 hit
SITAR-L2 read addr=0x40000d28 bm=0xff data=0x0000000000000301 hit
SITAR-L2 read addr=0x40000d30 bm=0xff data=0x0000000000000301 hit
SITAR-L2 read addr=0x40000d38 bm=0xff data=0x0000000000000301 hit
SITAR-L2 write addr=0xffffef94 bm=0x0f data=0x0000000000000305 hit
SITAR-L2 write addr=0xffffef94 bm=0x0f data=0x0000000000000309 hit
SITAR-L2 write addr=0xffffef94 bm=0x0f data=0x000000000000030d hit
SITAR-L2 write addr=0xffffef94 bm=0x0f data=0x0000000000000311 hit
SITAR-L2 read addr=0x40000d40 bm=0xff data=0x0000000000000311 hit
SITAR-L2 read addr=0x40000d48 bm=0xff data=0x0000000000000311 hit
SITAR-L2 read addr=0x40000d50 bm=0xff data=0x0000000000000311 hit
SITAR-L2 read addr=0x40000d58 bm=0xff data=0x0000000000000311 hit
SITAR-L2 read addr=0x40000d60 bm=0xff data=0x0000000000000311 hit
SITAR-L2 read addr=0x40000d68 bm=0xff data=0x0000000000000311 hit
SITAR-L2 read addr=0x40000d70 bm=0xff data=0x0000000000000311 hit
SITAR-L2 read addr=0x40000d78 bm=0xff data=0x0000000000000311 hit
SITAR-L2 write addr=0xffffef94 bm=0x0f data=0x0000000000000315 hit
SITAR-L2 write addr=0xffffef94 bm=0x0f data=0x0000000000000319 hit
SITAR-L2 write addr=0xffffef94 bm=0x0f data=0x000000000000031d hit
SITAR-L2 write addr=0xffffef94 bm=0x0f data=0x0000000000000321 hit
SITAR-L2 read addr=0x40000d80 bm=0xff data=0x0000000000000321 hit
SITAR-L2 read addr=0x40000d88 bm=0xff data=0x0000000000000321 hit
SITAR-L2 read addr=0x40000d90 bm=0xff data=0x0000000000000321 hit
SITAR-L2 read addr=0x40000d98 bm=0xff data=0x0000000000000321 hit
SITAR-L2 read addr=0x40000da0 bm=0xff data=0x0000000000000321 hit
SITAR-L2 read addr=0x40000da8 bm=0xff data=0x0000000000000321 hit
SITAR-L2 read addr=0x40000db0 bm=0xff data=0x0000000000000321 hit
SITAR-L2 read addr=0x40000db8 bm=0xff data=0x0000000000000321 hit
SITAR-L2 write addr=0xffffef94 bm=0x0f data=0x0000000000000325 hit
SITAR-L2 write addr=0xffffef94 bm=0x0f data=0x0000000000000329 hit
SITAR-L2 write addr=0xffffef94 bm=0x0f data=0x000000000000032d hit
SITAR-L2 write addr=0xffffef94 bm=0x0f data=0x0000000000000331 hit
SITAR-L2 read addr=0x40000dc0 bm=0xff data=0x0000000000000331 hit
SITAR-L2 read addr=0x40000dc8 bm=0xff data=0x0000000000000331 hit
SITAR-L2 read addr=0x40000dd0 bm=0xff data=0x0000000000000331 hit
SITAR-L2 read addr=0x40000dd8 bm=0xff data=0x0000000000000331 hit
SITAR-L2 read addr=0x40000de0 bm=0xff data=0x0000000000000331 hit
SITAR-L2 read addr=0x40000de8 bm=0xff data=0x0000000000000331 hit
SITAR-L2 read addr=0x40000df0 bm=0xff data=0x0000000000000331 hit
SITAR-L2 read addr=0x40000df8 bm=0xff data=0x0000000000000331 hit
SITAR-L2 write addr=0xffffef94 bm=0x0f data=0x0000000000000335 hit
SITAR-L2 write addr=0xffffef94 bm=0x0f data=0x0000000000000339 hit
SITAR-L2 write addr=0xffffef94 bm=0x0f data=0x000000000000033d hit
SITAR-L2 write addr=0xffffef94 bm=0x0f data=0x0000000000000341 hit
SITAR-L2 read addr=0x40000e00 bm=0xff data=0x0000000000000341 hit
SITAR-L2 read addr=0x40000e08 bm=0xff data=0x0000000000000341 hit
SITAR-L2 read addr=0x40000e10 bm=0xff data=0x0000000000000341 hit
SITAR-L2 read addr=0x40000e18 bm=0xff data=0x0000000000000341 hit
SITAR-L2 read addr=0x40000e20 bm=0xff data=0x0000000000000341 hit
SITAR-L2 read addr=0x40000e28 bm=0xff data=0x0000000000000341 hit
SITAR-L2 read addr=0x40000e30 bm=0xff data=0x0000000000000341 hit
SITAR-L2 read addr=0x40000e38 bm=0xff data=0x0000000000000341 hit
SITAR-L2 write addr=0xffffef94 bm=0x0f data=0x0000000000000345 hit
SITAR-L2 write addr=0xffffef94 bm=0x0f data=0x0000000000000349 hit
SITAR-L2 write addr=0xffffef94 bm=0x0f data=0x000000000000034d hit
SITAR-L2 write addr=0xffffef94 bm=0x0f data=0x0000000000000351 hit
SITAR-L2 read addr=0x40000e40 bm=0xff data=0x0000000000000351 hit
SITAR-L2 read addr=0x40000e48 bm=0xff data=0x0000000000000351 hit
SITAR-L2 read addr=0x40000e50 bm=0xff data=0x0000000000000351 hit
SITAR-L2 read addr=0x40000e58 bm=0xff data=0x0000000000000351 hit
SITAR-L2 read addr=0x40000e60 bm=0xff data=0x0000000000000351 hit
SITAR-L2 read addr=0x40000e68 bm=0xff data=0x0000000000000351 hit
SITAR-L2 read addr=0x40000e70 bm=0xff data=0x0000000000000351 hit
SITAR-L2 read addr=0x40000e78 bm=0xff data=0x0000000000000351 hit
SITAR-L2 write addr=0xffffef94 bm=0x0f data=0x0000000000000355 hit
SITAR-L2 write addr=0xffffef94 bm=0x0f data=0x0000000000000359 hit
SITAR-L2 write addr=0xffffef94 bm=0x0f data=0x000000000000035d hit
SITAR-L2 write addr=0xffffef94 bm=0x0f data=0x0000000000000361 hit
SITAR-L2 read addr=0x40000e80 bm=0xff data=0x0000000000000361 hit
SITAR-L2 read addr=0x40000e88 bm=0xff data=0x0000000000000361 hit
SITAR-L2 read addr=0x40000e90 bm=0xff data=0x0000000000000361 hit
SITAR-L2 read addr=0x40000e98 bm=0xff data=0x0000000000000361 hit
SITAR-L2 read addr=0x40000ea0 bm=0xff data=0x0000000000000361 hit
SITAR-L2 read addr=0x40000ea8 bm=0xff data=0x0000000000000361 hit
SITAR-L2 read addr=0x40000eb0 bm=0xff data=0x0000000000000361 hit
SITAR-L2 read addr=0x40000eb8 bm=0xff data=0x0000000000000361 hit
SITAR-L2 write addr=0xffffef94 bm=0x0f data=0x0000000000000365 hit
SITAR-L2 write addr=0xffffef94 bm=0x0f data=0x0000000000000369 hit
SITAR-L2 write addr=0xffffef94 bm=0x0f data=0x000000000000036d hit
SITAR-L2 write addr=0xffffef94 bm=0x0f data=0x0000000000000371 hit
SITAR-L2 read addr=0x40000ec0 bm=0xff data=0x0000000000000371 hit
SITAR-L2 read addr=0x40000ec8 bm=0xff data=0x0000000000000371 hit
SITAR-L2 read addr=0x40000ed0 bm=0xff data=0x0000000000000371 hit
SITAR-L2 read addr=0x40000ed8 bm=0xff data=0x0000000000000371 hit
SITAR-L2 read addr=0x40000ee0 bm=0xff data=0x0000000000000371 hit
SITAR-L2 read addr=0x40000ee8 bm=0xff data=0x0000000000000371 hit
SITAR-L2 read addr=0x40000ef0 bm=0xff data=0x0000000000000371 hit
SITAR-L2 read addr=0x40000ef8 bm=0xff data=0x0000000000000371 hit
SITAR-L2 write addr=0xffffef94 bm=0x0f data=0x0000000000000375 hit
SITAR-L2 write addr=0xffffef94 bm=0x0f data=0x0000000000000379 hit
SITAR-L2 write addr=0xffffef94 bm=0x0f data=0x000000000000037d hit
SITAR-L2 write addr=0xffffef94 bm=0x0f data=0x0000000000000381 hit
SITAR-L2 read addr=0x40000f00 bm=0xff data=0x0000000000000381 hit
SITAR-L2 read addr=0x40000f08 bm=0xff data=0x0000000000000381 hit
SITAR-L2 read addr=0x40000f10 bm=0xff data=0x0000000000000381 hit
SITAR-L2 read addr=0x40000f18 bm=0xff data=0x0000000000000381 hit
SITAR-L2 read addr=0x40000f20 bm=0xff data=0x0000000000000381 hit
SITAR-L2 read addr=0x40000f28 bm=0xff data=0x0000000000000381 hit
SITAR-L2 read addr=0x40000f30 bm=0xff data=0x0000000000000381 hit
SITAR-L2 read addr=0x40000f38 bm=0xff data=0x0000000000000381 hit
SITAR-L2 write addr=0xffffef94 bm=0x0f data=0x0000000000000385 hit
SITAR-L2 write addr=0xffffef94 bm=0x0f data=0x0000000000000389 hit
SITAR-L2 write addr=0xffffef94 bm=0x0f data=0x000000000000038d hit
SITAR-L2 write addr=0xffffef94 bm=0x0f data=0x0000000000000391 hit
SITAR-L2 read addr=0x40000f40 bm=0xff data=0x0000000000000391 hit
SITAR-L2 read addr=0x40000f48 bm=0xff data=0x0000000000000391 hit
SITAR-L2 read addr=0x40000f50 bm=0xff data=0x0000000000000391 hit
SITAR-L2 read addr=0x40000f58 bm=0xff data=0x0000000000000391 hit
SITAR-L2 read addr=0x40000f60 bm=0xff data=0x0000000000000391 hit
SITAR-L2 read addr=0x40000f68 bm=0xff data=0x0000000000000391 hit
SITAR-L2 read addr=0x40000f70 bm=0xff data=0x0000000000000391 hit
SITAR-L2 read addr=0x40000f78 bm=0xff data=0x0000000000000391 hit
SITAR-L2 write addr=0xffffef94 bm=0x0f data=0x0000000000000395 hit
SITAR-L2 write addr=0xffffef94 bm=0x0f data=0x0000000000000399 hit
SITAR-L2 write addr=0xffffef94 bm=0x0f data=0x000000000000039d hit
SITAR-L2 write addr=0xffffef94 bm=0x0f data=0x00000000000003a1 hit
SITAR-L2 read addr=0x40000f80 bm=0xff data=0x00000000000003a1 hit
SITAR-L2 read addr=0x40000f88 bm=0xff data=0x00000000000003a1 hit
SITAR-L2 read addr=0x40000f90 bm=0xff data=0x00000000000003a1 hit
SITAR-L2 read addr=0x40000f98 bm=0xff data=0x00000000000003a1 hit
SITAR-L2 read addr=0x40000fa0 bm=0xff data=0x00000000000003a1 hit
SITAR-L2 read addr=0x40000fa8 bm=0xff data=0x00000000000003a1 hit
SITAR-L2 read addr=0x40000fb0 bm=0xff data=0x00000000000003a1 hit
SITAR-L2 read addr=0x40000fb8 bm=0xff data=0x00000000000003a1 hit
SITAR-L2 write addr=0xffffef94 bm=0x0f data=0x00000000000003a5 hit
SITAR-L2 write addr=0xffffef94 bm=0x0f data=0x00000000000003a9 hit
SITAR-L2 write addr=0xffffef94 bm=0x0f data=0x00000000000003ad hit
SITAR-L2 write addr=0xffffef94 bm=0x0f data=0x00000000000003b1 hit
SITAR-L2 read addr=0x40000fc0 bm=0xff data=0x00000000000003b1 hit
SITAR-L2 read addr=0x40000fc8 bm=0xff data=0x00000000000003b1 hit
SITAR-L2 read addr=0x40000fd0 bm=0xff data=0x00000000000003b1 hit
SITAR-L2 read addr=0x40000fd8 bm=0xff data=0x00000000000003b1 hit
SITAR-L2 read addr=0x40000fe0 bm=0xff data=0x00000000000003b1 hit
SITAR-L2 read addr=0x40000fe8 bm=0xff data=0x00000000000003b1 hit
SITAR-L2 read addr=0x40000ff0 bm=0xff data=0x00000000000003b1 hit
SITAR-L2 read addr=0x40000ff8 bm=0xff data=0x00000000000003b1 hit
SITAR-L2 write addr=0xffffef94 bm=0x0f data=0x00000000000003b5 hit
SITAR-L2 write addr=0xffffef94 bm=0x0f data=0x00000000000003b9 hit
SITAR-L2 write addr=0xffffef94 bm=0x0f data=0x00000000000003bd hit
SITAR-L2 write addr=0xffffef94 bm=0x0f data=0x00000000000003c1 hit
SITAR-L2 read addr=0x40001000 bm=0xff data=0x00000000000003c1 hit
SITAR-L2 read addr=0x40001008 bm=0xff data=0x00000000000003c1 hit
SITAR-L2 read addr=0x40001010 bm=0xff data=0x00000000000003c1 hit
SITAR-L2 read addr=0x40001018 bm=0xff data=0x00000000000003c1 hit
SITAR-L2 read addr=0x40001020 bm=0xff data=0x00000000000003c1 hit
SITAR-L2 read addr=0x40001028 bm=0xff data=0x00000000000003c1 hit
SITAR-L2 read addr=0x40001030 bm=0xff data=0x00000000000003c1 hit
SITAR-L2 read addr=0x40001038 bm=0xff data=0x00000000000003c1 hit
SITAR-L2 write addr=0xffffef94 bm=0x0f data=0x00000000000003c5 hit
SITAR-L2 write addr=0xffffef94 bm=0x0f data=0x00000000000003c9 hit
SITAR-L2 write addr=0xffffef94 bm=0x0f data=0x00000000000003cd hit
SITAR-L2 write addr=0xffffef94 bm=0x0f data=0x00000000000003d1 hit
SITAR-L2 read addr=0x40001040 bm=0xff data=0x00000000000003d1 hit
SITAR-L2 read addr=0x40001048 bm=0xff data=0x00000000000003d1 hit
SITAR-L2 read addr=0x40001050 bm=0xff data=0x00000000000003d1 hit
SITAR-L2 read addr=0x40001058 bm=0xff data=0x00000000000003d1 hit
SITAR-L2 read addr=0x40001060 bm=0xff data=0x00000000000003d1 hit
SITAR-L2 read addr=0x40001068 bm=0xff data=0x00000000000003d1 hit
SITAR-L2 read addr=0x40001070 bm=0xff data=0x00000000000003d1 hit
SITAR-L2 read addr=0x40001078 bm=0xff data=0x00000000000003d1 hit
SITAR-L2 write addr=0xffffef94 bm=0x0f data=0x00000000000003d5 hit
SITAR-L2 write addr=0xffffef94 bm=0x0f data=0x00000000000003d9 hit
SITAR-L2 write addr=0xffffef94 bm=0x0f data=0x00000000000003dd hit
SITAR-L2 write addr=0xffffef94 bm=0x0f data=0x00000000000003e1 hit
SITAR-L2 read addr=0x40001080 bm=0xff data=0x00000000000003e1 hit
SITAR-L2 read addr=0x40001088 bm=0xff data=0x00000000000003e1 hit
SITAR-L2 read addr=0x40001090 bm=0xff data=0x00000000000003e1 hit
SITAR-L2 read addr=0x40001098 bm=0xff data=0x00000000000003e1 hit
SITAR-L2 read addr=0x400010a0 bm=0xff data=0x00000000000003e1 hit
SITAR-L2 read addr=0x400010a8 bm=0xff data=0x00000000000003e1 hit
SITAR-L2 read addr=0x400010b0 bm=0xff data=0x00000000000003e1 hit
SITAR-L2 read addr=0x400010b8 bm=0xff data=0x00000000000003e1 hit
SITAR-L2 write addr=0xffffef94 bm=0x0f data=0x00000000000003e5 hit
SITAR-L2 write addr=0xffffef94 bm=0x0f data=0x00000000000003e9 hit
SITAR-L2 write addr=0xffffef94 bm=0x0f data=0x00000000000003ed hit
SITAR-L2 write addr=0xffffef94 bm=0x0f data=0x00000000000003f1 hit
SITAR-L2 write addr=0xffffef94 bm=0x0f data=0x00000000000003f5 hit
SITAR-L2 write addr=0xffffef94 bm=0x0f data=0x00000000000003f9 hit
SITAR-L2 write addr=0xffffef94 bm=0x0f data=0x00000000000003fd hit
SITAR-L2 write addr=0xffffef94 bm=0x0f data=0x0000000000000401 hit
SITAR-L2 write addr=0xffffeffc bm=0x0f data=0x0000000000000000 hit
SITAR-L2 write addr=0x40000098 bm=0x0f data=0x0000000000000001 hit
SITAR-L2 read addr=0x40000080 bm=0xff data=0x0000000000000001 hit
SITAR-L2 read addr=0x40000080 bm=0xff data=0x0000000000000001 hit
SITAR-L2 read addr=0x40000088 bm=0xff data=0x0000000000000001 hit
SITAR-L2 read addr=0x40000088 bm=0xff data=0x0000000000000001 hit
SITAR-L2 read addr=0x40000090 bm=0xff data=0x0000000000000001 hit
SITAR-L2 read addr=0x40000090 bm=0xff data=0x0000000000000001 hit
SITAR-L2 read addr=0x40000098 bm=0xff data=0x0000000000000001 hit
SITAR-L2 read addr=0x40000098 bm=0xff data=0x0000000000000001 hit
SITAR-L2 read addr=0x400000a0 bm=0xff data=0x0000000000000001 hit
SITAR-L2 read addr=0x400000a0 bm=0xff data=0x0000000000000001 hit
SITAR-L2 read addr=0x400000a8 bm=0xff data=0x0000000000000001 hit
SITAR-L2 read addr=0x400000a8 bm=0xff data=0x0000000000000001 hit
SITAR-L2 read addr=0x400000b0 bm=0xff data=0x0000000000000001 hit
SITAR-L2 read addr=0x400000b0 bm=0xff data=0x0000000000000001 hit
SITAR-L2 read addr=0x400000b8 bm=0xff data=0x0000000000000001 hit
SITAR-L2 read addr=0x400000b8 bm=0xff data=0x0000000000000001 hit
SITAR-L2 read addr=0x00006200 bm=0xff data=0x0000000000000001 miss
SITAR-L2 read addr=0x00006208 bm=0xff data=0x0000000000000001 hit
SITAR-L2 read addr=0x00006210 bm=0xff data=0x0000000000000001 hit
SITAR-L2 read addr=0x00006218 bm=0xff data=0x0000000000000001 hit
SITAR-L2 read addr=0x00006220 bm=0xff data=0x0000000000000001 hit
SITAR-L2 read addr=0x00006228 bm=0xff data=0x0000000000000001 hit
SITAR-L2 read addr=0x00006230 bm=0xff data=0x0000000000000001 hit
SITAR-L2 read addr=0x00006238 bm=0xff data=0x0000000000000001 hit
SITAR-L2 write addr=0x400000a8 bm=0x0f data=0x0000000000000001 hit
SITAR-L2 read addr=0x40000080 bm=0xff data=0x0000000000000001 hit
SITAR-L2 read addr=0x40000088 bm=0xff data=0x0000000000000001 hit
BRIDGE-TA0 t2 c1 sim=87725 pc=0x0000017c npc=0x00000180
BRIDGE-REGS-TA0 t2 c1 cwp=0 psr=0x009010e0 wim=0x00000002 tbr=0x00008000 y=0x00000000 pc=0x0000017c npc=0x00000180 fpsr=0x00000000 trap=0x00800001 ticc=0x00 asi=0x0a
BRIDGE-REGS-TA0 t2 g0=0x00000000 g1=0x400000ac g2=0x00000001 g3=0x000003fd g4=0x2774a209 g5=0x00000000 g6=0x00b2172a g7=0x532c34a5
BRIDGE-REGS-TA0 t2 o0=0x00000001 o1=0x3b2125a3 o2=0x0ac68ffb o3=0x63df3fb7 o4=0x64996e13 o5=0x57a37d47 o6=0xfffff000 o7=0x0000012c
BRIDGE-REGS-TA0 t2 l0=0x00008000 l1=0x50520100 l2=0x50520300 l3=0x16ac4b23 l4=0x76c44e4e l5=0x0e04e6ce l6=0x00000178 l7=0x00000001
BRIDGE-REGS-TA0 t2 i0=0x00000001 i1=0x59a4ba71 i2=0x450b7fb6 i3=0x340bf64d i4=0x69454021 i5=0x49f15c6b i6=0x00000000 i7=0x1c618271
BRIDGE-REGS-TA0 t2 asr0=0x00000000 asr1=0x00000000 asr2=0x00000000 asr3=0x00000000 asr4=0x00000000 asr5=0x00000000 asr6=0x00000000 asr7=0x00000000
BRIDGE-REGS-TA0 t2 asr8=0x00000000 asr9=0x00000000 asr10=0x00000000 asr11=0x00000000 asr12=0x00000000 asr13=0x00000000 asr14=0x00000000 asr15=0x00000000
BRIDGE-REGS-TA0 t2 asr16=0x00000000 asr17=0x00000000 asr18=0x00000000 asr19=0x00000000 asr20=0x00000000 asr21=0x00000000 asr22=0x00000000 asr23=0x00000000
BRIDGE-REGS-TA0 t2 asr24=0x00000000 asr25=0x00000000 asr26=0x00000000 asr27=0x00000000 asr28=0x00000005 asr29=0x50520100 asr30=0x00000000 asr31=0x00000000
BRIDGE-REGS-TA0 t2 f0=0x534347a8 f1=0x5800e34b f2=0x1673efc8 f3=0x05b9b1fd f4=0x7ad7fca2 f5=0x63351604 f6=0x0e759d1a f7=0x6e3dee90
BRIDGE-REGS-TA0 t2 f8=0x1a8762f4 f9=0x7f41d049 f10=0x449f66fe f11=0x557e0515 f12=0x3ba0794b f13=0x6a0dce48 f14=0x7237aa96 f15=0x5b1fbc2d
BRIDGE-REGS-TA0 t2 f16=0x33dfcce8 f17=0x18c45e15 f18=0x6b431f25 f19=0x13cd8dcb f20=0x563a1a5c f21=0x2973f88f f22=0x2c70edae f23=0x44296c6d
BRIDGE-REGS-TA0 t2 f24=0x3a86d445 f25=0x51f79246 f26=0x5bc9a827 f27=0x3ae37d86 f28=0x45440fe5 f29=0x00bf783f f30=0x22643ea9 f31=0x1887578d
SITAR-L2 read addr=0x40000090 bm=0xff data=0x0000000000000001 hit
SITAR-L2 read addr=0x40000098 bm=0xff data=0x0000000000000001 hit
SITAR-L2 read addr=0x400000a0 bm=0xff data=0x0000000000000001 hit
SITAR-L2 read addr=0x400000a8 bm=0xff data=0x0000000000000001 hit
SITAR-L2 read addr=0x400000b0 bm=0xff data=0x0000000000000001 hit
SITAR-L2 read addr=0x400000b8 bm=0xff data=0x0000000000000001 hit
SITAR-L2 read addr=0x00006540 bm=0xff data=0x0000000000000001 miss
SITAR-L2 read addr=0x00006548 bm=0xff data=0x0000000000000001 hit
SITAR-L2 read addr=0x00006550 bm=0xff data=0x0000000000000001 hit
SITAR-L2 read addr=0x00006558 bm=0xff data=0x0000000000000001 hit
SITAR-L2 read addr=0x00006560 bm=0xff data=0x0000000000000001 hit
SITAR-L2 read addr=0x00006568 bm=0xff data=0x0000000000000001 hit
SITAR-L2 read addr=0x00006570 bm=0xff data=0x0000000000000001 hit
SITAR-L2 read addr=0x00006578 bm=0xff data=0x0000000000000001 hit
=== BRIDGE CACHE SUMMARY BEGIN ===
BRIDGE-SUMMARY t0 c0 IF(a=726732 h=726714 m=18 f=0) DF(a=122949 h=122676 m=264 rh=122159 rm=3 wh=517 wm=261 by=5 fl=4 lk=0)
BRIDGE-SUMMARY t1 c0 IF(a=726732 h=726714 m=18 f=0) DF(a=122949 h=122676 m=264 rh=122159 rm=3 wh=517 wm=261 by=5 fl=4 lk=0)
BRIDGE-SUMMARY t2 c1 IF(a=7676 h=7661 m=15 f=0) DF(a=3101 h=2763 m=322 rh=2247 rm=63 wh=516 wm=259 by=12 fl=4 lk=0)
BRIDGE-SUMMARY t3 c1 IF(a=7676 h=7661 m=15 f=0) DF(a=3101 h=2763 m=322 rh=2247 rm=63 wh=516 wm=259 by=12 fl=4 lk=0)
BRIDGE-SUMMARY t4 c2 IF(a=0 h=0 m=0 f=0) DF(a=0 h=0 m=0 rh=0 rm=0 wh=0 wm=0 by=0 fl=0 lk=0)
BRIDGE-SUMMARY t5 c2 IF(a=0 h=0 m=0 f=0) DF(a=0 h=0 m=0 rh=0 rm=0 wh=0 wm=0 by=0 fl=0 lk=0)
BRIDGE-SUMMARY t6 c3 IF(a=0 h=0 m=0 f=0) DF(a=0 h=0 m=0 rh=0 rm=0 wh=0 wm=0 by=0 fl=0 lk=0)
BRIDGE-SUMMARY t7 c3 IF(a=0 h=0 m=0 f=0) DF(a=0 h=0 m=0 rh=0 rm=0 wh=0 wm=0 by=0 fl=0 lk=0)
BRIDGE-TA0-STATUS t0 seen=0
BRIDGE-REGS-END t0 c0 cwp=7 psr=0x000010e7 wim=0x00000002 tbr=0x00008000 y=0x00000000 pc=0x00006520 npc=0x00006524 fpsr=0x00000000 trap=0x00000000 ticc=0x00 asi=0x0a
BRIDGE-REGS-END t0 g0=0x00000000 g1=0x40000000 g2=0xffff3200 g3=0x000003fc g4=0x00885e1b g5=0x00000000 g6=0x4c04a8af g7=0x1716703b
BRIDGE-REGS-END t0 o0=0x00000000 o1=0x597b4d84 o2=0x0f819e7f o3=0x57c7d42d o4=0x312167ad o5=0x631b64d4 o6=0x5051ffa0 o7=0x000064fc
BRIDGE-REGS-END t0 l0=0x000010e0 l1=0x00000000 l2=0x00000000 l3=0x46263dec l4=0x260d8c4a l5=0x73d4d3c4 l6=0x746f2e30 l7=0x6fde8af6
BRIDGE-REGS-END t0 i0=0x00000001 i1=0x3222e7cd i2=0x74de0ee3 i3=0x68ebc550 i4=0x2df6d648 i5=0x46b7d447 i6=0x50520000 i7=0x00000108
BRIDGE-REGS-END t0 asr0=0x00000000 asr1=0x00000000 asr2=0x00000000 asr3=0x00000000 asr4=0x00000000 asr5=0x00000000 asr6=0x00000000 asr7=0x00000000
BRIDGE-REGS-END t0 asr8=0x00000000 asr9=0x00000000 asr10=0x00000000 asr11=0x00000000 asr12=0x00000000 asr13=0x00000000 asr14=0x00000000 asr15=0x00000000
BRIDGE-REGS-END t0 asr16=0x00000000 asr17=0x00000000 asr18=0x00000000 asr19=0x00000000 asr20=0x00000000 asr21=0x00000000 asr22=0x00000000 asr23=0x00000000
BRIDGE-REGS-END t0 asr24=0x00000000 asr25=0x00000000 asr26=0x00000000 asr27=0x00000000 asr28=0x00000005 asr29=0x50520000 asr30=0x00000000 asr31=0x00000000
BRIDGE-REGS-END t0 f0=0x3fc32e20 f1=0x49c0e823 f2=0x14d53685 f3=0x230f856c f4=0x6eaa85fb f5=0x3f06ecb2 f6=0x3b594807 f7=0x6caa2304
BRIDGE-REGS-END t0 f8=0x3f7c2ff4 f9=0x25413bec f10=0x17180b0b f11=0x579328b9 f12=0x5d205e20 f13=0x11cca8ba f14=0x4d32ab86 f15=0x3f07acc3
BRIDGE-REGS-END t0 f16=0x6b47f63e f17=0x5cb44a05 f18=0x16cf80f1 f19=0x1c695dec f20=0x3fcfaed9 f21=0x0f856867 f22=0x11b1cc33 f23=0x2e22fbb7
BRIDGE-REGS-END t0 f24=0x29934699 f25=0x77485850 f26=0x744939a3 f27=0x4fa0d2e3 f28=0x6b1d2c14 f29=0x68b867d3 f30=0x3f7f5dd9 f31=0x2ae05a34
BRIDGE-TA0-STATUS t1 seen=1
BRIDGE-REGS-END t1 c0 cwp=7 psr=0x009010c7 wim=0x00000002 tbr=0x00008800 y=0x00000000 pc=0x00008800 npc=0x00008804 fpsr=0x00000000 trap=0x00000000 ticc=0x00 asi=0x20
BRIDGE-REGS-END t1 g0=0x00000000 g1=0x00007800 g2=0x00000781 g3=0x00000100 g4=0x5e963896 g5=0x00000000 g6=0x1dd6d6f4 g7=0x769a091f
BRIDGE-REGS-END t1 o0=0x48249dbf o1=0x1f0e5d0d o2=0x026baae9 o3=0x2c02fe8c o4=0x0129517e o5=0x763b8c4e o6=0x4cfb8d32 o7=0x62a5d5bd
BRIDGE-REGS-END t1 l0=0x000010e0 l1=0x0000017c l2=0x00000180 l3=0x3957756a l4=0x3e6da1c7 l5=0x65ca235b l6=0x51cb0da4 l7=0x7b9b743c
BRIDGE-REGS-END t1 i0=0x00000001 i1=0x777a4eaa i2=0x3f48b982 i3=0x46ba8fca i4=0x7835626c i5=0x665aca49 i6=0x6835b2ae i7=0x000000dc
BRIDGE-REGS-END t1 asr0=0x00000000 asr1=0x00000000 asr2=0x00000000 asr3=0x00000000 asr4=0x00000000 asr5=0x00000000 asr6=0x00000000 asr7=0x00000000
BRIDGE-REGS-END t1 asr8=0x00000000 asr9=0x00000000 asr10=0x00000000 asr11=0x00000000 asr12=0x00000000 asr13=0x00000000 asr14=0x00000000 asr15=0x00000000
BRIDGE-REGS-END t1 asr16=0x00000000 asr17=0x00000000 asr18=0x00000000 asr19=0x00000000 asr20=0x00000000 asr21=0x00000000 asr22=0x00000000 asr23=0x00000000
BRIDGE-REGS-END t1 asr24=0x00000000 asr25=0x00000000 asr26=0x00000000 asr27=0x00000000 asr28=0x00000005 asr29=0x50520001 asr30=0x00000000 asr31=0x00000000
BRIDGE-REGS-END t1 f0=0x13e21002 f1=0x257d63f4 f2=0x70ec11b2 f3=0x2eda00ed f4=0x73209072 f5=0x5fb29816 f6=0x3ce732ec f7=0x22f13df3
BRIDGE-REGS-END t1 f8=0x792b8401 f9=0x0fa85f4d f10=0x6ece91f0 f11=0x4fc4d600 f12=0x5bfd4210 f13=0x76574f8b f14=0x178f7b67 f15=0x2421dfcf
BRIDGE-REGS-END t1 f16=0x1565ac99 f17=0x19fb2650 f18=0x5024de5b f19=0x168efe17 f20=0x1036b29f f21=0x1d206b8e f22=0x7934d3d4 f23=0x01c65e98
BRIDGE-REGS-END t1 f24=0x1495e50a f25=0x0f5bcf61 f26=0x3b1dd403 f27=0x530386d1 f28=0x7525f2bc f29=0x0ce8e1a7 f30=0x4e9efb0d f31=0x090802be
BRIDGE-TA0-STATUS t2 seen=1
BRIDGE-REGS-END t2 c1 cwp=7 psr=0x009010c7 wim=0x00000002 tbr=0x00008800 y=0x00000000 pc=0x00008800 npc=0x00008804 fpsr=0x00000000 trap=0x00000000 ticc=0x00 asi=0x0a
BRIDGE-REGS-END t2 g0=0x00000000 g1=0x400000ac g2=0x00000001 g3=0x000003fd g4=0x2774a209 g5=0x00000000 g6=0x00b2172a g7=0x532c34a5
BRIDGE-REGS-END t2 o0=0x00000000 o1=0x49d1fea0 o2=0x268cb37f o3=0x102362f8 o4=0x5fedc0e3 o5=0x3d75bc47 o6=0xffffef98 o7=0x000061d8
BRIDGE-REGS-END t2 l0=0x000010e0 l1=0x0000017c l2=0x00000180 l3=0x17a03bb9 l4=0x005ca941 l5=0x734c7d9f l6=0x24f5d018 l7=0x6780c122
BRIDGE-REGS-END t2 i0=0x00000001 i1=0x3b2125a3 i2=0x0ac68ffb i3=0x63df3fb7 i4=0x64996e13 i5=0x57a37d47 i6=0xfffff000 i7=0x0000012c
BRIDGE-REGS-END t2 asr0=0x00000000 asr1=0x00000000 asr2=0x00000000 asr3=0x00000000 asr4=0x00000000 asr5=0x00000000 asr6=0x00000000 asr7=0x00000000
BRIDGE-REGS-END t2 asr8=0x00000000 asr9=0x00000000 asr10=0x00000000 asr11=0x00000000 asr12=0x00000000 asr13=0x00000000 asr14=0x00000000 asr15=0x00000000
BRIDGE-REGS-END t2 asr16=0x00000000 asr17=0x00000000 asr18=0x00000000 asr19=0x00000000 asr20=0x00000000 asr21=0x00000000 asr22=0x00000000 asr23=0x00000000
BRIDGE-REGS-END t2 asr24=0x00000000 asr25=0x00000000 asr26=0x00000000 asr27=0x00000000 asr28=0x00000005 asr29=0x50520100 asr30=0x00000000 asr31=0x00000000
BRIDGE-REGS-END t2 f0=0x534347a8 f1=0x5800e34b f2=0x1673efc8 f3=0x05b9b1fd f4=0x7ad7fca2 f5=0x63351604 f6=0x0e759d1a f7=0x6e3dee90
BRIDGE-REGS-END t2 f8=0x1a8762f4 f9=0x7f41d049 f10=0x449f66fe f11=0x557e0515 f12=0x3ba0794b f13=0x6a0dce48 f14=0x7237aa96 f15=0x5b1fbc2d
BRIDGE-REGS-END t2 f16=0x33dfcce8 f17=0x18c45e15 f18=0x6b431f25 f19=0x13cd8dcb f20=0x563a1a5c f21=0x2973f88f f22=0x2c70edae f23=0x44296c6d
BRIDGE-REGS-END t2 f24=0x3a86d445 f25=0x51f79246 f26=0x5bc9a827 f27=0x3ae37d86 f28=0x45440fe5 f29=0x00bf783f f30=0x22643ea9 f31=0x1887578d
BRIDGE-TA0-STATUS t3 seen=1
BRIDGE-REGS-END t3 c1 cwp=7 psr=0x009010c7 wim=0x00000002 tbr=0x00008800 y=0x00000000 pc=0x00008800 npc=0x00008804 fpsr=0x00000000 trap=0x00000000 ticc=0x00 asi=0x20
BRIDGE-REGS-END t3 g0=0x00000000 g1=0x00007800 g2=0x00000781 g3=0x00000100 g4=0x1cc11c37 g5=0x00000000 g6=0x72d2b579 g7=0x6c0be536
BRIDGE-REGS-END t3 o0=0x0a91e1dc o1=0x1236898d o2=0x62710862 o3=0x7ea94a2b o4=0x20d49da3 o5=0x6272919f o6=0x127ded1d o7=0x483966aa
BRIDGE-REGS-END t3 l0=0x000010e0 l1=0x0000017c l2=0x00000180 l3=0x39629ffa l4=0x71f94adc l5=0x27ffb15a l6=0x048be573 l7=0x142ac06c
BRIDGE-REGS-END t3 i0=0x00000001 i1=0x3565f1c8 i2=0x5ea6d896 i3=0x3d096bbf i4=0x0bd6d5b5 i5=0x3b52115c i6=0x787aa59c i7=0x000000dc
BRIDGE-REGS-END t3 asr0=0x00000000 asr1=0x00000000 asr2=0x00000000 asr3=0x00000000 asr4=0x00000000 asr5=0x00000000 asr6=0x00000000 asr7=0x00000000
BRIDGE-REGS-END t3 asr8=0x00000000 asr9=0x00000000 asr10=0x00000000 asr11=0x00000000 asr12=0x00000000 asr13=0x00000000 asr14=0x00000000 asr15=0x00000000
BRIDGE-REGS-END t3 asr16=0x00000000 asr17=0x00000000 asr18=0x00000000 asr19=0x00000000 asr20=0x00000000 asr21=0x00000000 asr22=0x00000000 asr23=0x00000000
BRIDGE-REGS-END t3 asr24=0x00000000 asr25=0x00000000 asr26=0x00000000 asr27=0x00000000 asr28=0x00000005 asr29=0x50520101 asr30=0x00000000 asr31=0x00000000
BRIDGE-REGS-END t3 f0=0x5fa54049 f1=0x2cbe7670 f2=0x5d86cf11 f3=0x69ef4674 f4=0x68abefb0 f5=0x326c3c76 f6=0x58a36fca f7=0x129b95f2
BRIDGE-REGS-END t3 f8=0x309fb9ab f9=0x782ff375 f10=0x2b8fa025 f11=0x40f9991c f12=0x052192ad f13=0x7670d608 f14=0x48b6b6eb f15=0x0fb37489
BRIDGE-REGS-END t3 f16=0x08a75f95 f17=0x2b27bf4d f18=0x0e5cbeb4 f19=0x297bfd38 f20=0x0d9a50ed f21=0x20daabd1 f22=0x71b563e3 f23=0x741a191e
BRIDGE-REGS-END t3 f24=0x55886153 f25=0x3e6af287 f26=0x2d7cb919 f27=0x4781ac2f f28=0x666aa3e1 f29=0x32089e8c f30=0x5bac6c9c f31=0x460fe42b
BRIDGE-TA0-STATUS t4 seen=0
BRIDGE-REGS-END t4 c2 cwp=0 psr=0x000010c0 wim=0x00000000 tbr=0x00000000 y=0x00000000 pc=0x00000000 npc=0x00000000 fpsr=0x00000000 trap=0x00000000 ticc=0x00 asi=0x0a
BRIDGE-REGS-END t4 g0=0x00000000 g1=0x58625c6d g2=0x2357e574 g3=0x6580d91b g4=0x392ba6b3 g5=0x29f583ef g6=0x6486395b g7=0x569bc2b2
BRIDGE-REGS-END t4 o0=0x74087021 o1=0x23bc16c2 o2=0x02026ec5 o3=0x4df9979a o4=0x68e13f8e o5=0x51c07f53 o6=0x2e59c5fd o7=0x30b21390
BRIDGE-REGS-END t4 l0=0x5edd588c l1=0x40aef10d l2=0x40009c03 l3=0x3bcfa3d1 l4=0x2040af63 l5=0x7c3fa800 l6=0x56e57d3d l7=0x1b874986
BRIDGE-REGS-END t4 i0=0x1e1c83a1 i1=0x78ebd301 i2=0x786d58e4 i3=0x69b6e9d9 i4=0x210e8fa8 i5=0x3e858759 i6=0x62e80725 i7=0x06a84631
BRIDGE-REGS-END t4 asr0=0x00000000 asr1=0x00000000 asr2=0x00000000 asr3=0x00000000 asr4=0x00000000 asr5=0x00000000 asr6=0x00000000 asr7=0x00000000
BRIDGE-REGS-END t4 asr8=0x00000000 asr9=0x00000000 asr10=0x00000000 asr11=0x00000000 asr12=0x00000000 asr13=0x00000000 asr14=0x00000000 asr15=0x00000000
BRIDGE-REGS-END t4 asr16=0x00000000 asr17=0x00000000 asr18=0x00000000 asr19=0x00000000 asr20=0x00000000 asr21=0x00000000 asr22=0x00000000 asr23=0x00000000
BRIDGE-REGS-END t4 asr24=0x00000000 asr25=0x00000000 asr26=0x00000000 asr27=0x00000000 asr28=0x00000005 asr29=0x50520200 asr30=0x00000000 asr31=0x00000000
BRIDGE-REGS-END t4 f0=0x6a2f4e9d f1=0x7547b1d6 f2=0x4a3c4f0e f3=0x05adc9b4 f4=0x75b191d3 f5=0x59841cb3 f6=0x186259f2 f7=0x6953f85f
BRIDGE-REGS-END t4 f8=0x6e0367d7 f9=0x6c8c05e1 f10=0x3c339a5b f11=0x24c258b1 f12=0x6a8657b0 f13=0x5340ffa9 f14=0x1336705d f15=0x6463c363
BRIDGE-REGS-END t4 f16=0x347b3fd3 f17=0x0d5ab751 f18=0x0f1ec427 f19=0x6c89b896 f20=0x7e1219c8 f21=0x25f1c1c1 f22=0x743ce6fa f23=0x20530e7b
BRIDGE-REGS-END t4 f24=0x144c9480 f25=0x1514a0af f26=0x55c3594c f27=0x69dcf55b f28=0x0cfc2acf f29=0x28ba7a13 f30=0x28881591 f31=0x772b796c
BRIDGE-TA0-STATUS t5 seen=0
BRIDGE-REGS-END t5 c2 cwp=0 psr=0x000010c0 wim=0x00000000 tbr=0x00000000 y=0x00000000 pc=0x00000000 npc=0x00000000 fpsr=0x00000000 trap=0x00000000 ticc=0x00 asi=0x0a
BRIDGE-REGS-END t5 g0=0x00000000 g1=0x58be66cd g2=0x335e9e8d g3=0x425c189b g4=0x3128443a g5=0x4b85829e g6=0x63603a2c g7=0x6aa1c37e
BRIDGE-REGS-END t5 o0=0x33f518db o1=0x29d6cf99 o2=0x5f346fc0 o3=0x436c953a o4=0x01fa1091 o5=0x784df0c8 o6=0x6c7ba46c o7=0x7ac3aa45
BRIDGE-REGS-END t5 l0=0x5b33ee61 l1=0x787ce04f l2=0x00715079 l3=0x083c5851 l4=0x3f698779 l5=0x2abd0c5a l6=0x464e2fa8 l7=0x74e8d1e3
BRIDGE-REGS-END t5 i0=0x081d416a i1=0x48ae393e i2=0x7726e879 i3=0x224002e8 i4=0x33d9f200 i5=0x09f9d75e i6=0x0f02b952 i7=0x14a73585
BRIDGE-REGS-END t5 asr0=0x00000000 asr1=0x00000000 asr2=0x00000000 asr3=0x00000000 asr4=0x00000000 asr5=0x00000000 asr6=0x00000000 asr7=0x00000000
BRIDGE-REGS-END t5 asr8=0x00000000 asr9=0x00000000 asr10=0x00000000 asr11=0x00000000 asr12=0x00000000 asr13=0x00000000 asr14=0x00000000 asr15=0x00000000
BRIDGE-REGS-END t5 asr16=0x00000000 asr17=0x00000000 asr18=0x00000000 asr19=0x00000000 asr20=0x00000000 asr21=0x00000000 asr22=0x00000000 asr23=0x00000000
BRIDGE-REGS-END t5 asr24=0x00000000 asr25=0x00000000 asr26=0x00000000 asr27=0x00000000 asr28=0x00000005 asr29=0x50520201 asr30=0x00000000 asr31=0x00000000
BRIDGE-REGS-END t5 f0=0x1e7e26d6 f1=0x399d6ba1 f2=0x684b2f6e f3=0x7293711f f4=0x529e34bd f5=0x0decacaf f6=0x75d245b2 f7=0x1ed708d2
BRIDGE-REGS-END t5 f8=0x16311481 f9=0x34611421 f10=0x1e0b04a6 f11=0x1fabcd90 f12=0x42838d65 f13=0x18ab7e41 f14=0x401726fe f15=0x56bd6561
BRIDGE-REGS-END t5 f16=0x0b03bda8 f17=0x1727474f f18=0x3695094a f19=0x06064067 f20=0x27489331 f21=0x69f23e34 f22=0x71a8d22c f23=0x06c7f1b7
BRIDGE-REGS-END t5 f24=0x06a3a3b2 f25=0x7044c6ef f26=0x4a748fda f27=0x6453ccae f28=0x086dca90 f29=0x64d45037 f30=0x5ff5d4a5 f31=0x26ebf166
BRIDGE-TA0-STATUS t6 seen=0
BRIDGE-REGS-END t6 c3 cwp=0 psr=0x000010c0 wim=0x00000000 tbr=0x00000000 y=0x00000000 pc=0x00000000 npc=0x00000000 fpsr=0x00000000 trap=0x00000000 ticc=0x00 asi=0x0a
BRIDGE-REGS-END t6 g0=0x00000000 g1=0x00453d88 g2=0x488cefe8 g3=0x64bd4d42 g4=0x3f8b0638 g5=0x7cd3da26 g6=0x2891a7b7 g7=0x658e7855
BRIDGE-REGS-END t6 o0=0x151227f6 o1=0x7e67f143 o2=0x7f744d2c o3=0x364460a9 o4=0x1313c32b o5=0x50927dbc o6=0x48328442 o7=0x5a6f5094
BRIDGE-REGS-END t6 l0=0x1ad87e5a l1=0x5e5edae3 l2=0x6e6f8879 l3=0x2f787e6a l4=0x3a7426c2 l5=0x5f482831 l6=0x55be58d9 l7=0x5e057e55
BRIDGE-REGS-END t6 i0=0x1376c762 i1=0x1e4549d6 i2=0x6000e2d6 i3=0x55bfe1fd i4=0x42383768 i5=0x48582087 i6=0x29c95e8b i7=0x4eb3b3d2
BRIDGE-REGS-END t6 asr0=0x00000000 asr1=0x00000000 asr2=0x00000000 asr3=0x00000000 asr4=0x00000000 asr5=0x00000000 asr6=0x00000000 asr7=0x00000000
BRIDGE-REGS-END t6 asr8=0x00000000 asr9=0x00000000 asr10=0x00000000 asr11=0x00000000 asr12=0x00000000 asr13=0x00000000 asr14=0x00000000 asr15=0x00000000
BRIDGE-REGS-END t6 asr16=0x00000000 asr17=0x00000000 asr18=0x00000000 asr19=0x00000000 asr20=0x00000000 asr21=0x00000000 asr22=0x00000000 asr23=0x00000000
BRIDGE-REGS-END t6 asr24=0x00000000 asr25=0x00000000 asr26=0x00000000 asr27=0x00000000 asr28=0x00000005 asr29=0x50520300 asr30=0x00000000 asr31=0x00000000
BRIDGE-REGS-END t6 f0=0x359abfdb f1=0x787c7e76 f2=0x7f8b6605 f3=0x2b1281db f4=0x2fecc4b7 f5=0x3d18e954 f6=0x032ffb4f f7=0x534bfe3a
BRIDGE-REGS-END t6 f8=0x42d4c8d6 f9=0x53988ab0 f10=0x40672824 f11=0x0a4aba00 f12=0x456855da f13=0x7350896e f14=0x6d07551e f15=0x577b64a5
BRIDGE-REGS-END t6 f16=0x2a52a07a f17=0x0cef5302 f18=0x32771d73 f19=0x726b9f7c f20=0x5484ca8f f21=0x7157351d f22=0x0c0ab9bd f23=0x367236f1
BRIDGE-REGS-END t6 f24=0x1e418912 f25=0x13a1cb50 f26=0x1318eff0 f27=0x47984755 f28=0x000d4a58 f29=0x3805771f f30=0x363e4f1e f31=0x35a80a34
BRIDGE-TA0-STATUS t7 seen=0
BRIDGE-REGS-END t7 c3 cwp=0 psr=0x000010c0 wim=0x00000000 tbr=0x00000000 y=0x00000000 pc=0x00000000 npc=0x00000000 fpsr=0x00000000 trap=0x00000000 ticc=0x00 asi=0x0a
BRIDGE-REGS-END t7 g0=0x00000000 g1=0x3be1a1b2 g2=0x6aecada1 g3=0x23099f0e g4=0x7d688363 g5=0x780ab200 g6=0x0a03cc1a g7=0x359f5266
BRIDGE-REGS-END t7 o0=0x721cf6e6 o1=0x1563ad9a o2=0x14f2b48a o3=0x3700dafe o4=0x7483a41c o5=0x6674ce0f o6=0x42da6328 o7=0x2bf7b6bd
BRIDGE-REGS-END t7 l0=0x242a804f l1=0x09a6be24 l2=0x561dbabc l3=0x41225d86 l4=0x3189544e l5=0x441c355c l6=0x666e3b11 l7=0x31035eb3
BRIDGE-REGS-END t7 i0=0x529bf64f i1=0x65d42afe i2=0x24ae903a i3=0x32a392c8 i4=0x6c8196ee i5=0x21e326ae i6=0x19e54aa9 i7=0x62c7d160
BRIDGE-REGS-END t7 asr0=0x00000000 asr1=0x00000000 asr2=0x00000000 asr3=0x00000000 asr4=0x00000000 asr5=0x00000000 asr6=0x00000000 asr7=0x00000000
BRIDGE-REGS-END t7 asr8=0x00000000 asr9=0x00000000 asr10=0x00000000 asr11=0x00000000 asr12=0x00000000 asr13=0x00000000 asr14=0x00000000 asr15=0x00000000
BRIDGE-REGS-END t7 asr16=0x00000000 asr17=0x00000000 asr18=0x00000000 asr19=0x00000000 asr20=0x00000000 asr21=0x00000000 asr22=0x00000000 asr23=0x00000000
BRIDGE-REGS-END t7 asr24=0x00000000 asr25=0x00000000 asr26=0x00000000 asr27=0x00000000 asr28=0x00000005 asr29=0x50520301 asr30=0x00000000 asr31=0x00000000
BRIDGE-REGS-END t7 f0=0x7305e21c f1=0x2165c647 f2=0x6e98127f f3=0x7fba5abe f4=0x3e1ce314 f5=0x222920b0 f6=0x4f9e0a60 f7=0x13ffccb3
BRIDGE-REGS-END t7 f8=0x6ac5664c f9=0x429f2616 f10=0x7afdbcce f11=0x1d7533cf f12=0x0b47d943 f13=0x30da180c f14=0x33ef69f2 f15=0x0ec5e214
BRIDGE-REGS-END t7 f16=0x5fd9da04 f17=0x49ce101a f18=0x4c2c495c f19=0x1509cfaa f20=0x586ff60d f21=0x4760103d f22=0x63483662 f23=0x34613752
BRIDGE-REGS-END t7 f24=0x0122e220 f25=0x6d488818 f26=0x42fa8d9d f27=0x69300ba3 f28=0x7af728da f29=0x0f540552 f30=0x153d5592 f31=0x6dfd0af6
BRIDGE-CONTENTION c0 icache-busy=2348 dcache-busy=54 mmu-busy=150 dcache-owner-busy=0
BRIDGE-CONTENTION c1 icache-busy=2824 dcache-busy=353 mmu-busy=648 dcache-owner-busy=0
BRIDGE-CONTENTION c2 icache-busy=0 dcache-busy=0 mmu-busy=0 dcache-owner-busy=0
BRIDGE-CONTENTION c3 icache-busy=0 dcache-busy=0 mmu-busy=0 dcache-owner-busy=0
BRIDGE-CONTENTION-PHASE c0 icache-busy-p0=1176 icache-busy-p1=1172 dcache-busy-p0=27 dcache-busy-p1=27 mmu-busy-p0=75 mmu-busy-p1=75 dcache-owner-busy-p0=0 dcache-owner-busy-p1=0
BRIDGE-CONTENTION-PHASE c1 icache-busy-p0=1410 icache-busy-p1=1414 dcache-busy-p0=174 dcache-busy-p1=179 mmu-busy-p0=324 mmu-busy-p1=324 dcache-owner-busy-p0=0 dcache-owner-busy-p1=0
BRIDGE-CONTENTION-PHASE c2 icache-busy-p0=0 icache-busy-p1=0 dcache-busy-p0=0 dcache-busy-p1=0 mmu-busy-p0=0 mmu-busy-p1=0 dcache-owner-busy-p0=0 dcache-owner-busy-p1=0
BRIDGE-CONTENTION-PHASE c3 icache-busy-p0=0 icache-busy-p1=0 dcache-busy-p0=0 dcache-busy-p1=0 mmu-busy-p0=0 mmu-busy-p1=0 dcache-owner-busy-p0=0 dcache-owner-busy-p1=0
BRIDGE-MMU-SOURCE c0 req-ifetch=18 req-dcache=1050 busy-ifetch=150 busy-dcache=0
BRIDGE-MMU-SOURCE c1 req-ifetch=15 req-dcache=1113 busy-ifetch=648 busy-dcache=0
BRIDGE-MMU-SOURCE c2 req-ifetch=0 req-dcache=0 busy-ifetch=0 busy-dcache=0
BRIDGE-MMU-SOURCE c3 req-ifetch=0 req-dcache=0 busy-ifetch=0 busy-dcache=0
BRIDGE-MMU-SOURCE-PHASE c0 busy-ifetch-p0=75 busy-ifetch-p1=75 busy-dcache-p0=0 busy-dcache-p1=0
BRIDGE-MMU-SOURCE-PHASE c1 busy-ifetch-p0=324 busy-ifetch-p1=324 busy-dcache-p0=0 busy-dcache-p1=0
BRIDGE-MMU-SOURCE-PHASE c2 busy-ifetch-p0=0 busy-ifetch-p1=0 busy-dcache-p0=0 busy-dcache-p1=0
BRIDGE-MMU-SOURCE-PHASE c3 busy-ifetch-p0=0 busy-ifetch-p1=0 busy-dcache-p0=0 busy-dcache-p1=0
BRIDGE-SUMMARY decoded-total=734369 fmt0=363823 fmt1=12 fmt2=244512 fmt3=126048 exec-fail=0 fetch-ok=734349 fetch-trap=0
BRIDGE-SUMMARY mem-class-total=126048
BRIDGE-SUMMARY mem-op3[0x00]=124471
BRIDGE-SUMMARY mem-op3[0x04]=1553
BRIDGE-SUMMARY mem-op3[0x10]=15
BRIDGE-SUMMARY mem-op3[0x14]=10
BRIDGE-BUS-SLOT s0 c0 begin-r=2193 begin-w=780 wait-r=45401 wait-w=25066 end-r=2193 end-w=780
BRIDGE-BUS-SLOT s1 c0 begin-r=59 begin-w=0 wait-r=1490 wait-w=0 end-r=59 end-w=0
BRIDGE-BUS-SLOT s2 c1 begin-r=2678 begin-w=775 wait-r=45195 wait-w=32528 end-r=2678 end-w=775
BRIDGE-BUS-SLOT s3 c1 begin-r=30 begin-w=0 wait-r=855 wait-w=0 end-r=30 end-w=0
BRIDGE-BUS-SLOT s4 c2 begin-r=0 begin-w=0 wait-r=0 wait-w=0 end-r=0 end-w=0
BRIDGE-BUS-SLOT s5 c2 begin-r=0 begin-w=0 wait-r=0 wait-w=0 end-r=0 end-w=0
BRIDGE-BUS-SLOT s6 c3 begin-r=0 begin-w=0 wait-r=0 wait-w=0 end-r=0 end-w=0
BRIDGE-BUS-SLOT s7 c3 begin-r=0 begin-w=0 wait-r=0 wait-w=0 end-r=0 end-w=0
BRIDGE-BUS-CORE c0 begin-r=2252 begin-w=780 wait-r=46891 wait-w=25066 end-r=2252 end-w=780
BRIDGE-BUS-CORE c1 begin-r=2708 begin-w=775 wait-r=46050 wait-w=32528 end-r=2708 end-w=775
BRIDGE-BUS-CORE c2 begin-r=0 begin-w=0 wait-r=0 wait-w=0 end-r=0 end-w=0
BRIDGE-BUS-CORE c3 begin-r=0 begin-w=0 wait-r=0 wait-w=0 end-r=0 end-w=0
=== BRIDGE CACHE SUMMARY END ===
